Relative_time,Resonance_Frequency,Dissipation,target
0.0516,15020885.0,3.284489652088503e-05,0
0.0803,15021192.0,2.759014704890972e-05,0
0.1144,15021130.0,2.198455001142646e-05,0
0.1255,15021130.0,2.194941541052301e-05,0
0.1366,15021130.0,2.194941541052301e-05,0
0.1478,15021130.0,2.198455001142646e-05,0
0.159,15021131.0,2.198455001142646e-05,0
0.17,15021131.0,2.198455001142646e-05,0
0.1811,15021131.0,2.198455001142646e-05,0
0.1922,15021132.0,2.198455001142646e-05,0
0.2034,15021131.0,2.198455001142646e-05,0
0.2146,15021131.0,2.198455001142646e-05,0
0.2257,15021131.0,2.198455001142646e-05,0
0.2367,15021131.0,2.198455001142646e-05,0
0.2479,15021131.0,2.198455001142646e-05,0
0.259,15021131.0,2.198455001142646e-05,0
0.2701,15021131.0,2.198455001142646e-05,0
0.2813,15021131.0,2.194941541052301e-05,0
0.2924,15021130.0,2.194941541052301e-05,0
0.3035,15021130.0,2.198455001142646e-05,0
0.3146,15021131.0,2.198455001142646e-05,0
0.3258,15021131.0,2.194941541052301e-05,0
0.3369,15021130.0,2.194941541052301e-05,0
0.3481,15021131.0,2.198455001142646e-05,0
0.3592,15021131.0,2.194941541052301e-05,0
0.3702,15021132.0,2.194941541052301e-05,0
0.3814,15021130.0,2.198455001142646e-05,0
0.3926,15021130.0,2.198455001142646e-05,0
0.4037,15021130.0,2.194941541052301e-05,0
0.4148,15021130.0,2.194941541052301e-05,0
0.4259,15021131.0,2.198455001142646e-05,0
0.437,15021130.0,2.194941541052301e-05,0
0.4592,15021131.0,2.194941541052301e-05,0
0.4703,15021131.0,2.198455001142646e-05,0
0.4814,15021131.0,2.194941541052301e-05,0
0.4925,15021130.0,2.194941541052301e-05,0
0.5037,15021130.0,2.198455001142646e-05,0
0.5149,15021131.0,2.194941541052301e-05,0
0.526,15021131.0,2.194941541052301e-05,0
0.5371,15021131.0,2.198455001142646e-05,0
0.5483,15021131.0,2.194941541052301e-05,0
0.5594,15021131.0,2.19143369599697e-05,0
0.5704,15021132.0,2.194941541052301e-05,0
0.5815,15021132.0,2.194941541052301e-05,0
0.6038,15021131.0,2.194941541052301e-05,0
0.6148,15021131.0,2.194941541052301e-05,0
0.626,15021131.0,2.198455001142646e-05,0
0.6371,15021131.0,2.194941541052301e-05,0
0.6482,15021131.0,2.194941541052301e-05,0
0.6592,15021131.0,2.198455001142646e-05,0
0.6703,15021132.0,2.194941541052301e-05,0
0.6815,15021132.0,2.19143369599697e-05,0
0.6926,15021131.0,2.194941541052301e-05,0
0.7038,15021131.0,2.194941541052301e-05,0
0.7149,15021131.0,2.194941541052301e-05,0
0.7259,15021131.0,2.198455001142646e-05,0
0.737,15021131.0,2.194941541052301e-05,0
0.7593,15021131.0,2.194941541052301e-05,0
0.7704,15021131.0,2.194941541052301e-05,0
0.7816,15021131.0,2.194941541052301e-05,0
0.7927,15021131.0,2.194941541052301e-05,0
0.8038,15021131.0,2.19143369599697e-05,0
0.815,15021132.0,2.19143369599697e-05,0
0.8261,15021131.0,2.19143369599697e-05,0
0.8372,15021131.0,2.19143369599697e-05,0
0.8483,15021131.0,2.19143369599697e-05,0
0.8593,15021131.0,2.19143369599697e-05,0
0.8704,15021131.0,2.19143369599697e-05,0
0.8816,15021131.0,2.19143369599697e-05,0
0.9038,15021131.0,2.19143369599697e-05,0
0.9149,15021131.0,2.19143369599697e-05,0
0.9259,15021131.0,2.19143369599697e-05,0
0.9371,15021131.0,2.19143369599697e-05,0
0.9481,15021132.0,2.194941541052301e-05,0
0.9592,15021132.0,2.194941541052301e-05,0
0.9704,15021132.0,2.19143369599697e-05,0
0.9815,15021132.0,2.19143369599697e-05,0
0.9927,15021132.0,2.19143369599697e-05,0
1.0038,15021131.0,2.194941541052301e-05,0
1.0148,15021131.0,2.198455001142646e-05,0
1.026,15021132.0,2.194941541052301e-05,0
1.0371,15021131.0,2.19143369599697e-05,0
1.0594,15021132.0,2.19143369599697e-05,0
1.0704,15021131.0,2.194941541052301e-05,0
1.0816,15021132.0,2.198455001142646e-05,0
1.0927,15021132.0,2.194941541052301e-05,0
1.1037,15021132.0,2.19143369599697e-05,0
1.1149,15021132.0,2.19143369599697e-05,0
1.1259,15021131.0,2.19143369599697e-05,0
1.137,15021131.0,2.19143369599697e-05,0
1.1481,15021132.0,2.19143369599697e-05,0
1.1593,15021132.0,2.19143369599697e-05,0
1.1703,15021132.0,2.194941541052301e-05,0
1.1815,15021132.0,2.194941541052301e-05,0
1.2038,15021132.0,2.19143369599697e-05,0
1.2149,15021132.0,2.19143369599697e-05,0
1.226,15021132.0,2.19143369599697e-05,0
1.237,15021132.0,2.19143369599697e-05,0
1.2481,15021132.0,2.19143369599697e-05,0
1.2592,15021132.0,2.194941541052301e-05,0
1.2703,15021131.0,2.194941541052301e-05,0
1.2813,15021131.0,2.19143369599697e-05,0
1.2925,15021132.0,2.19143369599697e-05,0
1.3036,15021132.0,2.19143369599697e-05,0
1.3147,15021131.0,2.194941541052301e-05,0
1.3258,15021131.0,2.194941541052301e-05,0
1.348,15021132.0,2.19143369599697e-05,0
1.3591,15021131.0,2.19143369599697e-05,0
1.3703,15021131.0,2.19143369599697e-05,0
1.3814,15021132.0,2.19143369599697e-05,0
1.3925,15021132.0,2.19143369599697e-05,0
1.4036,15021131.0,2.19143369599697e-05,0
1.4147,15021131.0,2.19143369599697e-05,0
1.4258,15021131.0,2.19143369599697e-05,0
1.437,15021131.0,2.19143369599697e-05,0
1.4481,15021132.0,2.194941541052301e-05,0
1.4592,15021131.0,2.194941541052301e-05,0
1.4704,15021131.0,2.19143369599697e-05,0
1.4815,15021131.0,2.194941541052301e-05,0
1.5036,15021132.0,2.19143369599697e-05,0
1.5147,15021132.0,2.19143369599697e-05,0
1.5257,15021132.0,2.194941541052301e-05,0
1.5369,15021132.0,2.194941541052301e-05,0
1.5481,15021132.0,2.194941541052301e-05,0
1.5592,15021132.0,2.198455001142646e-05,0
1.5703,15021131.0,2.194941541052301e-05,0
1.5814,15021131.0,2.19143369599697e-05,0
1.5925,15021132.0,2.194941541052301e-05,0
1.6036,15021132.0,2.194941541052301e-05,0
1.6147,15021132.0,2.194941541052301e-05,0
1.6258,15021132.0,2.194941541052301e-05,0
1.648,15021132.0,2.19143369599697e-05,0
1.6592,15021132.0,2.194941541052301e-05,0
1.6703,15021132.0,2.194941541052301e-05,0
1.6815,15021132.0,2.19143369599697e-05,0
1.6925,15021132.0,2.19143369599697e-05,0
1.7037,15021133.0,2.19143369599697e-05,0
1.7147,15021132.0,2.19143369599697e-05,0
1.7258,15021132.0,2.19143369599697e-05,0
1.7369,15021132.0,2.19143369599697e-05,0
1.7481,15021132.0,2.19143369599697e-05,0
1.7591,15021132.0,2.19143369599697e-05,0
1.7702,15021131.0,2.19143369599697e-05,0
1.7926,15021132.0,2.19143369599697e-05,0
1.8037,15021132.0,2.19143369599697e-05,0
1.8147,15021132.0,2.19143369599697e-05,0
1.8258,15021132.0,2.19143369599697e-05,0
1.837,15021132.0,2.194941541052301e-05,0
1.848,15021132.0,2.194941541052301e-05,0
1.8592,15021132.0,2.19143369599697e-05,0
1.8704,15021132.0,2.19143369599697e-05,0
1.8814,15021132.0,2.19143369599697e-05,0
1.8925,15021132.0,2.19143369599697e-05,0
1.9036,15021132.0,2.19143369599697e-05,0
1.9147,15021132.0,2.19143369599697e-05,0
1.9257,15021131.0,2.19143369599697e-05,0
1.9481,15021132.0,2.194941541052301e-05,0
1.9591,15021132.0,2.194941541052301e-05,0
1.9702,15021132.0,2.194941541052301e-05,0
1.9814,15021132.0,2.194941541052301e-05,0
1.9925,15021132.0,2.194941541052301e-05,0
2.0036,15021133.0,2.194941541052301e-05,0
2.0148,15021133.0,2.194941541052301e-05,0
2.0259,15021132.0,2.194941541052301e-05,0
2.037,15021132.0,2.19143369599697e-05,0
2.0482,15021133.0,2.19143369599697e-05,0
2.0593,15021133.0,2.19143369599697e-05,0
2.0704,15021132.0,2.19143369599697e-05,0
2.0927,15021133.0,2.194941541052301e-05,0
2.1037,15021133.0,2.19143369599697e-05,0
2.1148,15021133.0,2.19143369599697e-05,0
2.1259,15021133.0,2.19143369599697e-05,0
2.137,15021133.0,2.19143369599697e-05,0
2.1481,15021132.0,2.19143369599697e-05,0
2.1592,15021133.0,2.19143369599697e-05,0
2.1703,15021133.0,2.19143369599697e-05,0
2.1814,15021133.0,2.19143369599697e-05,0
2.1926,15021133.0,2.19143369599697e-05,0
2.2037,15021132.0,2.19143369599697e-05,0
2.2148,15021132.0,2.19143369599697e-05,0
2.2258,15021133.0,2.19143369599697e-05,0
2.2481,15021133.0,2.187931457002984e-05,0
2.2591,15021133.0,2.187931457002984e-05,0
2.2702,15021133.0,2.19143369599697e-05,0
2.2813,15021133.0,2.19143369599697e-05,0
2.2924,15021132.0,2.19143369599697e-05,0
2.3035,15021132.0,2.19143369599697e-05,0
2.3147,15021132.0,2.19143369599697e-05,0
2.3259,15021132.0,2.19143369599697e-05,0
2.337,15021132.0,2.19143369599697e-05,0
2.3481,15021133.0,2.194941541052301e-05,0
2.3591,15021132.0,2.194941541052301e-05,0
2.3702,15021132.0,2.19143369599697e-05,0
2.3924,15021133.0,2.19143369599697e-05,0
2.4035,15021133.0,2.19143369599697e-05,0
2.4146,15021133.0,2.19143369599697e-05,0
2.4257,15021133.0,2.19143369599697e-05,0
2.4368,15021133.0,2.194941541052301e-05,0
2.448,15021133.0,2.194941541052301e-05,0
2.4591,15021133.0,2.19143369599697e-05,0
2.4701,15021132.0,2.19143369599697e-05,0
2.4813,15021132.0,2.19143369599697e-05,0
2.4925,15021133.0,2.19143369599697e-05,0
2.5035,15021133.0,2.194941541052301e-05,0
2.5147,15021132.0,2.194941541052301e-05,0
2.5369,15021133.0,2.194941541052301e-05,0
2.548,15021133.0,2.19143369599697e-05,0
2.5591,15021133.0,2.19143369599697e-05,0
2.5702,15021133.0,2.19143369599697e-05,0
2.5812,15021133.0,2.19143369599697e-05,0
2.5924,15021133.0,2.194941541052301e-05,0
2.6035,15021133.0,2.19143369599697e-05,0
2.6146,15021133.0,2.187931457002984e-05,0
2.6258,15021133.0,2.19143369599697e-05,0
2.6368,15021133.0,2.194941541052301e-05,0
2.648,15021133.0,2.194941541052301e-05,0
2.6591,15021133.0,2.19143369599697e-05,0
2.6702,15021132.0,2.19143369599697e-05,0
2.6924,15021132.0,2.194941541052301e-05,0
2.7036,15021133.0,2.19143369599697e-05,0
2.7146,15021133.0,2.19143369599697e-05,0
2.7257,15021133.0,2.19143369599697e-05,0
2.7369,15021132.0,2.19143369599697e-05,0
2.7479,15021132.0,2.19143369599697e-05,0
2.759,15021133.0,2.19143369599697e-05,0
2.7701,15021133.0,2.19143369599697e-05,0
2.7812,15021132.0,2.19143369599697e-05,0
2.7923,15021133.0,2.19143369599697e-05,0
2.8034,15021133.0,2.19143369599697e-05,0
2.8146,15021132.0,2.19143369599697e-05,0
2.8368,15021133.0,2.19143369599697e-05,0
2.8479,15021132.0,2.19143369599697e-05,0
2.859,15021132.0,2.19143369599697e-05,0
2.8701,15021132.0,2.19143369599697e-05,0
2.8812,15021133.0,2.19143369599697e-05,0
2.8923,15021133.0,2.19143369599697e-05,0
2.9034,15021133.0,2.187931457002984e-05,0
2.9145,15021132.0,2.187931457002984e-05,0
2.9255,15021133.0,2.19143369599697e-05,0
2.9367,15021133.0,2.19143369599697e-05,0
2.9478,15021134.0,2.194941541052301e-05,0
2.9589,15021133.0,2.194941541052301e-05,0
2.981,15021133.0,2.19143369599697e-05,0
2.9921,15021133.0,2.194941541052301e-05,0
3.0033,15021133.0,2.194941541052301e-05,0
3.0144,15021133.0,2.19143369599697e-05,0
3.0256,15021133.0,2.19143369599697e-05,0
3.0368,15021133.0,2.19143369599697e-05,0
3.0479,15021134.0,2.187931457002984e-05,0
3.0589,15021134.0,2.187931457002984e-05,0
3.0699,15021134.0,2.19143369599697e-05,0
3.0811,15021134.0,2.194941541052301e-05,0
3.0922,15021134.0,2.194941541052301e-05,0
3.1033,15021134.0,2.19143369599697e-05,0
3.1144,15021134.0,2.19143369599697e-05,0
3.1365,15021134.0,2.194941541052301e-05,0
3.1476,15021134.0,2.19143369599697e-05,0
3.1588,15021134.0,2.19143369599697e-05,0
3.1698,15021134.0,2.194941541052301e-05,0
3.181,15021134.0,2.19143369599697e-05,0
3.1922,15021134.0,2.187931457002984e-05,0
3.2032,15021134.0,2.19143369599697e-05,0
3.2143,15021134.0,2.19143369599697e-05,0
3.2254,15021133.0,2.19143369599697e-05,0
3.2365,15021133.0,2.19143369599697e-05,0
3.2476,15021133.0,2.19143369599697e-05,0
3.2587,15021133.0,2.19143369599697e-05,0
3.2809,15021134.0,2.187931457002984e-05,0
3.292,15021133.0,2.19143369599697e-05,0
3.3031,15021133.0,2.19143369599697e-05,0
3.3142,15021134.0,2.19143369599697e-05,0
3.3253,15021134.0,2.19143369599697e-05,0
3.3364,15021133.0,2.19143369599697e-05,0
3.3474,15021133.0,2.19143369599697e-05,0
3.3586,15021133.0,2.19143369599697e-05,0
3.3697,15021133.0,2.19143369599697e-05,0
3.3808,15021134.0,2.187931457002984e-05,0
3.392,15021134.0,2.187931457002984e-05,0
3.4031,15021134.0,2.187931457002984e-05,0
3.4253,15021133.0,2.19143369599697e-05,0
3.4365,15021134.0,2.19143369599697e-05,0
3.4475,15021134.0,2.187931457002984e-05,0
3.4585,15021134.0,2.187931457002984e-05,0
3.4696,15021133.0,2.19143369599697e-05,0
3.4807,15021133.0,2.19143369599697e-05,0
3.4919,15021134.0,2.19143369599697e-05,0
3.5031,15021133.0,2.19143369599697e-05,0
3.5142,15021133.0,2.19143369599697e-05,0
3.5252,15021133.0,2.194941541052301e-05,0
3.5364,15021134.0,2.194941541052301e-05,0
3.5475,15021133.0,2.194941541052301e-05,0
3.5697,15021133.0,2.194941541052301e-05,0
3.5808,15021134.0,2.194941541052301e-05,0
3.592,15021134.0,2.19143369599697e-05,0
3.603,15021133.0,2.19143369599697e-05,0
3.614,15021133.0,2.194941541052301e-05,0
3.6252,15021134.0,2.19143369599697e-05,0
3.6363,15021134.0,2.187931457002984e-05,0
3.6473,15021133.0,2.187931457002984e-05,0
3.6584,15021133.0,2.187931457002984e-05,0
3.6695,15021134.0,2.187931457002984e-05,0
3.6806,15021134.0,2.187931457002984e-05,0
3.6916,15021133.0,2.19143369599697e-05,0
3.7028,15021133.0,2.19143369599697e-05,0
3.7251,15021134.0,2.187931457002984e-05,0
3.7362,15021134.0,2.187931457002984e-05,0
3.7472,15021134.0,2.187931457002984e-05,0
3.7584,15021134.0,2.19143369599697e-05,0
3.7695,15021134.0,2.194941541052301e-05,0
3.7805,15021134.0,2.194941541052301e-05,0
3.7916,15021133.0,2.19143369599697e-05,0
3.8027,15021133.0,2.19143369599697e-05,0
3.8139,15021132.0,2.19143369599697e-05,0
3.8249,15021132.0,2.19143369599697e-05,0
3.836,15021133.0,2.19143369599697e-05,0
3.8471,15021134.0,2.187931457002984e-05,0
3.8693,15021133.0,2.187931457002984e-05,0
3.8804,15021134.0,2.187931457002984e-05,0
3.8916,15021133.0,2.19143369599697e-05,0
3.9026,15021133.0,2.19143369599697e-05,0
3.9137,15021134.0,2.187931457002984e-05,0
3.9248,15021134.0,2.187931457002984e-05,0
3.9359,15021134.0,2.19143369599697e-05,0
3.9471,15021134.0,2.19143369599697e-05,0
3.9581,15021134.0,2.187931457002984e-05,0
3.9691,15021134.0,2.187931457002984e-05,0
3.9802,15021134.0,2.187931457002984e-05,0
3.9913,15021134.0,2.187931457002984e-05,0
4.0134,15021135.0,2.194941541052301e-05,0
4.0245,15021134.0,2.194941541052301e-05,0
4.0357,15021134.0,2.19143369599697e-05,0
4.0469,15021134.0,2.19143369599697e-05,0
4.058,15021134.0,2.19143369599697e-05,0
4.0691,15021134.0,2.19143369599697e-05,0
4.0802,15021134.0,2.194941541052301e-05,0
4.0912,15021135.0,2.19143369599697e-05,0
4.1024,15021135.0,2.187931457002984e-05,0
4.1136,15021135.0,2.19143369599697e-05,0
4.1247,15021135.0,2.19143369599697e-05,0
4.1358,15021134.0,2.19143369599697e-05,0
4.1579,15021134.0,2.194941541052301e-05,0
4.169,15021135.0,2.19143369599697e-05,0
4.1801,15021135.0,2.19143369599697e-05,0
4.1911,15021135.0,2.19143369599697e-05,0
4.2022,15021135.0,2.187931457002984e-05,0
4.2134,15021135.0,2.187931457002984e-05,0
4.2246,15021135.0,2.19143369599697e-05,0
4.2357,15021135.0,2.19143369599697e-05,0
4.2468,15021135.0,2.187931457002984e-05,0
4.2578,15021135.0,2.19143369599697e-05,0
4.2689,15021135.0,2.194941541052301e-05,0
4.28,15021135.0,2.19143369599697e-05,0
4.2912,15021134.0,2.19143369599697e-05,0
4.3134,15021134.0,2.19143369599697e-05,0
4.3245,15021134.0,2.19143369599697e-05,0
4.3355,15021135.0,2.19143369599697e-05,0
4.3467,15021135.0,2.19143369599697e-05,0
4.3577,15021134.0,2.19143369599697e-05,0
4.3689,15021134.0,2.19143369599697e-05,0
4.38,15021135.0,2.187931457002984e-05,0
4.3911,15021135.0,2.187931457002984e-05,0
4.4022,15021135.0,2.19143369599697e-05,0
4.4133,15021135.0,2.19143369599697e-05,0
4.4245,15021135.0,2.19143369599697e-05,0
4.4356,15021135.0,2.194941541052301e-05,0
4.4578,15021134.0,2.19143369599697e-05,0
4.4688,15021134.0,2.187931457002984e-05,0
4.4799,15021135.0,2.187931457002984e-05,0
4.491,15021135.0,2.19143369599697e-05,0
4.5021,15021135.0,2.19143369599697e-05,0
4.5132,15021135.0,2.187931457002984e-05,0
4.5243,15021135.0,2.187931457002984e-05,0
4.5354,15021135.0,2.187931457002984e-05,0
4.5465,15021135.0,2.19143369599697e-05,0
4.5575,15021134.0,2.194941541052301e-05,0
4.5687,15021134.0,2.19143369599697e-05,0
4.5799,15021135.0,2.19143369599697e-05,0
4.6021,15021135.0,2.187931457002984e-05,0
4.6132,15021135.0,2.187931457002984e-05,0
4.6242,15021135.0,2.187931457002984e-05,0
4.6353,15021135.0,2.187931457002984e-05,0
4.6464,15021135.0,2.187931457002984e-05,0
4.6575,15021135.0,2.187931457002984e-05,0
4.6686,15021135.0,2.19143369599697e-05,0
4.6797,15021135.0,2.19143369599697e-05,0
4.6909,15021135.0,2.19143369599697e-05,0
4.702,15021135.0,2.194941541052301e-05,0
4.7131,15021135.0,2.19143369599697e-05,0
4.7241,15021135.0,2.187931457002984e-05,0
4.7463,15021135.0,2.19143369599697e-05,0
4.7574,15021135.0,2.19143369599697e-05,0
4.7684,15021135.0,2.19143369599697e-05,0
4.7795,15021135.0,2.19143369599697e-05,0
4.7906,15021135.0,2.19143369599697e-05,0
4.8017,15021135.0,2.187931457002984e-05,0
4.8128,15021135.0,2.187931457002984e-05,0
4.8239,15021134.0,2.19143369599697e-05,0
4.8351,15021134.0,2.19143369599697e-05,0
4.8462,15021135.0,2.187931457002984e-05,0
4.8572,15021135.0,2.187931457002984e-05,0
4.8683,15021135.0,2.19143369599697e-05,0
4.8905,15021135.0,2.19143369599697e-05,0
4.9016,15021135.0,2.187931457002984e-05,0
4.9127,15021134.0,2.19143369599697e-05,0
4.9239,15021134.0,2.19143369599697e-05,0
4.935,15021134.0,2.187931457002984e-05,0
4.9462,15021135.0,2.187931457002984e-05,0
4.9572,15021135.0,2.19143369599697e-05,0
4.9683,15021134.0,2.19143369599697e-05,0
4.9794,15021134.0,2.19143369599697e-05,0
4.9906,15021134.0,2.19143369599697e-05,0
5.0018,15021135.0,2.187931457002984e-05,0
5.0128,15021135.0,2.187931457002984e-05,0
5.0239,15021135.0,2.187931457002984e-05,0
5.0461,15021135.0,2.187931457002984e-05,0
5.0571,15021135.0,2.187931457002984e-05,0
5.0682,15021135.0,2.187931457002984e-05,0
5.0793,15021135.0,2.187931457002984e-05,0
5.0904,15021136.0,2.187931457002984e-05,0
5.1014,15021136.0,2.19143369599697e-05,0
5.1125,15021136.0,2.19143369599697e-05,0
5.1237,15021136.0,2.187931457002984e-05,0
5.1348,15021136.0,2.187931457002984e-05,0
5.1458,15021136.0,2.19143369599697e-05,0
5.1569,15021135.0,2.194941541052301e-05,0
5.1681,15021135.0,2.19143369599697e-05,0
5.1903,15021136.0,2.187931457002984e-05,0
5.2014,15021136.0,2.187931457002984e-05,0
5.2125,15021136.0,2.187931457002984e-05,0
5.2236,15021136.0,2.19143369599697e-05,0
5.2347,15021136.0,2.19143369599697e-05,0
5.2459,15021136.0,2.187931457002984e-05,0
5.2569,15021136.0,2.187931457002984e-05,0
5.2681,15021136.0,2.19143369599697e-05,0
5.2791,15021136.0,2.19143369599697e-05,0
5.2902,15021136.0,2.187931457002984e-05,0
5.3013,15021136.0,2.187931457002984e-05,0
5.3124,15021135.0,2.19143369599697e-05,0
5.3345,15021136.0,2.187931457002984e-05,0
5.3456,15021136.0,2.19143369599697e-05,0
5.3567,15021136.0,2.19143369599697e-05,0
5.3679,15021136.0,2.187931457002984e-05,0
5.3789,15021136.0,2.19143369599697e-05,0
5.3901,15021136.0,2.19143369599697e-05,0
5.4013,15021137.0,2.187931457002984e-05,0
5.4123,15021137.0,2.187931457002984e-05,0
5.4234,15021135.0,2.187931457002984e-05,0
5.4345,15021135.0,2.187931457002984e-05,0
5.4455,15021136.0,2.187931457002984e-05,0
5.4567,15021136.0,2.184434815111023e-05,0
5.4788,15021136.0,2.187931457002984e-05,0
5.4899,15021136.0,2.187931457002984e-05,0
5.501,15021136.0,2.187931457002984e-05,0
5.5121,15021136.0,2.187931457002984e-05,0
5.5232,15021136.0,2.19143369599697e-05,0
5.5343,15021136.0,2.19143369599697e-05,0
5.5454,15021136.0,2.187931457002984e-05,0
5.5565,15021136.0,2.187931457002984e-05,0
5.5676,15021136.0,2.19143369599697e-05,0
5.5787,15021136.0,2.194941541052301e-05,0
5.5898,15021136.0,2.19143369599697e-05,0
5.6009,15021136.0,2.187931457002984e-05,0
5.612,15021136.0,2.187931457002984e-05,0
5.6343,15021138.0,2.187931457002984e-05,0
5.6453,15021136.0,2.187931457002984e-05,0
5.6564,15021136.0,2.187931457002984e-05,0
5.6674,15021136.0,2.187931457002984e-05,0
5.6785,15021136.0,2.19143369599697e-05,0
5.6896,15021136.0,2.194941541052301e-05,0
5.7007,15021136.0,2.19143369599697e-05,0
5.7117,15021136.0,2.19143369599697e-05,0
5.7229,15021136.0,2.194941541052301e-05,0
5.734,15021136.0,2.194941541052301e-05,0
5.7451,15021136.0,2.19143369599697e-05,0
5.7562,15021136.0,2.19143369599697e-05,0
5.7784,15021137.0,2.187931457002984e-05,0
5.7895,15021137.0,2.19143369599697e-05,0
5.8007,15021137.0,2.194941541052301e-05,0
5.8118,15021137.0,2.19143369599697e-05,0
5.8228,15021137.0,2.187931457002984e-05,0
5.8338,15021138.0,2.187931457002984e-05,0
5.8448,15021137.0,2.19143369599697e-05,0
5.8559,15021136.0,2.19143369599697e-05,0
5.867,15021137.0,2.19143369599697e-05,0
5.8781,15021137.0,2.194941541052301e-05,0
5.8893,15021137.0,2.19143369599697e-05,0
5.9003,15021137.0,2.187931457002984e-05,0
5.9225,15021137.0,2.19143369599697e-05,0
5.9336,15021137.0,2.187931457002984e-05,0
5.9447,15021137.0,2.187931457002984e-05,0
5.9558,15021137.0,2.187931457002984e-05,0
5.967,15021137.0,2.19143369599697e-05,0
5.9781,15021137.0,2.19143369599697e-05,0
5.9892,15021136.0,2.187931457002984e-05,0
6.0003,15021137.0,2.187931457002984e-05,0
6.0114,15021137.0,2.19143369599697e-05,0
6.0224,15021136.0,2.194941541052301e-05,0
6.0336,15021136.0,2.19143369599697e-05,0
6.0447,15021136.0,2.187931457002984e-05,0
6.0669,15021136.0,2.19143369599697e-05,0
6.0781,15021136.0,2.187931457002984e-05,0
6.0892,15021137.0,2.187931457002984e-05,0
6.1002,15021137.0,2.187931457002984e-05,0
6.1113,15021137.0,2.187931457002984e-05,0
6.1224,15021136.0,2.187931457002984e-05,0
6.1335,15021136.0,2.187931457002984e-05,0
6.1445,15021137.0,2.187931457002984e-05,0
6.1556,15021137.0,2.187931457002984e-05,0
6.1668,15021137.0,2.187931457002984e-05,0
6.1778,15021137.0,2.187931457002984e-05,0
6.1888,15021137.0,2.187931457002984e-05,0
6.2111,15021137.0,2.19143369599697e-05,0
6.2222,15021137.0,2.187931457002984e-05,0
6.2333,15021137.0,2.187931457002984e-05,0
6.2445,15021137.0,2.187931457002984e-05,0
6.2555,15021137.0,2.187931457002984e-05,0
6.2665,15021137.0,2.187931457002984e-05,0
6.2777,15021137.0,2.187931457002984e-05,0
6.2887,15021137.0,2.187931457002984e-05,0
6.2998,15021138.0,2.187931457002984e-05,0
6.311,15021137.0,2.187931457002984e-05,0
6.322,15021137.0,2.19143369599697e-05,0
6.3331,15021137.0,2.19143369599697e-05,0
6.3552,15021137.0,2.187931457002984e-05,0
6.3663,15021137.0,2.187931457002984e-05,0
6.3775,15021137.0,2.187931457002984e-05,0
6.3886,15021137.0,2.187931457002984e-05,0
6.3997,15021137.0,2.187931457002984e-05,0
6.4107,15021137.0,2.187931457002984e-05,0
6.4218,15021138.0,2.187931457002984e-05,0
6.4329,15021137.0,2.187931457002984e-05,0
6.444,15021137.0,2.187931457002984e-05,0
6.4551,15021137.0,2.19143369599697e-05,0
6.4661,15021138.0,2.19143369599697e-05,0
6.4772,15021138.0,2.19143369599697e-05,0
6.4994,15021138.0,2.187931457002984e-05,0
6.5105,15021138.0,2.187931457002984e-05,0
6.5216,15021138.0,2.187931457002984e-05,0
6.5327,15021138.0,2.187931457002984e-05,0
6.5438,15021138.0,2.187931457002984e-05,0
6.5549,15021138.0,2.187931457002984e-05,0
6.5659,15021138.0,2.187931457002984e-05,0
6.5771,15021137.0,2.187931457002984e-05,0
6.5882,15021137.0,2.19143369599697e-05,0
6.5993,15021137.0,2.19143369599697e-05,0
6.6103,15021137.0,2.187931457002984e-05,0
6.6214,15021137.0,2.19143369599697e-05,0
6.6436,15021137.0,2.187931457002984e-05,0
6.6547,15021137.0,2.187931457002984e-05,0
6.6658,15021137.0,2.187931457002984e-05,0
6.677,15021137.0,2.187931457002984e-05,0
6.688,15021137.0,2.187931457002984e-05,0
6.6991,15021137.0,2.187931457002984e-05,0
6.7103,15021137.0,2.187931457002984e-05,0
6.7213,15021137.0,2.187931457002984e-05,0
6.7323,15021137.0,2.19143369599697e-05,0
6.7435,15021137.0,2.19143369599697e-05,0
6.7547,15021137.0,2.187931457002984e-05,0
6.7658,15021137.0,2.19143369599697e-05,0
6.7769,15021137.0,2.19143369599697e-05,0
6.799,15021138.0,2.19143369599697e-05,0
6.8102,15021138.0,2.187931457002984e-05,0
6.8212,15021138.0,2.187931457002984e-05,0
6.8323,15021138.0,2.19143369599697e-05,0
6.8434,15021137.0,2.194941541052301e-05,0
6.8546,15021137.0,2.19143369599697e-05,0
6.8656,15021138.0,2.187931457002984e-05,0
6.8767,15021138.0,2.187931457002984e-05,0
6.8878,15021137.0,2.187931457002984e-05,0
6.8989,15021138.0,2.187931457002984e-05,0
6.91,15021138.0,2.187931457002984e-05,0
6.921,15021137.0,2.187931457002984e-05,0
6.9432,15021138.0,2.187931457002984e-05,0
6.9543,15021138.0,2.187931457002984e-05,0
6.9654,15021138.0,2.19143369599697e-05,0
6.9766,15021138.0,2.194941541052301e-05,0
6.9876,15021138.0,2.19143369599697e-05,0
6.9986,15021138.0,2.187931457002984e-05,0
7.0096,15021138.0,2.19143369599697e-05,0
7.0207,15021138.0,2.19143369599697e-05,0
7.0319,15021138.0,2.187931457002984e-05,0
7.043,15021138.0,2.19143369599697e-05,0
7.0541,15021138.0,2.194941541052301e-05,0
7.0651,15021138.0,2.19143369599697e-05,0
7.0873,15021137.0,2.19143369599697e-05,0
7.0984,15021138.0,2.194941541052301e-05,0
7.1095,15021138.0,2.19143369599697e-05,0
7.1207,15021138.0,2.187931457002984e-05,0
7.1318,15021138.0,2.187931457002984e-05,0
7.1429,15021138.0,2.187931457002984e-05,0
7.154,15021137.0,2.187931457002984e-05,0
7.165,15021138.0,2.187931457002984e-05,0
7.1761,15021138.0,2.187931457002984e-05,0
7.1872,15021138.0,2.187931457002984e-05,0
7.1983,15021138.0,2.187931457002984e-05,0
7.2094,15021138.0,2.187931457002984e-05,0
7.2316,15021137.0,2.19143369599697e-05,0
7.2427,15021137.0,2.19143369599697e-05,0
7.2538,15021138.0,2.19143369599697e-05,0
7.2649,15021138.0,2.19143369599697e-05,0
7.276,15021137.0,2.187931457002984e-05,0
7.2871,15021138.0,2.187931457002984e-05,0
7.2983,15021138.0,2.187931457002984e-05,0
7.3094,15021137.0,2.187931457002984e-05,0
7.3204,15021137.0,2.187931457002984e-05,0
7.3315,15021138.0,2.187931457002984e-05,0
7.3426,15021138.0,2.187931457002984e-05,0
7.3536,15021137.0,2.187931457002984e-05,0
7.3759,15021138.0,2.187931457002984e-05,0
7.387,15021138.0,2.187931457002984e-05,0
7.3981,15021138.0,2.187931457002984e-05,0
7.4092,15021138.0,2.19143369599697e-05,0
7.4203,15021138.0,2.19143369599697e-05,0
7.4313,15021138.0,2.19143369599697e-05,0
7.4423,15021138.0,2.19143369599697e-05,0
7.4535,15021138.0,2.187931457002984e-05,0
7.4647,15021138.0,2.187931457002984e-05,0
7.4757,15021138.0,2.19143369599697e-05,0
7.4868,15021137.0,2.19143369599697e-05,0
7.4979,15021137.0,2.19143369599697e-05,0
7.52,15021138.0,2.19143369599697e-05,0
7.5312,15021138.0,2.19143369599697e-05,0
7.5423,15021138.0,2.187931457002984e-05,0
7.5533,15021138.0,2.187931457002984e-05,0
7.5645,15021138.0,2.19143369599697e-05,0
7.5755,15021138.0,2.19143369599697e-05,0
7.5866,15021138.0,2.187931457002984e-05,0
7.5977,15021138.0,2.187931457002984e-05,0
7.6087,15021138.0,2.19143369599697e-05,0
7.6199,15021138.0,2.19143369599697e-05,0
7.631,15021139.0,2.19143369599697e-05,0
7.642,15021138.0,2.19143369599697e-05,0
7.6642,15021138.0,2.19143369599697e-05,0
7.6753,15021138.0,2.187931457002984e-05,0
7.6864,15021137.0,2.19143369599697e-05,0
7.6976,15021138.0,2.194941541052301e-05,0
7.7087,15021138.0,2.19143369599697e-05,0
7.7197,15021138.0,2.19143369599697e-05,0
7.7309,15021138.0,2.19143369599697e-05,0
7.7419,15021138.0,2.187931457002984e-05,0
7.7529,15021138.0,2.187931457002984e-05,0
7.764,15021138.0,2.187931457002984e-05,0
7.7751,15021138.0,2.187931457002984e-05,0
7.7862,15021138.0,2.19143369599697e-05,0
7.8084,15021138.0,2.19143369599697e-05,0
7.8194,15021138.0,2.19143369599697e-05,0
7.8306,15021138.0,2.187931457002984e-05,0
7.8416,15021137.0,2.187931457002984e-05,0
7.8528,15021137.0,2.187931457002984e-05,0
7.8639,15021138.0,2.187931457002984e-05,0
7.875,15021138.0,2.187931457002984e-05,0
7.8861,15021137.0,2.19143369599697e-05,0
7.8971,15021137.0,2.19143369599697e-05,0
7.9082,15021137.0,2.187931457002984e-05,0
7.9193,15021138.0,2.187931457002984e-05,0
7.9305,15021138.0,2.187931457002984e-05,0
7.9417,15021137.0,2.187931457002984e-05,0
7.9637,15021138.0,2.19143369599697e-05,0
7.9748,15021137.0,2.19143369599697e-05,0
7.9859,15021137.0,2.187931457002984e-05,0
7.997,15021137.0,2.187931457002984e-05,0
8.008,15021137.0,2.187931457002984e-05,0
8.0191,15021137.0,2.187931457002984e-05,0
8.0303,15021138.0,2.187931457002984e-05,0
8.0414,15021137.0,2.187931457002984e-05,0
8.0525,15021137.0,2.187931457002984e-05,0
8.0635,15021137.0,2.187931457002984e-05,0
8.0746,15021137.0,2.187931457002984e-05,0
8.0858,15021137.0,2.187931457002984e-05,0
8.1079,15021137.0,2.187931457002984e-05,0
8.119,15021138.0,2.19143369599697e-05,0
8.13,15021137.0,2.19143369599697e-05,0
8.1411,15021137.0,2.19143369599697e-05,0
8.1522,15021137.0,2.19143369599697e-05,0
8.1634,15021137.0,2.187931457002984e-05,0
8.1744,15021138.0,2.187931457002984e-05,0
8.1855,15021138.0,2.187931457002984e-05,0
8.1965,15021138.0,2.187931457002984e-05,0
8.2077,15021138.0,2.187931457002984e-05,0
8.2188,15021138.0,2.187931457002984e-05,0
8.2299,15021138.0,2.187931457002984e-05,0
8.2521,15021138.0,2.19143369599697e-05,0
8.2631,15021138.0,2.19143369599697e-05,0
8.2742,15021137.0,2.19143369599697e-05,0
8.2853,15021138.0,2.19143369599697e-05,0
8.2964,15021138.0,2.19143369599697e-05,0
8.3074,15021138.0,2.19143369599697e-05,0
8.3185,15021138.0,2.187931457002984e-05,0
8.3296,15021137.0,2.19143369599697e-05,0
8.3408,15021137.0,2.19143369599697e-05,0
8.3519,15021138.0,2.187931457002984e-05,0
8.363,15021138.0,2.187931457002984e-05,0
8.374,15021138.0,2.187931457002984e-05,0
8.3961,15021137.0,2.187931457002984e-05,0
8.4072,15021138.0,2.187931457002984e-05,0
8.4183,15021137.0,2.187931457002984e-05,0
8.4294,15021137.0,2.187931457002984e-05,0
8.4404,15021138.0,2.187931457002984e-05,0
8.4516,15021138.0,2.19143369599697e-05,0
8.4627,15021137.0,2.19143369599697e-05,0
8.4738,15021137.0,2.187931457002984e-05,0
8.485,15021138.0,2.187931457002984e-05,0
8.496,15021138.0,2.187931457002984e-05,0
8.5071,15021138.0,2.187931457002984e-05,0
8.5182,15021138.0,2.19143369599697e-05,0
8.5404,15021138.0,2.187931457002984e-05,0
8.5515,15021137.0,2.187931457002984e-05,0
8.5626,15021137.0,2.187931457002984e-05,0
8.5737,15021137.0,2.19143369599697e-05,0
8.5849,15021137.0,2.19143369599697e-05,0
8.5959,15021138.0,2.187931457002984e-05,0
8.6069,15021138.0,2.19143369599697e-05,0
8.618,15021138.0,2.19143369599697e-05,0
8.6291,15021138.0,2.187931457002984e-05,0
8.6402,15021137.0,2.19143369599697e-05,0
8.6514,15021137.0,2.19143369599697e-05,0
8.6625,15021137.0,2.187931457002984e-05,0
8.6848,15021137.0,2.19143369599697e-05,0
8.6959,15021137.0,2.19143369599697e-05,0
8.7069,15021138.0,2.187931457002984e-05,0
8.718,15021138.0,2.187931457002984e-05,0
8.7291,15021138.0,2.187931457002984e-05,0
8.7401,15021138.0,2.187931457002984e-05,0
8.7512,15021138.0,2.187931457002984e-05,0
8.7623,15021138.0,2.187931457002984e-05,0
8.7734,15021138.0,2.187931457002984e-05,0
8.7846,15021138.0,2.187931457002984e-05,0
8.7956,15021138.0,2.187931457002984e-05,0
8.8067,15021138.0,2.187931457002984e-05,0
8.8288,15021138.0,2.194941541052301e-05,0
8.8399,15021138.0,2.19143369599697e-05,0
8.8511,15021138.0,2.19143369599697e-05,0
8.8622,15021138.0,2.19143369599697e-05,0
8.8733,15021138.0,2.187931457002984e-05,0
8.8844,15021138.0,2.187931457002984e-05,0
8.8955,15021139.0,2.19143369599697e-05,0
8.9067,15021139.0,2.194941541052301e-05,0
8.9177,15021138.0,2.19143369599697e-05,0
8.9288,15021139.0,2.187931457002984e-05,0
8.9399,15021139.0,2.19143369599697e-05,0
8.951,15021139.0,2.194941541052301e-05,0
8.9731,15021138.0,2.187931457002984e-05,0
8.9842,15021139.0,2.187931457002984e-05,0
8.9953,15021139.0,2.187931457002984e-05,0
9.0064,15021139.0,2.19143369599697e-05,0
9.0175,15021139.0,2.19143369599697e-05,0
9.0286,15021139.0,2.187931457002984e-05,0
9.0397,15021139.0,2.187931457002984e-05,0
9.0507,15021139.0,2.187931457002984e-05,0
9.0617,15021138.0,2.187931457002984e-05,0
9.0728,15021138.0,2.187931457002984e-05,0
9.0839,15021139.0,2.187931457002984e-05,0
9.095,15021139.0,2.19143369599697e-05,0
9.1172,15021139.0,2.187931457002984e-05,0
9.1284,15021139.0,2.187931457002984e-05,0
9.1395,15021139.0,2.19143369599697e-05,0
9.1506,15021139.0,2.19143369599697e-05,0
9.1616,15021138.0,2.187931457002984e-05,0
9.1727,15021139.0,2.187931457002984e-05,0
9.1838,15021139.0,2.19143369599697e-05,0
9.1949,15021139.0,2.19143369599697e-05,0
9.206,15021139.0,2.19143369599697e-05,0
9.2171,15021139.0,2.19143369599697e-05,0
9.2282,15021139.0,2.187931457002984e-05,0
9.2392,15021139.0,2.187931457002984e-05,0
9.2504,15021138.0,2.187931457002984e-05,0
9.2726,15021139.0,2.19143369599697e-05,0
9.2837,15021139.0,2.19143369599697e-05,0
9.2948,15021139.0,2.19143369599697e-05,0
9.306,15021139.0,2.19143369599697e-05,0
9.317,15021139.0,2.187931457002984e-05,0
9.3281,15021139.0,2.187931457002984e-05,0
9.3392,15021139.0,2.19143369599697e-05,0
9.3503,15021139.0,2.19143369599697e-05,0
9.3613,15021139.0,2.19143369599697e-05,0
9.3724,15021139.0,2.19143369599697e-05,0
9.3835,15021139.0,2.187931457002984e-05,0
9.3946,15021139.0,2.187931457002984e-05,0
9.4167,15021139.0,2.19143369599697e-05,0
9.4278,15021139.0,2.187931457002984e-05,0
9.4389,15021139.0,2.187931457002984e-05,0
9.45,15021139.0,2.187931457002984e-05,0
9.4612,15021139.0,2.187931457002984e-05,0
9.4722,15021139.0,2.187931457002984e-05,0
9.4833,15021139.0,2.187931457002984e-05,0
9.4944,15021139.0,2.187931457002984e-05,0
9.5055,15021139.0,2.187931457002984e-05,0
9.5166,15021139.0,2.187931457002984e-05,0
9.5277,15021139.0,2.187931457002984e-05,0
9.5387,15021139.0,2.187931457002984e-05,0
9.5608,15021140.0,2.187931457002984e-05,0
9.5719,15021139.0,2.187931457002984e-05,0
9.5831,15021139.0,2.19143369599697e-05,0
9.5942,15021140.0,2.19143369599697e-05,0
9.6052,15021140.0,2.19143369599697e-05,0
9.6164,15021140.0,2.19143369599697e-05,0
9.6274,15021139.0,2.187931457002984e-05,0
9.6384,15021139.0,2.187931457002984e-05,0
9.6496,15021139.0,2.187931457002984e-05,0
9.6607,15021139.0,2.187931457002984e-05,0
9.6717,15021140.0,2.187931457002984e-05,0
9.6829,15021139.0,2.187931457002984e-05,0
9.705,15021139.0,2.187931457002984e-05,0
9.7161,15021139.0,2.187931457002984e-05,0
9.7273,15021140.0,2.187931457002984e-05,0
9.7383,15021140.0,2.187931457002984e-05,0
9.7494,15021140.0,2.187931457002984e-05,0
9.7606,15021140.0,2.19143369599697e-05,0
9.7716,15021139.0,2.194941541052301e-05,0
9.7826,15021139.0,2.19143369599697e-05,0
9.7937,15021140.0,2.187931457002984e-05,0
9.8048,15021140.0,2.187931457002984e-05,0
9.8159,15021139.0,2.187931457002984e-05,0
9.827,15021139.0,2.19143369599697e-05,0
9.8491,15021140.0,2.184434815111023e-05,0
9.8601,15021140.0,2.184434815111023e-05,0
9.8712,15021140.0,2.19143369599697e-05,0
9.8823,15021140.0,2.19143369599697e-05,0
9.8935,15021140.0,2.19143369599697e-05,0
9.9046,15021139.0,2.19143369599697e-05,0
9.9156,15021139.0,2.187931457002984e-05,0
9.9268,15021140.0,2.187931457002984e-05,0
9.9378,15021140.0,2.19143369599697e-05,0
9.9488,15021140.0,2.19143369599697e-05,0
9.96,15021140.0,2.187931457002984e-05,0
9.9711,15021140.0,2.187931457002984e-05,0
9.9932,15021139.0,2.187931457002984e-05,0
10.0044,15021139.0,2.187931457002984e-05,0
10.0155,15021140.0,2.187931457002984e-05,0
10.0265,15021140.0,2.187931457002984e-05,0
10.0375,15021139.0,2.187931457002984e-05,0
10.0486,15021140.0,2.187931457002984e-05,0
10.0598,15021140.0,2.187931457002984e-05,0
10.071,15021139.0,2.187931457002984e-05,0
10.082,15021139.0,2.187931457002984e-05,0
10.093,15021140.0,2.19143369599697e-05,0
10.1041,15021140.0,2.194941541052301e-05,0
10.1153,15021140.0,2.19143369599697e-05,0
10.1375,15021140.0,2.187931457002984e-05,0
10.1486,15021141.0,2.187931457002984e-05,0
10.1597,15021141.0,2.187931457002984e-05,0
10.1707,15021140.0,2.187931457002984e-05,0
10.1819,15021140.0,2.187931457002984e-05,0
10.193,15021140.0,2.187931457002984e-05,0
10.2041,15021140.0,2.187931457002984e-05,0
10.2151,15021140.0,2.187931457002984e-05,0
10.2262,15021140.0,2.19143369599697e-05,0
10.2374,15021140.0,2.194941541052301e-05,0
10.2485,15021140.0,2.194941541052301e-05,0
10.2596,15021141.0,2.19143369599697e-05,0
10.2817,15021140.0,2.187931457002984e-05,0
10.2928,15021141.0,2.19143369599697e-05,0
10.3039,15021141.0,2.19143369599697e-05,0
10.3151,15021141.0,2.187931457002984e-05,0
10.3261,15021141.0,2.187931457002984e-05,0
10.3371,15021141.0,2.187931457002984e-05,0
10.3482,15021141.0,2.187931457002984e-05,0
10.3593,15021141.0,2.187931457002984e-05,0
10.3703,15021141.0,2.187931457002984e-05,0
10.3814,15021141.0,2.19143369599697e-05,0
10.3925,15021141.0,2.19143369599697e-05,0
10.4036,15021141.0,2.19143369599697e-05,0
10.4257,15021141.0,2.19143369599697e-05,0
10.4369,15021141.0,2.187931457002984e-05,0
10.4479,15021141.0,2.187931457002984e-05,0
10.459,15021141.0,2.187931457002984e-05,0
10.4701,15021141.0,2.187931457002984e-05,0
10.4812,15021141.0,2.187931457002984e-05,0
10.4923,15021141.0,2.187931457002984e-05,0
10.5033,15021141.0,2.187931457002984e-05,0
10.5144,15021141.0,2.187931457002984e-05,0
10.5254,15021141.0,2.19143369599697e-05,0
10.5365,15021141.0,2.194941541052301e-05,0
10.5476,15021141.0,2.19143369599697e-05,0
10.5699,15021141.0,2.19143369599697e-05,0
10.581,15021141.0,2.187931457002984e-05,0
10.592,15021141.0,2.187931457002984e-05,0
10.6031,15021141.0,2.187931457002984e-05,0
10.6142,15021141.0,2.187931457002984e-05,0
10.6253,15021141.0,2.187931457002984e-05,0
10.6365,15021141.0,2.187931457002984e-05,0
10.6475,15021141.0,2.187931457002984e-05,0
10.6586,15021141.0,2.187931457002984e-05,0
10.6697,15021141.0,2.187931457002984e-05,0
10.6809,15021141.0,2.187931457002984e-05,0
10.6919,15021141.0,2.187931457002984e-05,0
10.714,15021142.0,2.19143369599697e-05,0
10.725,15021142.0,2.19143369599697e-05,0
10.7361,15021142.0,2.187931457002984e-05,0
10.7472,15021141.0,2.187931457002984e-05,0
10.7583,15021142.0,2.187931457002984e-05,0
10.7694,15021141.0,2.187931457002984e-05,0
10.7805,15021141.0,2.187931457002984e-05,0
10.7916,15021141.0,2.187931457002984e-05,0
10.8027,15021141.0,2.187931457002984e-05,0
10.8138,15021141.0,2.187931457002984e-05,0
10.8249,15021141.0,2.187931457002984e-05,0
10.8359,15021141.0,2.187931457002984e-05,0
10.8582,15021141.0,2.187931457002984e-05,0
10.8692,15021142.0,2.187931457002984e-05,0
10.8803,15021141.0,2.187931457002984e-05,0
10.8913,15021141.0,2.19143369599697e-05,0
10.9024,15021142.0,2.19143369599697e-05,0
10.9136,15021142.0,2.19143369599697e-05,0
10.9247,15021141.0,2.19143369599697e-05,0
10.9357,15021140.0,2.187931457002984e-05,0
10.9468,15021141.0,2.187931457002984e-05,0
10.9579,15021141.0,2.187931457002984e-05,0
10.9689,15021140.0,2.187931457002984e-05,0
10.98,15021141.0,2.187931457002984e-05,0
11.0022,15021141.0,2.187931457002984e-05,0
11.0132,15021141.0,2.187931457002984e-05,0
11.0244,15021141.0,2.19143369599697e-05,0
11.0355,15021141.0,2.19143369599697e-05,0
11.0466,15021141.0,2.187931457002984e-05,0
11.0577,15021141.0,2.187931457002984e-05,0
11.0688,15021141.0,2.187931457002984e-05,0
11.0799,15021141.0,2.187931457002984e-05,0
11.091,15021141.0,2.187931457002984e-05,0
11.1021,15021141.0,2.187931457002984e-05,0
11.1131,15021140.0,2.187931457002984e-05,0
11.1241,15021140.0,2.187931457002984e-05,0
11.1463,15021140.0,2.187931457002984e-05,0
11.1574,15021140.0,2.187931457002984e-05,0
11.1685,15021140.0,2.187931457002984e-05,0
11.1796,15021140.0,2.19143369599697e-05,0
11.1907,15021141.0,2.187931457002984e-05,0
11.2017,15021141.0,2.184434815111023e-05,0
11.2127,15021141.0,2.187931457002984e-05,0
11.2239,15021141.0,2.19143369599697e-05,0
11.2349,15021140.0,2.19143369599697e-05,0
11.246,15021140.0,2.187931457002984e-05,0
11.2571,15021140.0,2.187931457002984e-05,0
11.2682,15021140.0,2.19143369599697e-05,0
11.2903,15021141.0,2.19143369599697e-05,0
11.3014,15021140.0,2.19143369599697e-05,0
11.3124,15021140.0,2.187931457002984e-05,0
11.3235,15021140.0,2.187931457002984e-05,0
11.3346,15021140.0,2.187931457002984e-05,0
11.3456,15021140.0,2.19143369599697e-05,0
11.3567,15021140.0,2.19143369599697e-05,0
11.3679,15021140.0,2.187931457002984e-05,0
11.379,15021140.0,2.187931457002984e-05,0
11.3901,15021140.0,2.187931457002984e-05,0
11.4011,15021140.0,2.19143369599697e-05,0
11.4123,15021140.0,2.19143369599697e-05,0
11.4344,15021139.0,2.187931457002984e-05,0
11.4454,15021140.0,2.19143369599697e-05,0
11.4566,15021140.0,2.19143369599697e-05,0
11.4677,15021139.0,2.187931457002984e-05,0
11.4788,15021139.0,2.187931457002984e-05,0
11.4898,15021140.0,2.187931457002984e-05,0
11.501,15021140.0,2.187931457002984e-05,0
11.5121,15021140.0,2.187931457002984e-05,0
11.5231,15021140.0,2.187931457002984e-05,0
11.5342,15021140.0,2.187931457002984e-05,0
11.5453,15021140.0,2.187931457002984e-05,0
11.5563,15021140.0,2.187931457002984e-05,0
11.5784,15021140.0,2.187931457002984e-05,0
11.5895,15021140.0,2.187931457002984e-05,0
11.6006,15021140.0,2.19143369599697e-05,0
11.6117,15021140.0,2.19143369599697e-05,0
11.6228,15021140.0,2.187931457002984e-05,0
11.6338,15021140.0,2.187931457002984e-05,0
11.6448,15021140.0,2.187931457002984e-05,0
11.656,15021139.0,2.19143369599697e-05,0
11.6671,15021139.0,2.19143369599697e-05,0
11.6783,15021140.0,2.187931457002984e-05,0
11.6894,15021139.0,2.187931457002984e-05,0
11.7005,15021139.0,2.187931457002984e-05,0
11.7226,15021139.0,2.187931457002984e-05,0
11.7337,15021139.0,2.187931457002984e-05,0
11.7447,15021140.0,2.187931457002984e-05,0
11.7558,15021140.0,2.19143369599697e-05,0
11.767,15021140.0,2.19143369599697e-05,0
11.7781,15021140.0,2.19143369599697e-05,0
11.7892,15021139.0,2.19143369599697e-05,0
11.8002,15021139.0,2.187931457002984e-05,0
11.8113,15021139.0,2.187931457002984e-05,0
11.8223,15021139.0,2.187931457002984e-05,0
11.8335,15021140.0,2.187931457002984e-05,0
11.8445,15021140.0,2.187931457002984e-05,0
11.8667,15021139.0,2.187931457002984e-05,0
11.8779,15021139.0,2.187931457002984e-05,0
11.8889,15021139.0,2.187931457002984e-05,0
11.8999,15021139.0,2.187931457002984e-05,0
11.9111,15021140.0,2.187931457002984e-05,0
11.9222,15021139.0,2.187931457002984e-05,0
11.9332,15021139.0,2.187931457002984e-05,0
11.9442,15021139.0,2.187931457002984e-05,0
11.9553,15021140.0,2.187931457002984e-05,0
11.9664,15021139.0,2.187931457002984e-05,0
11.9775,15021139.0,2.187931457002984e-05,0
11.9885,15021139.0,2.187931457002984e-05,0
12.0107,15021139.0,2.187931457002984e-05,0
12.0218,15021139.0,2.187931457002984e-05,0
12.0329,15021139.0,2.187931457002984e-05,0
12.044,15021139.0,2.187931457002984e-05,0
12.0551,15021141.0,2.187931457002984e-05,0
12.0661,15021141.0,2.19143369599697e-05,0
12.0772,15021140.0,2.19143369599697e-05,0
12.0884,15021140.0,2.19143369599697e-05,0
12.0994,15021140.0,2.19143369599697e-05,0
12.1104,15021140.0,2.19143369599697e-05,0
12.1215,15021140.0,2.19143369599697e-05,0
12.1326,15021140.0,2.187931457002984e-05,0
12.1548,15021140.0,2.19143369599697e-05,0
12.1658,15021140.0,2.19143369599697e-05,0
12.1768,15021140.0,2.19143369599697e-05,0
12.1879,15021140.0,2.19143369599697e-05,0
12.1991,15021140.0,2.19143369599697e-05,0
12.2103,15021140.0,2.19143369599697e-05,0
12.2213,15021140.0,2.187931457002984e-05,0
12.2324,15021140.0,2.19143369599697e-05,0
12.2435,15021139.0,2.19143369599697e-05,0
12.2546,15021140.0,2.187931457002984e-05,0
12.2656,15021140.0,2.19143369599697e-05,0
12.2768,15021140.0,2.19143369599697e-05,0
12.2989,15021139.0,2.19143369599697e-05,0
12.3101,15021140.0,2.187931457002984e-05,0
12.3212,15021140.0,2.187931457002984e-05,0
12.3323,15021140.0,2.187931457002984e-05,0
12.3433,15021140.0,2.187931457002984e-05,0
12.3544,15021139.0,2.187931457002984e-05,0
12.3655,15021139.0,2.187931457002984e-05,0
12.3766,15021139.0,2.19143369599697e-05,0
12.3876,15021140.0,2.19143369599697e-05,0
12.3986,15021139.0,2.187931457002984e-05,0
12.4096,15021139.0,2.187931457002984e-05,0
12.4208,15021139.0,2.187931457002984e-05,0
12.4431,15021140.0,2.187931457002984e-05,0
12.4541,15021139.0,2.187931457002984e-05,0
12.4651,15021139.0,2.187931457002984e-05,0
12.4762,15021139.0,2.187931457002984e-05,0
12.4873,15021139.0,2.187931457002984e-05,0
12.4984,15021139.0,2.187931457002984e-05,0
12.5095,15021138.0,2.187931457002984e-05,0
12.5206,15021139.0,2.187931457002984e-05,0
12.5316,15021139.0,2.187931457002984e-05,0
12.5427,15021138.0,2.187931457002984e-05,0
12.5538,15021138.0,2.187931457002984e-05,0
12.5648,15021138.0,2.187931457002984e-05,0
12.587,15021138.0,2.187931457002984e-05,0
12.5981,15021138.0,2.187931457002984e-05,0
12.6091,15021138.0,2.187931457002984e-05,0
12.6201,15021138.0,2.187931457002984e-05,0
12.6312,15021138.0,2.187931457002984e-05,0
12.6424,15021138.0,2.187931457002984e-05,0
12.6535,15021138.0,2.187931457002984e-05,0
12.6646,15021138.0,2.187931457002984e-05,0
12.6756,15021137.0,2.187931457002984e-05,0
12.6868,15021137.0,2.187931457002984e-05,0
12.6978,15021138.0,2.187931457002984e-05,0
12.7089,15021137.0,2.187931457002984e-05,0
12.7311,15021138.0,2.19143369599697e-05,0
12.7422,15021138.0,2.19143369599697e-05,0
12.7533,15021138.0,2.187931457002984e-05,0
12.7644,15021138.0,2.187931457002984e-05,0
12.7755,15021138.0,2.187931457002984e-05,0
12.7865,15021138.0,2.187931457002984e-05,0
12.7976,15021138.0,2.187931457002984e-05,0
12.8087,15021138.0,2.187931457002984e-05,0
12.8198,15021138.0,2.19143369599697e-05,0
12.8309,15021138.0,2.19143369599697e-05,0
12.842,15021138.0,2.187931457002984e-05,0
12.853,15021137.0,2.187931457002984e-05,0
12.8753,15021137.0,2.187931457002984e-05,0
12.8864,15021138.0,2.19143369599697e-05,0
12.8975,15021138.0,2.19143369599697e-05,0
12.9086,15021138.0,2.19143369599697e-05,0
12.9197,15021138.0,2.19143369599697e-05,0
12.9307,15021138.0,2.187931457002984e-05,0
12.9419,15021138.0,2.187931457002984e-05,0
12.9529,15021138.0,2.187931457002984e-05,0
12.964,15021138.0,2.187931457002984e-05,0
12.975,15021138.0,2.19143369599697e-05,0
12.986,15021138.0,2.187931457002984e-05,0
12.9971,15021138.0,2.184434815111023e-05,0
13.0192,15021137.0,2.19143369599697e-05,0
13.0303,15021137.0,2.19143369599697e-05,0
13.0414,15021137.0,2.187931457002984e-05,0
13.0524,15021138.0,2.187931457002984e-05,0
13.0635,15021138.0,2.187931457002984e-05,0
13.0746,15021138.0,2.187931457002984e-05,0
13.0857,15021137.0,2.187931457002984e-05,0
13.0968,15021136.0,2.187931457002984e-05,0
13.1079,15021136.0,2.19143369599697e-05,0
13.119,15021137.0,2.19143369599697e-05,0
13.1301,15021136.0,2.187931457002984e-05,0
13.1412,15021136.0,2.187931457002984e-05,0
13.1633,15021136.0,2.19143369599697e-05,0
13.1744,15021136.0,2.187931457002984e-05,0
13.1855,15021137.0,2.187931457002984e-05,0
13.1966,15021137.0,2.187931457002984e-05,0
13.2077,15021137.0,2.187931457002984e-05,0
13.2187,15021137.0,2.187931457002984e-05,0
13.2297,15021136.0,2.187931457002984e-05,0
13.2407,15021137.0,2.19143369599697e-05,0
13.2519,15021136.0,2.19143369599697e-05,0
13.263,15021136.0,2.187931457002984e-05,0
13.2742,15021136.0,2.187931457002984e-05,0
13.2852,15021136.0,2.187931457002984e-05,0
13.3073,15021136.0,2.187931457002984e-05,0
13.3184,15021136.0,2.187931457002984e-05,0
13.3296,15021136.0,2.187931457002984e-05,0
13.3407,15021135.0,2.187931457002984e-05,0
13.3517,15021135.0,2.187931457002984e-05,0
13.3628,15021136.0,2.187931457002984e-05,0
13.3739,15021136.0,2.187931457002984e-05,0
13.3851,15021135.0,2.187931457002984e-05,0
13.3961,15021135.0,2.187931457002984e-05,0
13.4071,15021136.0,2.187931457002984e-05,0
13.4182,15021136.0,2.187931457002984e-05,0
13.4292,15021135.0,2.187931457002984e-05,0
13.4514,15021135.0,2.187931457002984e-05,0
13.4625,15021135.0,2.187931457002984e-05,0
13.4736,15021135.0,2.187931457002984e-05,0
13.4847,15021135.0,2.187931457002984e-05,0
13.4958,15021135.0,2.19143369599697e-05,0
13.5069,15021135.0,2.19143369599697e-05,0
13.518,15021135.0,2.187931457002984e-05,0
13.5291,15021135.0,2.187931457002984e-05,0
13.5401,15021136.0,2.187931457002984e-05,0
13.5513,15021136.0,2.187931457002984e-05,0
13.5623,15021136.0,2.187931457002984e-05,0
13.5734,15021136.0,2.187931457002984e-05,0
13.5955,15021136.0,2.19143369599697e-05,0
13.6066,15021136.0,2.19143369599697e-05,0
13.6176,15021136.0,2.187931457002984e-05,0
13.6287,15021135.0,2.187931457002984e-05,0
13.6399,15021136.0,2.187931457002984e-05,0
13.6509,15021136.0,2.187931457002984e-05,0
13.662,15021135.0,2.187931457002984e-05,0
13.6731,15021135.0,2.187931457002984e-05,0
13.6842,15021135.0,2.187931457002984e-05,0
13.6953,15021136.0,2.187931457002984e-05,0
13.7063,15021136.0,2.19143369599697e-05,0
13.7174,15021135.0,2.19143369599697e-05,0
13.7396,15021136.0,2.19143369599697e-05,0
13.7507,15021136.0,2.187931457002984e-05,0
13.7618,15021135.0,2.187931457002984e-05,0
13.7728,15021135.0,2.187931457002984e-05,0
13.7839,15021136.0,2.187931457002984e-05,0
13.795,15021136.0,2.187931457002984e-05,0
13.8061,15021136.0,2.187931457002984e-05,0
13.8171,15021136.0,2.19143369599697e-05,0
13.8282,15021135.0,2.19143369599697e-05,0
13.8393,15021135.0,2.19143369599697e-05,0
13.8504,15021136.0,2.19143369599697e-05,0
13.8614,15021136.0,2.19143369599697e-05,0
13.8836,15021136.0,2.187931457002984e-05,0
13.8946,15021135.0,2.187931457002984e-05,0
13.9058,15021135.0,2.19143369599697e-05,0
13.9169,15021136.0,2.19143369599697e-05,0
13.9279,15021136.0,2.19143369599697e-05,0
13.939,15021136.0,2.19143369599697e-05,0
13.9501,15021135.0,2.187931457002984e-05,0
13.9612,15021135.0,2.187931457002984e-05,0
13.9722,15021135.0,2.187931457002984e-05,0
13.9833,15021135.0,2.187931457002984e-05,0
13.9945,15021135.0,2.187931457002984e-05,0
14.0165,15021135.0,2.187931457002984e-05,0
14.0276,15021135.0,2.187931457002984e-05,0
14.0388,15021135.0,2.187931457002984e-05,0
14.0498,15021135.0,2.187931457002984e-05,0
14.0609,15021135.0,2.187931457002984e-05,0
14.072,15021135.0,2.184434815111023e-05,0
14.0831,15021135.0,2.184434815111023e-05,0
14.0941,15021135.0,2.187931457002984e-05,0
14.1053,15021135.0,2.187931457002984e-05,0
14.1163,15021135.0,2.187931457002984e-05,0
14.1275,15021135.0,2.187931457002984e-05,0
14.1386,15021135.0,2.187931457002984e-05,0
14.1496,15021134.0,2.209029161576024e-05,0
14.1719,15021104.0,2.241057781048721e-05,1
14.1832,15021071.0,2.244645059765081e-05,0
14.1945,15021036.0,2.255441385805692e-05,0
14.2059,15021000.0,2.259051688470672e-05,0
14.2174,15020975.0,2.255441385805692e-05,2
14.2287,15020964.0,2.269917307720906e-05,0
14.24,15020961.0,2.284486139306312e-05,0
14.2514,15020954.0,2.306514897800561e-05,0
14.2629,15020953.0,2.328756074392889e-05,0
14.2744,15020947.0,2.347454129197761e-05,0
14.286,15020945.0,2.370090073097218e-05,0
14.2977,15020939.0,2.385301835657796e-05,0
14.3094,15020938.0,2.408302736022003e-05,0
14.3212,15020934.0,2.419886225103929e-05,0
14.333,15020932.0,2.431525428617974e-05,0
14.3449,15020928.0,2.439315982370518e-05,0
14.3567,15020927.0,2.451048639410068e-05,0
14.3686,15020922.0,2.470728606021017e-05,0
14.3805,15020920.0,2.486586288955955e-05,0
14.3926,15020909.0,2.51860764241487e-05,0
14.4047,15020907.0,2.546964409363674e-05,0
14.417,15020904.0,2.555124827060083e-05,0
14.4292,15020903.0,2.571524183617484e-05,0
14.4414,15020901.0,2.579763290287992e-05,0
14.4537,15020899.0,2.579763290287992e-05,0
14.466,15020893.0,2.596320781954575e-05,0
14.4784,15020892.0,2.596320781954575e-05,0
14.4909,15020893.0,2.592171472805926e-05,0
14.5033,15020890.0,2.600476732934825e-05,0
14.5156,15020884.0,2.617167168059942e-05,0
14.5281,15020879.0,2.617167168059942e-05,0
14.5407,15020877.0,2.633964726091078e-05,0
14.5531,15020880.0,2.659363423782914e-05,0
14.5655,15020873.0,2.697921420490927e-05,0
14.5783,15020871.0,2.706565501115829e-05,0
14.5911,15020866.0,2.693609738317374e-05,0
14.6038,15020863.0,2.676431806720787e-05,0
14.6164,15020868.0,2.663620287612968e-05,0
14.6288,15020867.0,2.68930494685718e-05,0
14.6415,15020859.0,2.719583578728228e-05,0
14.6543,15020859.0,2.741419666827216e-05,0
14.6672,15020855.0,2.754605386506345e-05,0
14.6802,15020852.0,2.715237277184076e-05,0
14.693,15020857.0,2.68930494685718e-05,0
14.7056,15020857.0,2.68930494685718e-05,0
14.7183,15020854.0,2.693609738317374e-05,0
14.7309,15020853.0,2.715237277184076e-05,0
14.7437,15020852.0,2.719583578728228e-05,0
14.7566,15020852.0,2.719583578728228e-05,0
14.7694,15020853.0,2.715237277184076e-05,0
14.7821,15020852.0,2.702240004407852e-05,0
14.7947,15020854.0,2.697921420490927e-05,0
14.8073,15020855.0,2.706565501115829e-05,0
14.8201,15020852.0,2.719583578728228e-05,3
14.8327,15020853.0,2.732664270877265e-05,0
14.8455,15020849.0,2.741419666827216e-05,0
14.8583,15020848.0,2.759014704890972e-05,0
14.8711,15020837.0,2.803497950536041e-05,0
14.8841,15020852.0,2.922539806370712e-05,0
14.8976,15020843.0,3.061290161380538e-05,0
14.9117,15020848.0,3.080938199061697e-05,0
14.9257,15020849.0,3.071098467423187e-05,0
14.9396,15020847.0,3.061290161380538e-05,0
14.9534,15020849.0,3.046636405847287e-05,0
14.9673,15020849.0,3.046636405847287e-05,0
14.9811,15020848.0,3.046636405847287e-05,0
14.9948,15020847.0,3.041767424941981e-05,0
15.0087,15020848.0,3.032052794775979e-05,0
15.0225,15020848.0,3.027207120663602e-05,0
15.0363,15020846.0,3.036906225396806e-05,0
15.0501,15020846.0,3.036906225396806e-05,0
15.0639,15020848.0,3.032052794775979e-05,0
15.0777,15020847.0,3.032052794775979e-05,0
15.0915,15020845.0,3.041767424941981e-05,0
15.1054,15020846.0,3.051513180568405e-05,0
15.1193,15020844.0,3.056397761580959e-05,0
15.1331,15020843.0,3.056397761580959e-05,0
15.147,15020844.0,3.051513180568405e-05,0
15.1609,15020843.0,3.051513180568405e-05,0
15.1748,15020844.0,3.046636405847287e-05,0
15.1886,15020844.0,3.041767424941981e-05,0
15.2024,15020845.0,3.036906225396806e-05,0
15.2162,15020845.0,3.036906225396806e-05,0
15.23,15020846.0,3.032052794775979e-05,0
15.2438,15020844.0,3.027207120663602e-05,0
15.2575,15020843.0,3.032052794775979e-05,0
15.2713,15020843.0,3.027207120663602e-05,0
15.2851,15020844.0,3.017538992399754e-05,0
15.299,15020843.0,3.017538992399754e-05,0
15.3127,15020842.0,3.022369190663609e-05,0
15.3264,15020842.0,3.022369190663609e-05,0
15.3403,15020844.0,3.017538992399754e-05,0
15.354,15020845.0,3.012716513515561e-05,0
15.3677,15020846.0,3.012716513515561e-05,0
15.3814,15020846.0,3.017538992399754e-05,0
15.395,15020845.0,3.022369190663609e-05,0
15.4087,15020845.0,3.022369190663609e-05,0
15.4226,15020845.0,3.027207120663602e-05,0
15.4363,15020846.0,3.036906225396806e-05,0
15.45,15020843.0,3.046636405847287e-05,0
15.4638,15020842.0,3.051513180568405e-05,0
15.4776,15020841.0,3.056397761580959e-05,0
15.4914,15020841.0,3.066190392482741e-05,0
15.5054,15020838.0,3.076014398757577e-05,0
15.5193,15020837.0,3.085869880931473e-05,0
15.5332,15020835.0,3.095756939852513e-05,0
15.5472,15020835.0,3.10071234219656e-05,0
15.5612,15020832.0,3.105675676691896e-05,0
15.5753,15020832.0,3.105675676691896e-05,0
15.5894,15020831.0,3.110646956035572e-05,0
15.6035,15020830.0,3.110646956035572e-05,0
15.6176,15020831.0,3.110646956035572e-05,0
15.6317,15020830.0,3.115626192944974e-05,0
15.6457,15020830.0,3.115626192944974e-05,0
15.6596,15020829.0,3.130611776546872e-05,0
15.6736,15020827.0,3.130611776546872e-05,0
15.6879,15020827.0,3.130611776546872e-05,0
15.702,15020827.0,3.14064218751296e-05,0
15.7161,15020826.0,3.125608590432286e-05,0
15.7302,15020826.0,3.130611776546872e-05,0
15.7443,15020827.0,3.135622971300601e-05,0
15.7584,15020826.0,3.125608590432286e-05,0
15.7725,15020825.0,3.135622971300601e-05,0
15.7866,15020822.0,3.145669438023967e-05,0
15.8008,15020820.0,3.135622971300601e-05,0
15.8151,15020822.0,3.14064218751296e-05,0
15.8292,15020823.0,3.150704735694179e-05,0
15.8432,15020826.0,3.135622971300601e-05,0
15.8573,15020827.0,3.14064218751296e-05,0
15.8712,15020822.0,3.150704735694179e-05,0
15.8854,15020822.0,3.160799524057453e-05,0
15.8997,15020821.0,3.170926655899616e-05,0
15.914,15020820.0,3.150704735694179e-05,0
15.9283,15020822.0,3.145669438023967e-05,0
15.9424,15020820.0,3.155748093404753e-05,0
15.9565,15020819.0,3.155748093404753e-05,0
15.9707,15020820.0,3.170926655899616e-05,0
15.9847,15020819.0,3.176002382996009e-05,0
15.999,15020819.0,3.165859040574708e-05,0
16.0134,15020817.0,3.186178224462326e-05,0
16.0278,15020817.0,3.191278364863791e-05,0
16.042,15020817.0,3.176002382996009e-05,0
16.0562,15020817.0,3.191278364863791e-05,0
16.0704,15020815.0,3.201503150238514e-05,0
16.0847,15020816.0,3.196386669099883e-05,0
16.0991,15020816.0,3.196386669099883e-05,0
16.1134,15020815.0,3.201503150238514e-05,0
16.1276,15020811.0,3.211760695599677e-05,0
16.1421,15020812.0,3.216901786062761e-05,0
16.1567,15020811.0,3.232374486466711e-05,0
16.1711,15020811.0,3.237548573586047e-05,0
16.1855,15020810.0,3.227208668312896e-05,0
16.2,15020809.0,3.227208668312896e-05,0
16.2145,15020810.0,3.232374486466711e-05,0
16.2289,15020811.0,3.242730942907095e-05,0
16.2434,15020809.0,3.247921607687248e-05,0
16.258,15020808.0,3.242730942907095e-05,0
16.2726,15020809.0,3.247921607687248e-05,0
16.2871,15020810.0,3.263543507674679e-05,0
16.3017,15020807.0,3.273999828970383e-05,0
16.3162,15020805.0,3.268767487290021e-05,0
16.3307,15020807.0,3.263543507674679e-05,0
16.3453,15020808.0,3.273999828970383e-05,0
16.3599,15020806.0,3.295013084368136e-05,0
16.3746,15020805.0,3.305570233492295e-05,0
16.3891,15020802.0,3.305570233492295e-05,0
16.4038,15020802.0,3.300287437581e-05,0
16.4185,15020801.0,3.305570233492295e-05,0
16.4333,15020802.0,3.321469412667937e-05,0
16.448,15020802.0,3.326786114732408e-05,0
16.4627,15020801.0,3.326786114732408e-05,0
16.4775,15020801.0,3.337445063943879e-05,0
16.4923,15020800.0,3.337445063943879e-05,0
16.5071,15020798.0,3.332111327283457e-05,0
16.5218,15020800.0,3.337445063943879e-05,0
16.5366,15020797.0,3.342787338358289e-05,0
16.5515,15020796.0,3.342787338358289e-05,0
16.5664,15020797.0,3.342787338358289e-05,0
16.5812,15020797.0,3.353497555136735e-05,0
16.5961,15020795.0,3.358865524899333e-05,0
16.6111,15020796.0,3.364242087213114e-05,0
16.626,15020793.0,3.375021044532881e-05,0
16.6409,15020793.0,3.375021044532881e-05,0
16.6558,15020795.0,3.375021044532881e-05,0
16.6708,15020794.0,3.369627255832234e-05,0
16.6857,15020793.0,3.364242087213114e-05,0
16.7007,15020794.0,3.364242087213114e-05,0
16.7156,15020792.0,3.364242087213114e-05,0
16.7304,15020792.0,3.364242087213114e-05,0
16.7454,15020792.0,3.369627255832234e-05,0
16.7604,15020791.0,3.375021044532881e-05,0
16.7755,15020790.0,3.375021044532881e-05,0
16.7905,15020790.0,3.38042346711328e-05,0
16.8055,15020791.0,3.385834537393757e-05,0
16.8205,15020791.0,3.391254269216747e-05,0
16.8355,15020792.0,3.396682676446853e-05,0
16.8505,15020791.0,3.391254269216747e-05,0
16.8655,15020792.0,3.385834537393757e-05,0
16.8805,15020793.0,3.385834537393757e-05,0
16.8955,15020792.0,3.385834537393757e-05,0
16.9103,15020793.0,3.391254269216747e-05,0
16.9252,15020790.0,3.396682676446853e-05,0
16.9403,15020790.0,3.396682676446853e-05,0
16.9554,15020791.0,3.396682676446853e-05,0
16.9704,15020790.0,3.391254269216747e-05,0
16.9854,15020789.0,3.385834537393757e-05,0
17.0006,15020788.0,3.385834537393757e-05,0
17.0157,15020790.0,3.385834537393757e-05,0
17.0307,15020790.0,3.385834537393757e-05,0
17.0457,15020792.0,3.385834537393757e-05,0
17.0607,15020792.0,3.385834537393757e-05,0
17.0756,15020791.0,3.391254269216747e-05,0
17.0906,15020792.0,3.396682676446853e-05,0
17.1058,15020791.0,3.402119772970862e-05,0
17.1209,15020792.0,3.407565572697801e-05,0
17.1359,15020793.0,3.407565572697801e-05,0
17.1508,15020794.0,3.418483337507897e-05,0
17.1658,15020793.0,3.423955330520559e-05,0
17.1808,15020793.0,3.423955330520559e-05,0
17.1959,15020793.0,3.423955330520559e-05,0
17.211,15020792.0,3.418483337507897e-05,0
17.226,15020792.0,3.418483337507897e-05,0
17.241,15020791.0,3.418483337507897e-05,0
17.256,15020792.0,3.413020089558949e-05,0
17.2711,15020791.0,3.407565572697801e-05,0
17.2863,15020793.0,3.407565572697801e-05,0
17.3014,15020792.0,3.402119772970862e-05,0
17.3165,15020792.0,3.396682676446853e-05,0
17.3315,15020792.0,3.396682676446853e-05,0
17.3465,15020793.0,3.396682676446853e-05,0
17.3615,15020794.0,3.396682676446853e-05,0
17.3766,15020793.0,3.396682676446853e-05,0
17.3916,15020793.0,3.402119772970862e-05,0
17.4067,15020792.0,3.413020089558949e-05,0
17.4219,15020793.0,3.418483337507897e-05,0
17.437,15020790.0,3.423955330520559e-05,0
17.4523,15020790.0,3.423955330520559e-05,0
17.4673,15020789.0,3.429436082595234e-05,0
17.4825,15020789.0,3.434925607752613e-05,0
17.4978,15020788.0,3.434925607752613e-05,0
17.513,15020788.0,3.440423920035846e-05,0
17.5282,15020790.0,3.440423920035846e-05,0
17.5434,15020791.0,3.440423920035846e-05,0
17.5586,15020790.0,3.440423920035846e-05,0
17.5738,15020790.0,3.434925607752613e-05,4
17.5891,15020783.0,3.45144696226486e-05,0
17.6042,15020777.0,3.563638642707614e-05,0
17.6196,15020737.0,3.76279738947721e-05,0
17.636,15020747.0,3.878900745023173e-05,0
17.6528,15020742.0,3.891328657311985e-05,0
17.6696,15020742.0,3.903796388357198e-05,0
17.6863,15020738.0,3.916304065737224e-05,0
17.7032,15020738.0,3.916304065737224e-05,0
17.7202,15020740.0,3.922572924282782e-05,0
17.7371,15020739.0,3.916304065737224e-05,0
17.7538,15020739.0,3.910045225765757e-05,0
17.7707,15020739.0,3.903796388357198e-05,0
17.7876,15020738.0,3.903796388357198e-05,0
17.8044,15020737.0,3.910045225765757e-05,0
17.8213,15020733.0,3.916304065737224e-05,0
17.8383,15020733.0,3.922572924282782e-05,0
17.8552,15020736.0,3.916304065737224e-05,0
17.872,15020736.0,3.910045225765757e-05,0
17.8889,15020736.0,3.916304065737224e-05,0
17.9058,15020737.0,3.922572924282782e-05,0
17.9226,15020734.0,3.928851817439237e-05,0
17.9394,15020734.0,3.928851817439237e-05,0
17.9565,15020738.0,3.910045225765757e-05,0
17.9734,15020739.0,3.910045225765757e-05,0
17.9903,15020738.0,3.916304065737224e-05,0
18.0071,15020738.0,3.910045225765757e-05,0
18.0238,15020737.0,3.910045225765757e-05,0
18.0406,15020737.0,3.903796388357198e-05,0
18.0576,15020735.0,3.916304065737224e-05,0
18.0744,15020736.0,3.922572924282782e-05,0
18.0914,15020737.0,3.916304065737224e-05,0
18.1084,15020738.0,3.922572924282782e-05,0
18.1254,15020742.0,3.910045225765757e-05,0
18.1421,15020742.0,3.910045225765757e-05,0
18.1588,15020740.0,3.910045225765757e-05,0
18.1756,15020738.0,3.903796388357198e-05,0
18.1924,15020736.0,3.922572924282782e-05,0
18.2093,15020740.0,3.95406805780958e-05,0
18.2263,15020739.0,3.985816072150841e-05,0
18.2434,15020740.0,3.973086391132776e-05,0
18.2606,15020744.0,3.947748865327405e-05,0
18.2776,15020743.0,3.935140761269075e-05,0
18.2946,15020746.0,3.922572924282782e-05,0
18.3115,15020746.0,3.922572924282782e-05,0
18.3285,15020745.0,3.922572924282782e-05,0
18.3455,15020745.0,3.922572924282782e-05,0
18.3622,15020747.0,3.922572924282782e-05,0
18.3791,15020747.0,3.916304065737224e-05,0
18.3961,15020745.0,3.922572924282782e-05,0
18.413,15020744.0,3.922572924282782e-05,0
18.4298,15020745.0,3.916304065737224e-05,0
18.4467,15020745.0,3.922572924282782e-05,0
18.4636,15020745.0,3.922572924282782e-05,0
18.4805,15020746.0,3.922572924282782e-05,0
18.4974,15020745.0,3.922572924282782e-05,0
18.5143,15020744.0,3.916304065737224e-05,0
18.5312,15020743.0,3.916304065737224e-05,0
18.5482,15020744.0,3.922572924282782e-05,0
18.5652,15020744.0,3.922572924282782e-05,0
18.5821,15020743.0,3.922572924282782e-05,0
18.5991,15020742.0,3.928851817439237e-05,0
18.616,15020741.0,3.922572924282782e-05,0
18.6328,15020743.0,3.916304065737224e-05,0
18.6496,15020743.0,3.916304065737224e-05,0
18.6666,15020740.0,3.922572924282782e-05,0
18.6836,15020740.0,3.928851817439237e-05,0
18.7007,15020740.0,3.928851817439237e-05,0
18.7177,15020740.0,3.928851817439237e-05,0
18.7346,15020740.0,3.928851817439237e-05,0
18.7514,15020740.0,3.928851817439237e-05,0
18.7683,15020741.0,3.928851817439237e-05,0
18.7853,15020740.0,3.928851817439237e-05,0
18.8022,15020737.0,3.935140761269075e-05,0
18.8191,15020738.0,3.941439771860481e-05,0
18.836,15020738.0,3.941439771860481e-05,0
18.853,15020738.0,3.935140761269075e-05,0
18.8701,15020737.0,3.941439771860481e-05,0
18.887,15020736.0,3.947748865327405e-05,0
18.9039,15020735.0,3.947748865327405e-05,0
18.9209,15020735.0,3.947748865327405e-05,0
18.938,15020735.0,3.947748865327405e-05,0
18.9551,15020735.0,3.947748865327405e-05,0
18.9721,15020735.0,3.95406805780958e-05,0
18.989,15020734.0,3.95406805780958e-05,0
19.0059,15020733.0,3.95406805780958e-05,0
19.023,15020732.0,3.95406805780958e-05,0
19.0401,15020731.0,3.960397365472582e-05,0
19.0572,15020731.0,3.966736804507856e-05,0
19.0743,15020731.0,3.966736804507856e-05,0
19.0914,15020730.0,3.960397365472582e-05,0
19.1086,15020729.0,3.960397365472582e-05,0
19.1257,15020730.0,3.973086391132776e-05,0
19.1428,15020730.0,3.979446141590659e-05,0
19.1598,15020730.0,3.973086391132776e-05,0
19.1769,15020728.0,3.973086391132776e-05,0
19.1941,15020728.0,3.979446141590659e-05,0
19.2113,15020729.0,3.979446141590659e-05,0
19.2285,15020728.0,3.985816072150841e-05,0
19.2457,15020727.0,3.992196199108682e-05,0
19.2628,15020727.0,3.992196199108682e-05,0
19.28,15020729.0,3.992196199108682e-05,0
19.2971,15020729.0,3.992196199108682e-05,0
19.3142,15020727.0,3.992196199108682e-05,0
19.3314,15020727.0,3.992196199108682e-05,0
19.3487,15020728.0,3.992196199108682e-05,0
19.3659,15020728.0,3.992196199108682e-05,0
19.383,15020728.0,3.998586538785644e-05,0
19.4002,15020729.0,4.004987107529301e-05,0
19.4175,15020727.0,4.004987107529301e-05,0
19.4347,15020727.0,4.004987107529301e-05,0
19.4518,15020726.0,4.011397921713403e-05,0
19.469,15020726.0,4.017818997737903e-05,0
19.4863,15020723.0,4.024250352029014e-05,0
19.5036,15020722.0,4.024250352029014e-05,0
19.5209,15020722.0,4.017818997737903e-05,0
19.538,15020722.0,4.024250352029014e-05,0
19.5554,15020720.0,4.030692001039233e-05,0
19.5728,15020719.0,4.030692001039233e-05,0
19.5901,15020717.0,4.043606249158732e-05,0
19.6074,15020717.0,4.06305524456041e-05,0
19.6249,15020715.0,4.069559008865578e-05,0
19.6422,15020714.0,4.076073183797135e-05,0
19.6597,15020711.0,4.095678339127246e-05,0
19.6774,15020712.0,4.102234323475019e-05,0
19.6949,15020710.0,4.108800802038206e-05,0
19.7125,15020711.0,4.121965309030415e-05,0
19.7302,15020712.0,4.121965309030415e-05,0
19.7478,15020712.0,4.121965309030415e-05,0
19.7655,15020712.0,4.121965309030415e-05,0
19.7831,15020711.0,4.115377791614988e-05,0
19.8008,15020709.0,4.121965309030415e-05,0
19.8185,15020709.0,4.115377791614988e-05,0
19.836,15020709.0,4.115377791614988e-05,0
19.8537,15020711.0,4.121965309030415e-05,0
19.8714,15020710.0,4.115377791614988e-05,0
19.889,15020710.0,4.115377791614988e-05,0
19.9067,15020711.0,4.115377791614988e-05,0
19.9244,15020710.0,4.115377791614988e-05,0
19.942,15020710.0,4.115377791614988e-05,0
19.9595,15020709.0,4.115377791614988e-05,0
19.9771,15020708.0,4.121965309030415e-05,0
19.9949,15020708.0,4.121965309030415e-05,0
20.0125,15020707.0,4.121965309030415e-05,0
20.03,15020707.0,4.12856337113649e-05,0
20.0477,15020707.0,4.12856337113649e-05,0
20.0653,15020708.0,4.12856337113649e-05,0
20.0831,15020708.0,4.12856337113649e-05,0
20.1007,15020707.0,4.135171994812177e-05,0
20.1184,15020706.0,4.135171994812177e-05,0
20.136,15020705.0,4.12856337113649e-05,0
20.1537,15020704.0,4.135171994812177e-05,0
20.1714,15020704.0,4.141791196963466e-05,0
20.1891,15020704.0,4.141791196963466e-05,0
20.2068,15020704.0,4.141791196963466e-05,0
20.2246,15020701.0,4.148420994523402e-05,0
20.2424,15020701.0,4.148420994523402e-05,0
20.2602,15020701.0,4.148420994523402e-05,0
20.2779,15020701.0,4.148420994523402e-05,0
20.2957,15020701.0,4.148420994523402e-05,0
20.3135,15020701.0,4.148420994523402e-05,0
20.3312,15020702.0,4.141791196963466e-05,0
20.349,15020701.0,4.135171994812177e-05,0
20.3667,15020700.0,4.141791196963466e-05,0
20.3844,15020700.0,4.148420994523402e-05,0
20.402,15020699.0,4.148420994523402e-05,0
20.4198,15020699.0,4.148420994523402e-05,0
20.4376,15020698.0,4.148420994523402e-05,0
20.4554,15020698.0,4.148420994523402e-05,0
20.4733,15020699.0,4.148420994523402e-05,0
20.4911,15020699.0,4.148420994523402e-05,0
20.5089,15020699.0,4.148420994523402e-05,0
20.5266,15020698.0,4.148420994523402e-05,0
20.5444,15020700.0,4.148420994523402e-05,0
20.5621,15020699.0,4.148420994523402e-05,0
20.5798,15020699.0,4.141791196963466e-05,0
20.5974,15020698.0,4.141791196963466e-05,0
20.615,15020698.0,4.148420994523402e-05,0
20.6328,15020698.0,4.148420994523402e-05,0
20.6505,15020698.0,4.148420994523402e-05,0
20.6683,15020698.0,4.148420994523402e-05,0
20.6859,15020699.0,4.141791196963466e-05,0
20.7036,15020699.0,4.141791196963466e-05,0
20.7213,15020698.0,4.148420994523402e-05,0
20.739,15020697.0,4.148420994523402e-05,0
20.7567,15020697.0,4.148420994523402e-05,0
20.7744,15020697.0,4.148420994523402e-05,0
20.7921,15020697.0,4.141791196963466e-05,0
20.8098,15020697.0,4.141791196963466e-05,0
20.8275,15020697.0,4.141791196963466e-05,0
20.8452,15020698.0,4.141791196963466e-05,0
20.8628,15020697.0,4.148420994523402e-05,0
20.8805,15020697.0,4.148420994523402e-05,0
20.8982,15020697.0,4.148420994523402e-05,0
20.9159,15020697.0,4.148420994523402e-05,0
20.9337,15020696.0,4.155061404452143e-05,0
20.9515,15020695.0,4.155061404452143e-05,0
20.969,15020696.0,4.148420994523402e-05,0
20.9867,15020697.0,4.155061404452143e-05,0
21.0045,15020697.0,4.155061404452143e-05,0
21.0221,15020697.0,4.155061404452143e-05,0
21.0398,15020697.0,4.155061404452143e-05,0
21.0576,15020697.0,4.148420994523402e-05,0
21.0754,15020697.0,4.155061404452143e-05,0
21.093,15020695.0,4.155061404452143e-05,0
21.1106,15020694.0,4.155061404452143e-05,0
21.1284,15020695.0,4.161712443736986e-05,0
21.1461,15020696.0,4.161712443736986e-05,0
21.1638,15020696.0,4.161712443736986e-05,0
21.1814,15020696.0,4.161712443736986e-05,0
21.1991,15020697.0,4.16837412939243e-05,0
21.2168,15020697.0,4.161712443736986e-05,0
21.2345,15020697.0,4.155061404452143e-05,0
21.2522,15020698.0,4.161712443736986e-05,0
21.2699,15020698.0,4.161712443736986e-05,0
21.2876,15020696.0,4.161712443736986e-05,0
21.3053,15020696.0,4.16837412939243e-05,0
21.323,15020696.0,4.175046478460198e-05,0
21.3409,15020695.0,4.16837412939243e-05,0
21.3586,15020696.0,4.16837412939243e-05,0
21.3764,15020696.0,4.16837412939243e-05,0
21.3941,15020696.0,4.16837412939243e-05,0
21.4118,15020696.0,4.175046478460198e-05,0
21.4296,15020697.0,4.16837412939243e-05,0
21.4473,15020697.0,4.175046478460198e-05,0
21.4649,15020697.0,4.175046478460198e-05,0
21.4827,15020697.0,4.175046478460198e-05,0
21.5005,15020697.0,4.181729508009303e-05,0
21.5183,15020697.0,4.175046478460198e-05,0
21.536,15020695.0,4.175046478460198e-05,0
21.5539,15020695.0,4.175046478460198e-05,0
21.5717,15020695.0,4.175046478460198e-05,0
21.5895,15020695.0,4.175046478460198e-05,0
21.6072,15020694.0,4.181729508009303e-05,0
21.6249,15020694.0,4.188423235136067e-05,0
21.6427,15020693.0,4.188423235136067e-05,0
21.6607,15020693.0,4.188423235136067e-05,0
21.6784,15020693.0,4.195127676964197e-05,0
21.6962,15020693.0,4.195127676964197e-05,0
21.714,15020693.0,4.195127676964197e-05,0
21.7319,15020694.0,4.201842850644788e-05,0
21.7498,15020695.0,4.195127676964197e-05,0
21.7676,15020695.0,4.195127676964197e-05,0
21.7854,15020696.0,4.195127676964197e-05,0
21.8031,15020696.0,4.195127676964197e-05,0
21.8208,15020697.0,4.195127676964197e-05,0
21.8387,15020697.0,4.195127676964197e-05,0
21.8566,15020697.0,4.195127676964197e-05,0
21.8744,15020697.0,4.195127676964197e-05,0
21.8922,15020696.0,4.195127676964197e-05,0
21.9101,15020696.0,4.195127676964197e-05,0
21.9279,15020694.0,4.201842850644788e-05,0
21.9458,15020694.0,4.201842850644788e-05,0
21.9638,15020693.0,4.201842850644788e-05,0
21.9815,15020693.0,4.201842850644788e-05,0
21.9993,15020693.0,4.20856877335641e-05,0
22.0172,15020694.0,4.20856877335641e-05,0
22.035,15020693.0,4.20856877335641e-05,0
22.0528,15020693.0,4.215305462305114e-05,0
22.0707,15020692.0,4.222052934724505e-05,0
22.0887,15020691.0,4.215305462305114e-05,0
22.1066,15020692.0,4.20856877335641e-05,0
22.1245,15020692.0,4.215305462305114e-05,0
22.1423,15020690.0,4.222052934724505e-05,0
22.1602,15020690.0,4.222052934724505e-05,0
22.1783,15020690.0,4.222052934724505e-05,0
22.1962,15020689.0,4.222052934724505e-05,0
22.2141,15020689.0,4.222052934724505e-05,0
22.2322,15020689.0,4.228811207875762e-05,0
22.2502,15020688.0,4.228811207875762e-05,0
22.268,15020688.0,4.228811207875762e-05,0
22.286,15020688.0,4.228811207875762e-05,0
22.3039,15020688.0,4.228811207875762e-05,0
22.3218,15020688.0,4.228811207875762e-05,0
22.3398,15020688.0,4.228811207875762e-05,0
22.3578,15020688.0,4.228811207875762e-05,0
22.3756,15020689.0,4.235580299047711e-05,5
22.3935,15020688.0,4.235580299047711e-05,0
22.4116,15020688.0,4.235580299047711e-05,0
22.4294,15020688.0,4.242360225556832e-05,0
22.4473,15020687.0,4.242360225556832e-05,0
22.4653,15020684.0,4.235580299047711e-05,0
22.4834,15020694.0,4.310759263696707e-05,0
22.5015,15020692.0,4.40132933358391e-05,0
22.5199,15020689.0,4.429578039206264e-05,0
22.5382,15020670.0,4.515416656864121e-05,0
22.5571,15020670.0,4.580885490132121e-05,0
22.5759,15020647.0,4.692116400125314e-05,0
22.5951,15020648.0,4.875730853952832e-05,0
22.6146,15020605.0,5.107210810339952e-05,0
22.6354,15020624.0,5.281665135834127e-05,0
22.6567,15020609.0,5.409912048053099e-05,0
22.6786,15020629.0,5.488350131796743e-05,0
22.7008,15020636.0,5.51474807707104e-05,0
22.723,15020641.0,5.523575577446202e-05,0
22.7453,15020638.0,5.550142950574806e-05,0
22.7681,15020649.0,5.630614236185273e-05,0
22.7908,15020648.0,5.684908914996881e-05,0
22.8134,15020653.0,5.748914770658134e-05,0
22.8359,15020623.0,5.888507219059452e-05,0
22.86,15020638.0,5.973884433748151e-05,0
22.8841,15020654.0,5.91682984563815e-05,0
22.9079,15020648.0,5.869700827290666e-05,0
22.9316,15020640.0,5.897932998616183e-05,0
22.9552,15020640.0,5.897932998616183e-05,0
22.979,15020636.0,5.897932998616183e-05,0
23.0029,15020624.0,5.91682984563815e-05,0
23.0268,15020595.0,6.012226145990235e-05,0
23.0511,15020592.0,6.187832054996466e-05,0
23.0754,15020551.0,6.338082086752325e-05,0
23.1006,15020545.0,6.523205639854624e-05,0
23.1261,15020501.0,6.724483036777847e-05,0
23.1531,15020516.0,6.789325633223118e-05,0
23.1799,15020534.0,6.800193359860272e-05,0
23.2066,15020566.0,6.746028131860756e-05,0
23.2338,15020605.0,6.681599055485017e-05,0
23.2606,15020607.0,6.703006751239318e-05,0
23.287,15020601.0,6.767642256952305e-05,0
23.3138,15020606.0,6.800193359860272e-05,0
23.3409,15020600.0,6.821981029145636e-05,0
23.3679,15020599.0,6.854793491460376e-05,0
23.3949,15020599.0,6.865766013010205e-05,0
23.4219,15020598.0,6.854793491460376e-05,0
23.4487,15020590.0,6.876756098361083e-05,0
23.4762,15020600.0,6.887763775627536e-05,0
23.5034,15020616.0,6.909832018590286e-05,0
23.5307,15020631.0,6.943067027855559e-05,0
23.5581,15020633.0,6.95418084954544e-05,0
23.5856,15020632.0,6.965312461216612e-05,0
23.6128,15020626.0,6.987629168454672e-05,0
23.6403,15020626.0,6.99881432111151e-05,0
23.6678,15020628.0,7.010017377929671e-05,0
23.6953,15020631.0,7.021238367568503e-05,0
23.7229,15020633.0,7.021238367568503e-05,0
23.7506,15020636.0,7.032477318733198e-05,0
23.778,15020641.0,7.055009220690839e-05,0
23.8055,15020646.0,7.055009220690839e-05,0
23.833,15020646.0,7.055009220690839e-05,0
23.8606,15020647.0,7.055009220690839e-05,0
23.8881,15020648.0,7.055009220690839e-05,0
23.9158,15020648.0,7.055009220690839e-05,0
23.9434,15020650.0,7.066302229124239e-05,0
23.971,15020651.0,7.077613314364547e-05,0
23.9986,15020654.0,7.066302229124239e-05,0
24.026,15020654.0,7.066302229124239e-05,0
24.0535,15020654.0,7.077613314364547e-05,0
24.0811,15020655.0,7.077613314364547e-05,0
24.1088,15020655.0,7.066302229124239e-05,0
24.1364,15020654.0,7.077613314364547e-05,0
24.1639,15020650.0,7.088942505347464e-05,0
24.1915,15020649.0,7.100289831054984e-05,0
24.219,15020651.0,7.100289831054984e-05,0
24.2466,15020650.0,7.11165532051551e-05,0
24.2742,15020644.0,7.123039002803893e-05,0
24.3018,15020644.0,7.123039002803893e-05,0
24.3294,15020643.0,7.123039002803893e-05,0
24.3568,15020642.0,7.123039002803893e-05,0
24.3843,15020643.0,7.123039002803893e-05,0
24.4119,15020642.0,7.134440907041548e-05,0
24.4395,15020639.0,7.14586106239648e-05,0
24.4669,15020638.0,7.134440907041548e-05,0
24.4946,15020640.0,7.134440907041548e-05,0
24.5221,15020642.0,7.134440907041548e-05,0
24.5495,15020642.0,7.134440907041548e-05,0
24.5773,15020642.0,7.134440907041548e-05,0
24.6048,15020641.0,7.134440907041548e-05,0
24.6324,15020640.0,7.134440907041548e-05,0
24.66,15020646.0,7.134440907041548e-05,0
24.6875,15020649.0,7.134440907041548e-05,0
24.7149,15020645.0,7.134440907041548e-05,0
24.7427,15020645.0,7.134440907041548e-05,0
24.7702,15020647.0,7.134440907041548e-05,0
24.7976,15020646.0,7.134440907041548e-05,0
24.8253,15020645.0,7.134440907041548e-05,0
24.853,15020645.0,7.123039002803893e-05,0
24.8807,15020644.0,7.123039002803893e-05,0
24.9083,15020644.0,7.123039002803893e-05,0
24.936,15020642.0,7.123039002803893e-05,0
24.9637,15020643.0,7.123039002803893e-05,0
24.9911,15020647.0,7.134440907041548e-05,0
25.0188,15020647.0,7.134440907041548e-05,0
25.0464,15020645.0,7.134440907041548e-05,0
25.074,15020645.0,7.123039002803893e-05,0
25.1017,15020645.0,7.11165532051551e-05,0
25.1293,15020646.0,7.123039002803893e-05,0
25.1568,15020648.0,7.134440907041548e-05,0
25.1844,15020650.0,7.134440907041548e-05,0
25.2121,15020648.0,7.134440907041548e-05,0
25.2399,15020645.0,7.123039002803893e-05,0
25.2674,15020645.0,7.11165532051551e-05,0
25.295,15020646.0,7.11165532051551e-05,0
25.3227,15020647.0,7.123039002803893e-05,0
25.3503,15020647.0,7.123039002803893e-05,0
25.378,15020648.0,7.11165532051551e-05,0
25.4056,15020648.0,7.11165532051551e-05,0
25.4334,15020647.0,7.11165532051551e-05,0
25.461,15020648.0,7.123039002803893e-05,0
25.4886,15020646.0,7.134440907041548e-05,0
25.5163,15020644.0,7.134440907041548e-05,0
25.5442,15020646.0,7.134440907041548e-05,0
25.5718,15020647.0,7.134440907041548e-05,0
25.5992,15020647.0,7.134440907041548e-05,0
25.6267,15020648.0,7.14586106239648e-05,0
25.6546,15020646.0,7.14586106239648e-05,0
25.6825,15020645.0,7.134440907041548e-05,0
25.7103,15020645.0,7.134440907041548e-05,0
25.7378,15020646.0,7.14586106239648e-05,0
25.7653,15020647.0,7.134440907041548e-05,0
25.793,15020646.0,7.134440907041548e-05,0
25.8206,15020643.0,7.14586106239648e-05,0
25.8483,15020643.0,7.14586106239648e-05,0
25.876,15020646.0,7.14586106239648e-05,0
25.9035,15020648.0,7.14586106239648e-05,0
25.9311,15020648.0,7.14586106239648e-05,0
25.9588,15020646.0,7.14586106239648e-05,0
25.9864,15020644.0,7.14586106239648e-05,0
26.014,15020643.0,7.14586106239648e-05,0
26.0416,15020644.0,7.134440907041548e-05,0
26.0692,15020644.0,7.134440907041548e-05,0
26.0966,15020643.0,7.134440907041548e-05,0
26.1244,15020640.0,7.134440907041548e-05,0
26.152,15020643.0,7.134440907041548e-05,0
26.1792,15020646.0,7.134440907041548e-05,0
26.2068,15020644.0,7.134440907041548e-05,0
26.2343,15020646.0,7.134440907041548e-05,0
26.2619,15020650.0,7.134440907041548e-05,0
26.2894,15020647.0,7.134440907041548e-05,0
26.3167,15020645.0,7.134440907041548e-05,0
26.344,15020647.0,7.134440907041548e-05,0
26.3716,15020644.0,7.134440907041548e-05,0
26.3993,15020641.0,7.123039002803893e-05,0
26.4268,15020645.0,7.123039002803893e-05,0
26.4541,15020646.0,7.134440907041548e-05,0
26.4818,15020644.0,7.134440907041548e-05,0
26.5093,15020644.0,7.134440907041548e-05,0
26.5367,15020653.0,7.123039002803893e-05,0
26.5638,15020652.0,7.11165532051551e-05,0
26.591,15020644.0,7.11165532051551e-05,0
26.6185,15020646.0,7.123039002803893e-05,0
26.6457,15020645.0,7.123039002803893e-05,0
26.6735,15020646.0,7.11165532051551e-05,0
26.701,15020647.0,7.11165532051551e-05,0
26.7286,15020645.0,7.11165532051551e-05,0
26.7561,15020646.0,7.11165532051551e-05,0
26.7835,15020649.0,7.11165532051551e-05,0
26.8109,15020649.0,7.11165532051551e-05,0
26.8384,15020649.0,7.11165532051551e-05,0
26.8661,15020647.0,7.11165532051551e-05,0
26.8937,15020647.0,7.11165532051551e-05,0
26.9213,15020652.0,7.11165532051551e-05,0
26.9487,15020651.0,7.11165532051551e-05,0
26.976,15020653.0,7.11165532051551e-05,0
27.0033,15020651.0,7.100289831054984e-05,0
27.0306,15020651.0,7.100289831054984e-05,0
27.0581,15020651.0,7.100289831054984e-05,0
27.0855,15020648.0,7.100289831054984e-05,0
27.1129,15020648.0,7.11165532051551e-05,0
27.1405,15020646.0,7.11165532051551e-05,0
27.168,15020646.0,7.088942505347464e-05,0
27.1954,15020650.0,7.077613314364547e-05,0
27.2228,15020651.0,7.088942505347464e-05,0
27.2502,15020650.0,7.077613314364547e-05,0
27.277,15020651.0,7.088942505347464e-05,0
27.3046,15020648.0,7.100289831054984e-05,0
27.3321,15020648.0,7.100289831054984e-05,0
27.3597,15020650.0,7.100289831054984e-05,0
27.3872,15020646.0,7.088942505347464e-05,0
27.4139,15020648.0,7.11165532051551e-05,0
27.4415,15020655.0,7.100289831054984e-05,0
27.469,15020656.0,7.088942505347464e-05,0
27.4963,15020656.0,7.088942505347464e-05,0
27.524,15020653.0,7.077613314364547e-05,0
27.5517,15020654.0,7.077613314364547e-05,0
27.5792,15020661.0,7.066302229124239e-05,0
27.6068,15020656.0,7.077613314364547e-05,0
27.6341,15020651.0,7.088942505347464e-05,0
27.661,15020654.0,7.100289831054984e-05,0
27.6885,15020649.0,7.100289831054984e-05,0
27.7161,15020647.0,7.100289831054984e-05,0
27.7438,15020650.0,7.100289831054984e-05,0
27.771,15020654.0,7.088942505347464e-05,0
27.7985,15020665.0,7.100289831054984e-05,0
27.8261,15020667.0,7.100289831054984e-05,0
27.8528,15020660.0,7.100289831054984e-05,0
27.8802,15020658.0,7.100289831054984e-05,0
27.9077,15020657.0,7.088942505347464e-05,0
27.935,15020656.0,7.088942505347464e-05,0
27.9625,15020654.0,7.088942505347464e-05,0
27.9901,15020653.0,7.088942505347464e-05,0
28.0175,15020653.0,7.088942505347464e-05,0
28.045,15020653.0,7.088942505347464e-05,0
28.0725,15020657.0,7.088942505347464e-05,0
28.0999,15020659.0,7.088942505347464e-05,0
28.1274,15020656.0,7.088942505347464e-05,0
28.155,15020656.0,7.100289831054984e-05,0
28.1825,15020656.0,7.100289831054984e-05,0
28.2097,15020657.0,7.088942505347464e-05,0
28.2373,15020657.0,7.088942505347464e-05,0
28.2651,15020658.0,7.100289831054984e-05,0
28.2923,15020657.0,7.11165532051551e-05,0
28.3196,15020655.0,7.100289831054984e-05,0
28.3472,15020658.0,7.100289831054984e-05,0
28.3745,15020659.0,7.100289831054984e-05,0
28.402,15020654.0,7.100289831054984e-05,0
28.4297,15020653.0,7.100289831054984e-05,0
28.4569,15020655.0,7.100289831054984e-05,0
28.4845,15020657.0,7.100289831054984e-05,0
28.5121,15020656.0,7.100289831054984e-05,0
28.5397,15020654.0,7.100289831054984e-05,0
28.5673,15020654.0,7.100289831054984e-05,0
28.5948,15020653.0,7.100289831054984e-05,0
28.6221,15020664.0,7.100289831054984e-05,0
28.6491,15020664.0,7.100289831054984e-05,0
28.6765,15020661.0,7.088942505347464e-05,0
28.704,15020661.0,7.088942505347464e-05,0
28.7312,15020659.0,7.100289831054984e-05,0
28.7586,15020659.0,7.11165532051551e-05,0
28.7861,15020654.0,7.11165532051551e-05,0
28.8135,15020654.0,7.100289831054984e-05,0
28.841,15020669.0,7.088942505347464e-05,0
28.8683,15020669.0,7.100289831054984e-05,0
28.8953,15020655.0,7.100289831054984e-05,0
28.9224,15020655.0,7.100289831054984e-05,0
28.9501,15020654.0,7.100289831054984e-05,0
28.978,15020653.0,7.100289831054984e-05,0
29.0054,15020655.0,7.100289831054984e-05,0
29.0326,15020658.0,7.100289831054984e-05,0
29.0599,15020656.0,7.11165532051551e-05,0
29.0876,15020653.0,7.100289831054984e-05,0
29.1155,15020656.0,7.100289831054984e-05,0
29.143,15020658.0,7.11165532051551e-05,0
29.1704,15020659.0,7.11165532051551e-05,0
29.1981,15020658.0,7.11165532051551e-05,0
29.2255,15020658.0,7.11165532051551e-05,0
29.2528,15020660.0,7.11165532051551e-05,0
