<?xml version="1.0" ?><run_info machine="DESKTOP-JBJNQ2U" device="13819110" name="MM231106W7_FV699_1X_D2" ruling="bad" signature="571a5ab75a03adc057dead76777aae934583712d9d6bd2950903d261ee8fea9f"><metrics signature="5bfa024f03a4aa191c3298fee4c78c5af1e359120ed9b32db41f15c550a8e9ae"><metric name="calibrated" value="2024-02-23T09:38:18"/><metric name="start" value="2024-02-23T09:38:21"/><metric name="stop" value="2024-02-23T09:38:50"/><metric name="duration" value="28.9116" units="seconds"/><metric name="samples" value="2170"/></metrics><audits signature="a48807a0ecf46e5ec1a1e32190d1ce0ec96d397c251384de1f04c068bbf43419"><audit profile="f50c8ccd45259b05" action="CAPTURE" recorded="2024-02-23T09:39:12.676999" machine="DESKTOP-JBJNQ2U" username="Zehra Parlak" initials="ZP" role="ADMIN" signature="9edb5bd2e7003e7c09d1b61be77c1ad5d0e8627298129c622c190fc4abfd183b"/><audit profile="f50c8ccd45259b05" action="ANALYZE" recorded="2024-02-23T09:42:57.656843" machine="DESKTOP-JBJNQ2U" username="Zehra Parlak" initials="ZP" role="ADMIN" signature="54900ed92656576f272e8342a9458c3f29bf3e8621acda96b4325362a783fb5a"/></audits><params recorded="2024-02-23T09:39:12.676999" signature="f803bc3f8fabac04f2364f4f012efd0a52d71b5098bc4449393ed26313701212"><param name="bioformulation" value="True"/><param name="batch_number" value="MM231106_W7" found="True"/><param name="surfactant" value="0.0" units="mg/mL" input="manual"/><param name="concentration" value="2.0" units="%w" input="manual"/><param name="surface_tension" value="49.667" units="mN/m" input="auto"/><param name="contact_angle" value="55.0" units="degrees" input="auto"/><param name="density" value="1.001" units="g/cm^3" input="auto"/></params><points recorded="2024-02-23T09:42:57.656843" signature="5bb2c7645ea4fd876fa1abf35db8c66d501ecd59e771c60d274fd229caf127b4"><point name="0" value="1433"/><point name="1" value="1438"/><point name="2" value="1442"/><point name="3" value="1487"/><point name="4" value="1700"/><point name="5" value="2037"/></points><batch_params recorded="2024-02-23T09:42:58.261289" signature="55e7478fe8f0619cc314f0a25c52ba98333b8b86afceb14c8c5ca36e820835e0"><batch_param name="BATCH" value="MM231106_W7" found="True"/><batch_param name="CA_offset" value="-4.5"/><batch_param name="freq_delta_15MHz" value="300"/><batch_param name="freq_factor_15MHz" value="0.0132"/><batch_param name="diss_factor1_15MHz" value="0.2300e6"/><batch_param name="diss_factor2_15MHz" value="0"/><batch_param name="freq_delta_5MHz" value="51000000"/><batch_param name="freq_factor_5MHz" value="0.0147"/><batch_param name="diss_factor1_5MHz" value="0.2222e6"/><batch_param name="diss_factor2_5MHz" value="1.67"/><batch_param name="distances" value="[1.22 2.02 2.47 2.94 3.52 4.95 10.95 16.15]"/></batch_params></run_info>