Date,Time,Relative_time,Ambient,Temperature,Peak Magnitude (RAW),Resonance_Frequency,Dissipation
2023-06-02,10:58:47,0.3471,26.44,25.56,3473,5016068.0,3.437403428103778e-05
2023-06-02,10:58:47,0.3738,26.44,25.56,3257,5016442.0,4.855892075157633e-05
2023-06-02,10:58:47,0.5719,26.44,25.56,3265,5016379.0,4.794154695393362e-05
2023-06-02,10:58:47,0.7887,26.44,25.56,3265,5016349.0,4.794154695393362e-05
2023-06-02,10:58:48,1.017,26.44,25.56,3263,5016332.0,4.809515061118058e-05
2023-06-02,10:58:48,1.0191,26.44,25.56,3170,5016321.0,5.580861019694171e-05
2023-06-02,10:58:48,1.2471,26.44,25.56,3264,5016320.0,4.801828736307055e-05
2023-06-02,10:58:48,1.4755,26.44,25.56,3264,5016318.0,4.801828736307055e-05
2023-06-02,10:58:48,1.4776,26.44,25.56,3168,5016313.0,5.598741975100882e-05
2023-06-02,10:58:48,1.7058,26.44,25.56,3264,5016316.0,4.801828736307055e-05
2023-06-02,10:58:49,1.9343,26.44,25.56,3264,5016316.0,4.801828736307055e-05
2023-06-02,10:58:49,1.9363,26.44,25.56,3167,5016312.0,5.607703925165498e-05
2023-06-02,10:58:49,2.1644,26.44,25.53,3265,5016315.0,4.794154695393362e-05
2023-06-02,10:58:49,2.3925,26.44,25.53,3264,5016316.0,4.801828736307055e-05
2023-06-02,10:58:49,2.3946,26.44,25.53,3166,5016312.0,5.616680220693665e-05
2023-06-02,10:58:49,2.6228,26.44,25.53,3263,5016314.0,4.809515061118058e-05
2023-06-02,10:58:49,2.6247,26.44,25.53,3167,5016311.0,5.607703925165498e-05
2023-06-02,10:58:50,2.853,26.44,25.53,3265,5016315.0,4.794154695393362e-05
2023-06-02,10:58:50,3.0809,26.44,25.53,3265,5016316.0,4.794154695393362e-05
2023-06-02,10:58:50,3.083,26.44,25.53,3167,5016314.0,5.607703925165498e-05
2023-06-02,10:58:50,3.3112,26.44,25.53,3263,5016315.0,4.809515061118058e-05
2023-06-02,10:58:50,3.3132,26.44,25.53,3167,5016312.0,5.607703925165498e-05
2023-06-02,10:58:50,3.5413,26.44,25.53,3264,5016316.0,4.801828736307055e-05
2023-06-02,10:58:50,3.7696,26.44,25.53,3263,5016316.0,4.809515061118058e-05
2023-06-02,10:58:50,3.7715,26.44,25.53,3167,5016313.0,5.607703925165498e-05
2023-06-02,10:58:51,3.9997,26.44,25.53,3265,5016315.0,4.794154695393362e-05
2023-06-02,10:58:51,4.2282,26.44,25.51,3263,5016315.0,4.809515061118058e-05
2023-06-02,10:58:51,4.2301,26.44,25.51,3168,5016312.0,5.598741975100882e-05
2023-06-02,10:58:51,4.4583,26.44,25.51,3264,5016314.0,4.801828736307055e-05
2023-06-02,10:58:51,4.4604,26.44,25.51,3169,5016311.0,5.589794347573629e-05
2023-06-02,10:58:51,4.6889,26.44,25.51,3263,5016315.0,4.809515061118058e-05
2023-06-02,10:58:52,4.9171,26.44,25.51,3264,5016316.0,4.801828736307055e-05
2023-06-02,10:58:52,4.9191,26.44,25.51,3169,5016312.0,5.589794347573629e-05
2023-06-02,10:58:52,5.1475,26.44,25.51,3266,5016315.0,4.786492918745464e-05
2023-06-02,10:58:52,5.376,26.44,25.51,3265,5016316.0,4.794154695393362e-05
2023-06-02,10:58:52,5.378,26.44,25.51,3169,5016313.0,5.589794347573629e-05
2023-06-02,10:58:52,5.6065,26.44,25.51,3263,5016316.0,4.809515061118058e-05
2023-06-02,10:58:53,5.8348,26.44,25.51,3265,5016316.0,4.794154695393362e-05
2023-06-02,10:58:53,5.8369,26.44,25.51,3168,5016313.0,5.598741975100882e-05
2023-06-02,10:58:53,6.065,26.44,25.51,3264,5016316.0,4.801828736307055e-05
2023-06-02,10:58:53,6.2932,26.44,25.51,3263,5016316.0,4.809515061118058e-05
2023-06-02,10:58:53,6.2953,26.44,25.51,3166,5016312.0,5.616680220693665e-05
2023-06-02,10:58:53,6.5235,26.44,25.51,3263,5016315.0,4.809515061118058e-05
2023-06-02,10:58:53,6.7518,26.44,25.51,3265,5016316.0,4.794154695393362e-05
2023-06-02,10:58:53,6.7539,26.44,25.51,3166,5016312.0,5.616680220693665e-05
2023-06-02,10:58:54,6.9822,26.44,25.51,3263,5016315.0,4.809515061118058e-05
2023-06-02,10:58:54,7.2103,26.44,25.51,3262,5016315.0,4.817213689489294e-05
2023-06-02,10:58:54,7.2125,26.44,25.51,3166,5016312.0,5.616680220693665e-05
2023-06-02,10:58:54,7.4405,26.44,25.51,3262,5016314.0,4.817213689489294e-05
2023-06-02,10:58:54,7.4426,26.44,25.51,3168,5016311.0,5.598741975100882e-05
2023-06-02,10:58:54,7.6711,26.44,25.51,3262,5016315.0,4.817213689489294e-05
2023-06-02,10:58:55,7.8994,26.44,25.51,3262,5016316.0,4.817213689489294e-05
2023-06-02,10:58:55,7.9014,26.44,25.51,3168,5016312.0,5.598741975100882e-05
2023-06-02,10:58:55,8.1295,26.44,25.5,3263,5016316.0,4.809515061118058e-05
2023-06-02,10:58:55,8.3578,26.44,25.5,3266,5016317.0,4.786492918745464e-05
2023-06-02,10:58:55,8.3599,26.44,25.5,3168,5016314.0,5.598741975100882e-05
2023-06-02,10:58:55,8.5882,26.44,25.5,3262,5016316.0,4.817213689489294e-05
2023-06-02,10:58:56,8.8165,26.44,25.5,3263,5016316.0,4.809515061118058e-05
2023-06-02,10:58:56,8.8184,26.44,25.5,3166,5016313.0,5.616680220693665e-05
2023-06-02,10:58:56,9.0469,26.44,25.5,3262,5016316.0,4.817213689489294e-05
2023-06-02,10:58:56,9.275,26.44,25.5,3263,5016316.0,4.809515061118058e-05
2023-06-02,10:58:56,9.277,26.44,25.5,3165,5016313.0,5.625670884648287e-05
2023-06-02,10:58:56,9.5055,26.44,25.5,3262,5016315.0,4.817213689489294e-05
2023-06-02,10:58:56,9.7338,26.44,25.5,3264,5016316.0,4.801828736307055e-05
2023-06-02,10:58:56,9.7358,26.44,25.5,3166,5016313.0,5.616680220693665e-05
2023-06-02,10:58:57,9.9642,26.44,25.5,3262,5016316.0,4.817213689489294e-05
2023-06-02,10:58:57,10.1926,26.44,25.5,3263,5016316.0,4.809515061118058e-05
2023-06-02,10:58:57,10.1946,26.44,25.5,3165,5016313.0,5.625670884648287e-05
2023-06-02,10:58:57,10.4227,26.44,25.5,3264,5016315.0,4.801828736307055e-05
2023-06-02,10:58:57,10.4248,26.44,25.5,3168,5016313.0,5.598741975100882e-05
2023-06-02,10:58:57,10.6533,26.44,25.5,3263,5016316.0,4.809515061118058e-05
2023-06-02,10:58:58,10.8816,26.44,25.5,3263,5016316.0,4.809515061118058e-05
2023-06-02,10:58:58,10.8837,26.44,25.5,3169,5016313.0,5.589794347573629e-05
2023-06-02,10:58:58,11.1123,26.44,25.5,3262,5016316.0,4.817213689489294e-05
2023-06-02,10:58:58,11.3408,26.44,25.5,3263,5016316.0,4.809515061118058e-05
2023-06-02,10:58:58,11.3428,26.44,25.5,3170,5016313.0,5.580861019694171e-05
2023-06-02,10:58:58,11.5713,26.44,25.5,3263,5016316.0,4.809515061118058e-05
2023-06-02,10:58:58,11.7994,26.44,25.5,3262,5016316.0,4.817213689489294e-05
2023-06-02,10:58:58,11.8014,26.44,25.5,3168,5016313.0,5.598741975100882e-05
2023-06-02,10:58:59,12.03,26.38,25.38,3263,5016316.0,4.809515061118058e-05
2023-06-02,10:58:59,12.2583,26.38,25.38,3262,5016316.0,4.817213689489294e-05
2023-06-02,10:58:59,12.2603,26.38,25.38,3169,5016314.0,5.589794347573629e-05
2023-06-02,10:58:59,12.4887,26.38,25.38,3263,5016316.0,4.809515061118058e-05
2023-06-02,10:58:59,12.717,26.38,25.38,3262,5016317.0,4.817213689489294e-05
2023-06-02,10:58:59,12.7192,26.38,25.38,3166,5016313.0,5.616680220693665e-05
2023-06-02,10:59:00,12.9475,26.38,25.38,3262,5016316.0,4.817213689489294e-05
2023-06-02,10:59:00,13.1756,26.38,25.38,3262,5016317.0,4.817213689489294e-05
2023-06-02,10:59:00,13.1777,26.38,25.38,3167,5016313.0,5.607703925165498e-05
2023-06-02,10:59:00,13.406,26.38,25.38,3261,5016316.0,4.824924641115174e-05
2023-06-02,10:59:00,13.6345,26.38,25.38,3261,5016317.0,4.824924641115174e-05
2023-06-02,10:59:00,13.6366,26.38,25.38,3165,5016313.0,5.625670884648287e-05
2023-06-02,10:59:01,13.8649,26.38,25.38,3261,5016317.0,4.824924641115174e-05
2023-06-02,10:59:01,14.0935,26.44,25.44,3261,5016317.0,4.824924641115174e-05
2023-06-02,10:59:01,14.0954,26.44,25.44,3169,5016315.0,5.589794347573629e-05
2023-06-02,10:59:01,14.3241,26.44,25.44,3260,5016317.0,4.83264793572162e-05
2023-06-02,10:59:01,14.5525,26.44,25.44,3262,5016317.0,4.817213689489294e-05
2023-06-02,10:59:01,14.5545,26.44,25.44,3167,5016314.0,5.607703925165498e-05
2023-06-02,10:59:01,14.7828,26.44,25.44,3261,5016317.0,4.824924641115174e-05
2023-06-02,10:59:02,15.0112,26.44,25.44,3260,5016317.0,4.83264793572162e-05
2023-06-02,10:59:02,15.0132,26.44,25.44,3166,5016313.0,5.616680220693665e-05
2023-06-02,10:59:02,15.2416,26.44,25.44,3261,5016317.0,4.824924641115174e-05
2023-06-02,10:59:02,15.47,26.44,25.44,3261,5016317.0,4.824924641115174e-05
2023-06-02,10:59:02,15.4721,26.44,25.44,3166,5016313.0,5.616680220693665e-05
2023-06-02,10:59:02,15.7006,26.44,25.44,3262,5016316.0,4.817213689489294e-05
2023-06-02,10:59:03,15.929,26.44,25.44,3261,5016318.0,4.824924641115174e-05
2023-06-02,10:59:03,15.9311,26.44,25.44,3166,5016314.0,5.616680220693665e-05
2023-06-02,10:59:03,16.1596,26.44,25.34,3261,5016316.0,4.824924641115174e-05
2023-06-02,10:59:03,16.3881,26.44,25.34,3260,5016317.0,4.83264793572162e-05
2023-06-02,10:59:03,16.3901,26.44,25.34,3165,5016314.0,5.625670884648287e-05
2023-06-02,10:59:03,16.6186,26.44,25.34,3260,5016317.0,4.83264793572162e-05
2023-06-02,10:59:04,16.8468,26.44,25.34,3260,5016318.0,4.83264793572162e-05
2023-06-02,10:59:04,16.8489,26.44,25.34,3164,5016313.0,5.63467594002901e-05
2023-06-02,10:59:04,17.0771,26.44,25.34,3260,5016317.0,4.83264793572162e-05
2023-06-02,10:59:04,17.3054,26.44,25.34,3262,5016318.0,4.817213689489294e-05
2023-06-02,10:59:04,17.3075,26.44,25.34,3163,5016314.0,5.643695409872308e-05
2023-06-02,10:59:04,17.5358,26.44,25.34,3262,5016318.0,4.817213689489294e-05
2023-06-02,10:59:04,17.7642,26.44,25.34,3260,5016318.0,4.83264793572162e-05
2023-06-02,10:59:04,17.7662,26.44,25.34,3164,5016313.0,5.63467594002901e-05
2023-06-02,10:59:05,17.9947,26.44,25.34,3262,5016318.0,4.817213689489294e-05
2023-06-02,10:59:05,18.2231,26.38,25.3,3260,5016318.0,4.83264793572162e-05
2023-06-02,10:59:05,18.2251,26.38,25.3,3165,5016315.0,5.625670884648287e-05
2023-06-02,10:59:05,18.4535,26.38,25.3,3261,5016318.0,4.824924641115174e-05
2023-06-02,10:59:05,18.6817,26.38,25.3,3261,5016318.0,4.824924641115174e-05
2023-06-02,10:59:05,18.6837,26.38,25.3,3165,5016314.0,5.625670884648287e-05
2023-06-02,10:59:06,18.912,26.38,25.3,3261,5016315.0,4.824924641115174e-05
2023-06-02,10:59:06,18.914,26.38,25.3,3167,5016313.0,5.607703925165498e-05
2023-06-02,10:59:06,19.1422,26.38,25.3,3260,5016316.0,4.83264793572162e-05
2023-06-02,10:59:06,19.3706,26.38,25.3,3260,5016317.0,4.83264793572162e-05
2023-06-02,10:59:06,19.3728,26.38,25.3,3165,5016314.0,5.625670884648287e-05
2023-06-02,10:59:06,19.6014,26.38,25.3,3260,5016316.0,4.83264793572162e-05
2023-06-02,10:59:07,19.8296,26.38,25.3,3260,5016317.0,4.83264793572162e-05
2023-06-02,10:59:07,19.8318,26.38,25.3,3167,5016314.0,5.607703925165498e-05
2023-06-02,10:59:07,20.0599,26.38,25.4,3260,5016317.0,4.83264793572162e-05
2023-06-02,10:59:07,20.2881,26.38,25.4,3261,5016317.0,4.824924641115174e-05
2023-06-02,10:59:07,20.2901,26.38,25.4,3163,5016314.0,5.643695409872308e-05
2023-06-02,10:59:07,20.5185,26.38,25.4,3260,5016317.0,4.83264793572162e-05
2023-06-02,10:59:07,20.7466,26.38,25.4,3262,5016318.0,4.817213689489294e-05
2023-06-02,10:59:07,20.7486,26.38,25.4,3162,5016314.0,5.652729317251516e-05
2023-06-02,10:59:08,20.977,26.38,25.4,3261,5016316.0,4.824924641115174e-05
2023-06-02,10:59:08,20.979,26.38,25.4,3166,5016313.0,5.616680220693665e-05
2023-06-02,10:59:08,21.2075,26.38,25.4,3260,5016316.0,4.83264793572162e-05
2023-06-02,10:59:08,21.4356,26.38,25.4,3260,5016318.0,4.83264793572162e-05
2023-06-02,10:59:08,21.4377,26.38,25.4,3163,5016314.0,5.643695409872308e-05
2023-06-02,10:59:08,21.666,26.38,25.4,3259,5016317.0,4.840383593066149e-05
2023-06-02,10:59:09,21.8941,26.38,25.4,3259,5016317.0,4.840383593066149e-05
2023-06-02,10:59:09,21.8963,26.38,25.4,3163,5016314.0,5.643695409872308e-05
2023-06-02,10:59:09,22.1245,26.44,25.45,3259,5016317.0,4.840383593066149e-05
2023-06-02,10:59:09,22.3529,26.44,25.45,3260,5016318.0,4.83264793572162e-05
2023-06-02,10:59:09,22.3549,26.44,25.45,3162,5016314.0,5.652729317251516e-05
2023-06-02,10:59:09,22.5831,26.44,25.45,3260,5016316.0,4.83264793572162e-05
2023-06-02,10:59:10,22.8116,26.44,25.45,3258,5016318.0,4.848131632937881e-05
2023-06-02,10:59:10,22.8137,26.44,25.45,3163,5016315.0,5.643695409872308e-05
2023-06-02,10:59:10,23.0421,26.44,25.45,3259,5016318.0,4.840383593066149e-05
2023-06-02,10:59:10,23.2705,26.44,25.45,3259,5016318.0,4.840383593066149e-05
2023-06-02,10:59:10,23.2727,26.44,25.45,3162,5016314.0,5.652729317251516e-05
2023-06-02,10:59:10,23.5009,26.44,25.45,3259,5016317.0,4.840383593066149e-05
2023-06-02,10:59:10,23.729,26.44,25.45,3229,5016313.0,5.078301290075883e-05
2023-06-02,10:59:10,23.731,26.44,25.45,3164,5016308.0,5.63467594002901e-05
2023-06-02,10:59:11,23.9576,26.44,25.45,3201,5016292.0,5.310897275646146e-05
2023-06-02,10:59:11,23.9598,26.44,25.45,3170,5016284.0,5.580861019694171e-05
2023-06-02,10:59:11,24.19,26.44,25.47,3220,5016273.0,5.15193136360171e-05
2023-06-02,10:59:11,24.4163,26.44,25.47,3229,5016261.0,5.078301290075883e-05
2023-06-02,10:59:11,24.4186,26.44,25.47,3216,5016260.0,5.184997599151607e-05
2023-06-02,10:59:11,24.6485,26.44,25.47,3234,5016252.0,5.037851359806128e-05
2023-06-02,10:59:12,24.8775,26.44,25.47,3232,5016247.0,5.053992524259506e-05
2023-06-02,10:59:12,25.106,26.44,25.47,3229,5016245.0,5.078301290075883e-05
2023-06-02,10:59:12,25.3342,26.44,25.47,3228,5016242.0,5.086430166665859e-05
2023-06-02,10:59:12,25.3365,26.44,25.47,3224,5016245.0,5.119076001039222e-05
2023-06-02,10:59:12,25.5644,26.44,25.47,3226,5016242.0,5.102726976543143e-05
2023-06-02,10:59:12,25.7921,26.44,25.47,3223,5016239.0,5.12727014602792e-05
2023-06-02,10:59:12,25.7945,26.44,25.47,3219,5016242.0,5.160178100426208e-05
2023-06-02,10:59:13,26.0226,26.44,25.47,3221,5016238.0,5.143697806296785e-05
2023-06-02,10:59:13,26.0249,26.44,25.47,3220,5016241.0,5.15193136360171e-05
2023-06-02,10:59:13,26.2539,26.44,25.36,3222,5016238.0,5.135477407448581e-05
2023-06-02,10:59:13,26.4826,26.44,25.36,3219,5016237.0,5.160178100426208e-05
2023-06-02,10:59:13,26.7114,26.44,25.36,3217,5016236.0,5.176711197053915e-05
2023-06-02,10:59:14,26.9401,26.44,25.36,3215,5016235.0,5.193297265357945e-05
2023-06-02,10:59:14,26.9426,26.44,25.36,3213,5016238.0,5.209936475058378e-05
2023-06-02,10:59:14,27.1713,26.44,25.36,3214,5016235.0,5.201610216904882e-05
2023-06-02,10:59:14,27.3999,26.44,25.36,3212,5016234.0,5.21827606111841e-05
2023-06-02,10:59:14,27.6291,26.44,25.36,3212,5016234.0,5.21827606111841e-05
2023-06-02,10:59:15,27.859,26.44,25.36,3211,5016233.0,5.226628996419073e-05
2023-06-02,10:59:15,28.0855,26.38,25.31,3210,5016231.0,5.234995302328592e-05
2023-06-02,10:59:15,28.0876,26.38,25.31,3209,5016235.0,5.243375000249414e-05
2023-06-02,10:59:15,28.3179,26.38,25.31,3209,5016233.0,5.243375000249414e-05
2023-06-02,10:59:15,28.5441,26.38,25.31,3208,5016231.0,5.251768111618226e-05
2023-06-02,10:59:15,28.5464,26.38,25.31,3208,5016234.0,5.251768111618226e-05
2023-06-02,10:59:15,28.7767,26.38,25.31,3207,5016231.0,5.26017465790605e-05
2023-06-02,10:59:16,29.0031,26.38,25.31,3206,5016229.0,5.268594660618255e-05
2023-06-02,10:59:16,29.0054,26.38,25.31,3207,5016233.0,5.26017465790605e-05
2023-06-02,10:59:16,29.232,26.38,25.31,3204,5016229.0,5.285475121509524e-05
2023-06-02,10:59:16,29.2344,26.38,25.31,3206,5016233.0,5.268594660618255e-05
2023-06-02,10:59:16,29.4647,26.38,25.31,3206,5016230.0,5.268594660618255e-05
2023-06-02,10:59:16,29.6912,26.38,25.31,3204,5016228.0,5.285475121509524e-05
2023-06-02,10:59:16,29.6935,26.38,25.31,3205,5016231.0,5.277028141294655e-05
2023-06-02,10:59:17,29.92,26.38,25.31,3203,5016228.0,5.293935622871686e-05
2023-06-02,10:59:17,29.9223,26.38,25.31,3206,5016232.0,5.268594660618255e-05
2023-06-02,10:59:17,30.1525,26.38,25.28,3203,5016229.0,5.293935622871686e-05
2023-06-02,10:59:17,30.379,26.38,25.28,3203,5016228.0,5.293935622871686e-05
2023-06-02,10:59:17,30.3814,26.38,25.28,3204,5016230.0,5.285475121509524e-05
2023-06-02,10:59:17,30.6078,26.38,25.28,3202,5016228.0,5.30240966702454e-05
2023-06-02,10:59:17,30.6101,26.38,25.28,3204,5016231.0,5.285475121509524e-05
2023-06-02,10:59:18,30.837,26.38,25.28,3200,5016228.0,5.319398470449244e-05
2023-06-02,10:59:18,30.8393,26.38,25.28,3203,5016231.0,5.293935622871686e-05
2023-06-02,10:59:18,31.0695,26.38,25.28,3200,5016228.0,5.319398470449244e-05
2023-06-02,10:59:18,31.2962,26.38,25.28,3199,5016226.0,5.327913273181353e-05
2023-06-02,10:59:18,31.2985,26.38,25.28,3203,5016229.0,5.293935622871686e-05
2023-06-02,10:59:18,31.5252,26.38,25.28,3198,5016226.0,5.33644170562478e-05
2023-06-02,10:59:18,31.5275,26.38,25.28,3205,5016230.0,5.277028141294655e-05
2023-06-02,10:59:18,31.7541,26.38,25.28,3196,5016226.0,5.353539546949275e-05
2023-06-02,10:59:18,31.7564,26.38,25.28,3200,5016230.0,5.319398470449244e-05
2023-06-02,10:59:19,31.9864,26.38,25.28,3198,5016227.0,5.33644170562478e-05
2023-06-02,10:59:19,32.2131,26.38,25.26,3196,5016224.0,5.353539546949275e-05
2023-06-02,10:59:19,32.2154,26.38,25.26,3200,5016228.0,5.319398470449244e-05
2023-06-02,10:59:19,32.4422,26.38,25.26,3195,5016224.0,5.36210899956954e-05
2023-06-02,10:59:19,32.4446,26.38,25.26,3198,5016228.0,5.33644170562478e-05
2023-06-02,10:59:19,32.6713,26.38,25.26,3195,5016225.0,5.36210899956954e-05
2023-06-02,10:59:19,32.6739,26.38,25.26,3199,5016228.0,5.327913273181353e-05
2023-06-02,10:59:20,32.9043,26.38,25.26,3197,5016226.0,5.344983789596722e-05
2023-06-02,10:59:20,33.1312,26.38,25.26,3195,5016223.0,5.36210899956954e-05
2023-06-02,10:59:20,33.1335,26.38,25.26,3200,5016228.0,5.319398470449244e-05
2023-06-02,10:59:20,33.3606,26.38,25.26,3196,5016225.0,5.353539546949275e-05
2023-06-02,10:59:20,33.3629,26.38,25.26,3202,5016229.0,5.30240966702454e-05
2023-06-02,10:59:20,33.59,26.38,25.26,3195,5016226.0,5.36210899956954e-05
2023-06-02,10:59:20,33.5924,26.38,25.26,3201,5016228.0,5.310897275646146e-05
2023-06-02,10:59:21,33.8192,26.38,25.26,3193,5016224.0,5.379289078336754e-05
2023-06-02,10:59:21,33.8217,26.38,25.26,3200,5016228.0,5.319398470449244e-05
2023-06-02,10:59:21,34.0486,26.38,25.26,3195,5016224.0,5.36210899956954e-05
2023-06-02,10:59:21,34.051,26.38,25.26,3200,5016228.0,5.319398470449244e-05
2023-06-02,10:59:21,34.2776,26.38,25.26,3194,5016224.0,5.370692169379625e-05
2023-06-02,10:59:21,34.28,26.38,25.26,3199,5016227.0,5.327913273181353e-05
2023-06-02,10:59:21,34.5068,26.38,25.26,3194,5016223.0,5.370692169379625e-05
2023-06-02,10:59:21,34.5091,26.38,25.26,3199,5016226.0,5.327913273181353e-05
2023-06-02,10:59:21,34.7361,26.38,25.26,3194,5016222.0,5.370692169379625e-05
2023-06-02,10:59:21,34.7384,26.38,25.26,3199,5016226.0,5.327913273181353e-05
2023-06-02,10:59:22,34.9652,26.38,25.26,3195,5016222.0,5.36210899956954e-05
2023-06-02,10:59:22,34.9676,26.38,25.26,3199,5016225.0,5.327913273181353e-05
2023-06-02,10:59:22,35.1945,26.38,25.26,3194,5016222.0,5.370692169379625e-05
2023-06-02,10:59:22,35.1969,26.38,25.26,3200,5016225.0,5.319398470449244e-05
2023-06-02,10:59:22,35.4236,26.38,25.26,3194,5016222.0,5.370692169379625e-05
2023-06-02,10:59:22,35.426,26.38,25.26,3199,5016226.0,5.327913273181353e-05
2023-06-02,10:59:22,35.6526,26.38,25.26,3192,5016221.0,5.387899748433279e-05
2023-06-02,10:59:22,35.655,26.38,25.26,3199,5016225.0,5.327913273181353e-05
2023-06-02,10:59:23,35.8817,26.38,25.26,3193,5016221.0,5.379289078336754e-05
2023-06-02,10:59:23,35.8841,26.38,25.26,3202,5016226.0,5.30240966702454e-05
2023-06-02,10:59:23,36.1143,26.38,25.25,3192,5016222.0,5.387899748433279e-05
2023-06-02,10:59:23,36.3407,26.38,25.25,3193,5016221.0,5.379289078336754e-05
2023-06-02,10:59:23,36.3431,26.38,25.25,3199,5016225.0,5.327913273181353e-05
2023-06-02,10:59:23,36.5696,26.38,25.25,3192,5016221.0,5.387899748433279e-05
2023-06-02,10:59:23,36.572,26.38,25.25,3198,5016224.0,5.33644170562478e-05
2023-06-02,10:59:23,36.7989,26.38,25.25,3190,5016220.0,5.405162460190048e-05
2023-06-02,10:59:23,36.8012,26.38,25.25,3197,5016224.0,5.344983789596722e-05
2023-06-02,10:59:24,37.0314,26.38,25.25,3192,5016221.0,5.387899748433279e-05
2023-06-02,10:59:24,37.2576,26.38,25.25,3191,5016219.0,5.396524201696773e-05
2023-06-02,10:59:24,37.26,26.38,25.25,3197,5016223.0,5.344983789596722e-05
2023-06-02,10:59:24,37.4904,26.38,25.25,3191,5016220.0,5.396524201696773e-05
2023-06-02,10:59:24,37.7167,26.38,25.25,3190,5016218.0,5.405162460190048e-05
2023-06-02,10:59:24,37.7193,26.38,25.25,3196,5016222.0,5.353539546949275e-05
2023-06-02,10:59:25,37.9458,26.38,25.25,3189,5016219.0,5.413814546011255e-05
2023-06-02,10:59:25,37.9484,26.38,25.25,3196,5016223.0,5.353539546949275e-05
2023-06-02,10:59:25,38.1748,26.38,25.25,3189,5016220.0,5.413814546011255e-05
2023-06-02,10:59:25,38.1772,26.38,25.25,3197,5016224.0,5.344983789596722e-05
2023-06-02,10:59:25,38.4038,26.38,25.25,3189,5016220.0,5.413814546011255e-05
2023-06-02,10:59:25,38.4062,26.38,25.25,3194,5016224.0,5.370692169379625e-05
2023-06-02,10:59:25,38.6362,26.38,25.25,3188,5016220.0,5.422480481293894e-05
2023-06-02,10:59:26,38.8624,26.38,25.25,3186,5016217.0,5.439853988954739e-05
2023-06-02,10:59:26,38.8647,26.38,25.25,3193,5016222.0,5.379289078336754e-05
2023-06-02,10:59:26,39.095,26.38,25.25,3187,5016218.0,5.431160288206915e-05
2023-06-02,10:59:26,39.3213,26.38,25.25,3185,5016216.0,5.448561605777345e-05
2023-06-02,10:59:26,39.3236,26.38,25.25,3193,5016221.0,5.379289078336754e-05
2023-06-02,10:59:26,39.5538,26.38,25.25,3188,5016217.0,5.422480481293894e-05
2023-06-02,10:59:26,39.7799,26.38,25.25,3187,5016216.0,5.431160288206915e-05
2023-06-02,10:59:26,39.7824,26.38,25.25,3194,5016220.0,5.370692169379625e-05
2023-06-02,10:59:27,40.0119,26.38,25.25,3186,5016217.0,5.439853988954739e-05
2023-06-02,10:59:27,40.2416,26.38,25.38,3186,5016215.0,5.439853988954739e-05
2023-06-02,10:59:27,40.471,26.38,25.38,3187,5016214.0,5.431160288206915e-05
2023-06-02,10:59:27,40.6967,26.38,25.38,3187,5016213.0,5.431160288206915e-05
2023-06-02,10:59:27,40.6991,26.38,25.38,3193,5016219.0,5.379289078336754e-05
2023-06-02,10:59:28,40.929,26.38,25.38,3186,5016215.0,5.439853988954739e-05
2023-06-02,10:59:28,41.1584,26.38,25.38,3186,5016214.0,5.439853988954739e-05
2023-06-02,10:59:28,41.3877,26.38,25.38,3186,5016213.0,5.439853988954739e-05
2023-06-02,10:59:28,41.6167,26.38,25.38,3185,5016212.0,5.448561605777345e-05
2023-06-02,10:59:29,41.8457,26.38,25.38,3184,5016212.0,5.457283160950291e-05
2023-06-02,10:59:29,42.0748,26.38,25.31,3184,5016212.0,5.457283160950291e-05
2023-06-02,10:59:29,42.3041,26.38,25.31,3185,5016212.0,5.448561605777345e-05
2023-06-02,10:59:29,42.5333,26.38,25.31,3183,5016212.0,5.466018676784816e-05
2023-06-02,10:59:29,42.7623,26.38,25.31,3185,5016212.0,5.448561605777345e-05
2023-06-02,10:59:30,42.9917,26.38,25.31,3185,5016213.0,5.448561605777345e-05
2023-06-02,10:59:30,43.2206,26.38,25.31,3183,5016211.0,5.466018676784816e-05
2023-06-02,10:59:30,43.2229,26.38,25.31,3192,5016217.0,5.387899748433279e-05
2023-06-02,10:59:30,43.4522,26.38,25.31,3184,5016213.0,5.457283160950291e-05
2023-06-02,10:59:30,43.6815,26.38,25.31,3183,5016212.0,5.466018676784816e-05
2023-06-02,10:59:31,43.9105,26.38,25.31,3184,5016210.0,5.457283160950291e-05
2023-06-02,10:59:31,44.1395,26.38,25.28,3182,5016210.0,5.474768175627847e-05
2023-06-02,10:59:31,44.3683,26.38,25.28,3182,5016209.0,5.474768175627847e-05
2023-06-02,10:59:31,44.5978,26.38,25.28,3182,5016209.0,5.474768175627847e-05
2023-06-02,10:59:32,44.8267,26.38,25.28,3180,5016209.0,5.492309211906126e-05
2023-06-02,10:59:32,45.0557,26.38,25.28,3180,5016209.0,5.492309211906126e-05
2023-06-02,10:59:32,45.2847,26.38,25.28,3180,5016210.0,5.492309211906126e-05
2023-06-02,10:59:32,45.5134,26.38,25.28,3179,5016208.0,5.501100794214337e-05
2023-06-02,10:59:32,45.5159,26.38,25.28,3190,5016213.0,5.405162460190048e-05
2023-06-02,10:59:32,45.7447,26.38,25.28,3180,5016211.0,5.492309211906126e-05
2023-06-02,10:59:33,45.974,26.38,25.28,3179,5016209.0,5.501100794214337e-05
2023-06-02,10:59:33,46.2025,26.38,25.27,3176,5016209.0,5.527560067807824e-05
2023-06-02,10:59:33,46.4309,26.38,25.27,3175,5016207.0,5.536408076436756e-05
2023-06-02,10:59:33,46.4335,26.38,25.27,3189,5016213.0,5.413814546011255e-05
2023-06-02,10:59:33,46.6616,26.38,25.27,3175,5016210.0,5.536408076436756e-05
2023-06-02,10:59:34,46.8899,26.38,25.27,3174,5016208.0,5.545270248142291e-05
2023-06-02,10:59:34,46.8925,26.38,25.27,3185,5016212.0,5.448561605777345e-05
2023-06-02,10:59:34,47.1207,26.38,25.27,3173,5016209.0,5.554146605595389e-05
2023-06-02,10:59:34,47.3487,26.38,25.27,3173,5016207.0,5.554146605595389e-05
2023-06-02,10:59:34,47.3513,26.38,25.27,3183,5016211.0,5.466018676784816e-05
2023-06-02,10:59:34,47.5791,26.38,25.27,3172,5016210.0,5.563037171503273e-05
2023-06-02,10:59:35,47.8067,26.38,25.27,3172,5016207.0,5.563037171503273e-05
2023-06-02,10:59:35,47.8092,26.38,25.27,3183,5016211.0,5.466018676784816e-05
2023-06-02,10:59:35,48.0366,26.38,25.27,3172,5016208.0,5.563037171503273e-05
2023-06-02,10:59:35,48.039,26.38,25.27,3184,5016212.0,5.457283160950291e-05
2023-06-02,10:59:35,48.2665,26.38,25.26,3171,5016208.0,5.57194196860954e-05
2023-06-02,10:59:35,48.2689,26.38,25.26,3182,5016211.0,5.474768175627847e-05
2023-06-02,10:59:35,48.4961,26.38,25.26,3171,5016208.0,5.57194196860954e-05
2023-06-02,10:59:35,48.4985,26.38,25.26,3181,5016212.0,5.483531679862107e-05
2023-06-02,10:59:35,48.7257,26.38,25.26,3170,5016207.0,5.580861019694171e-05
2023-06-02,10:59:35,48.7282,26.38,25.26,3180,5016210.0,5.492309211906126e-05
2023-06-02,10:59:36,48.9552,26.38,25.26,3170,5016206.0,5.580861019694171e-05
2023-06-02,10:59:36,48.9578,26.38,25.26,3180,5016210.0,5.492309211906126e-05
2023-06-02,10:59:36,49.1849,26.38,25.26,3169,5016206.0,5.589794347573629e-05
2023-06-02,10:59:36,49.1873,26.38,25.26,3181,5016210.0,5.483531679862107e-05
2023-06-02,10:59:36,49.4147,26.38,25.26,3169,5016207.0,5.589794347573629e-05
2023-06-02,10:59:36,49.6457,26.38,25.26,3169,5016204.0,5.589794347573629e-05
2023-06-02,10:59:37,49.8729,26.38,25.26,3173,5016204.0,5.554146605595389e-05
2023-06-02,10:59:37,49.8752,26.38,25.26,3180,5016208.0,5.492309211906126e-05
2023-06-02,10:59:37,50.1022,26.31,25.25,3168,5016205.0,5.598741975100882e-05
2023-06-02,10:59:37,50.1048,26.31,25.25,3179,5016208.0,5.501100794214337e-05
2023-06-02,10:59:37,50.3317,26.31,25.25,3167,5016204.0,5.607703925165498e-05
2023-06-02,10:59:37,50.3342,26.31,25.25,3180,5016208.0,5.492309211906126e-05
2023-06-02,10:59:37,50.5612,26.31,25.25,3168,5016204.0,5.598741975100882e-05
2023-06-02,10:59:37,50.5638,26.31,25.25,3179,5016208.0,5.501100794214337e-05
2023-06-02,10:59:37,50.7906,26.31,25.25,3168,5016205.0,5.598741975100882e-05
2023-06-02,10:59:37,50.7932,26.31,25.25,3178,5016208.0,5.509906449277098e-05
2023-06-02,10:59:38,51.0202,26.31,25.25,3168,5016204.0,5.598741975100882e-05
2023-06-02,10:59:38,51.0228,26.31,25.25,3179,5016208.0,5.501100794214337e-05
2023-06-02,10:59:38,51.2496,26.31,25.25,3165,5016204.0,5.625670884648287e-05
2023-06-02,10:59:38,51.2521,26.31,25.25,3178,5016207.0,5.509906449277098e-05
2023-06-02,10:59:38,51.4794,26.31,25.25,3167,5016204.0,5.607703925165498e-05
2023-06-02,10:59:38,51.7104,26.31,25.25,3167,5016202.0,5.607703925165498e-05
2023-06-02,10:59:39,51.9381,26.31,25.25,3167,5016203.0,5.607703925165498e-05
2023-06-02,10:59:39,52.1662,26.38,25.25,3165,5016200.0,5.625670884648287e-05
2023-06-02,10:59:39,52.1687,26.38,25.25,3177,5016206.0,5.518726199620788e-05
2023-06-02,10:59:39,52.3968,26.38,25.25,3164,5016203.0,5.63467594002901e-05
2023-06-02,10:59:39,52.6252,26.38,25.25,3167,5016202.0,5.607703925165498e-05
2023-06-02,10:59:39,52.6277,26.38,25.25,3178,5016207.0,5.509906449277098e-05
2023-06-02,10:59:40,52.8568,26.38,25.25,3167,5016204.0,5.607703925165498e-05
2023-06-02,10:59:40,53.0863,26.38,25.25,3166,5016202.0,5.616680220693665e-05
2023-06-02,10:59:40,53.3118,26.38,25.25,3165,5016201.0,5.625670884648287e-05
2023-06-02,10:59:40,53.3143,26.38,25.25,3175,5016205.0,5.536408076436756e-05
2023-06-02,10:59:40,53.5438,26.38,25.25,3163,5016202.0,5.643695409872308e-05
2023-06-02,10:59:40,53.7733,26.38,25.25,3166,5016202.0,5.616680220693665e-05
2023-06-02,10:59:41,54.0029,26.38,25.25,3164,5016200.0,5.63467594002901e-05
2023-06-02,10:59:41,54.229,26.38,25.25,3162,5016199.0,5.652729317251516e-05
2023-06-02,10:59:41,54.2313,26.38,25.25,3173,5016204.0,5.554146605595389e-05
2023-06-02,10:59:41,54.461,26.38,25.25,3162,5016203.0,5.652729317251516e-05
2023-06-02,10:59:41,54.6905,26.38,25.25,3161,5016201.0,5.661777685276923e-05
2023-06-02,10:59:42,54.92,26.38,25.25,3161,5016199.0,5.661777685276923e-05
2023-06-02,10:59:42,55.1459,26.38,25.25,3160,5016198.0,5.670840537095784e-05
2023-06-02,10:59:42,55.1484,26.38,25.25,3170,5016204.0,5.580861019694171e-05
2023-06-02,10:59:42,55.3784,26.38,25.25,3160,5016201.0,5.670840537095784e-05
2023-06-02,10:59:42,55.6048,26.38,25.25,3159,5016198.0,5.679917895892433e-05
2023-06-02,10:59:42,55.6074,26.38,25.25,3170,5016201.0,5.580861019694171e-05
2023-06-02,10:59:43,55.8371,26.38,25.25,3159,5016199.0,5.679917895892433e-05
2023-06-02,10:59:43,56.0634,26.38,25.25,3158,5016198.0,5.689009784888294e-05
2023-06-02,10:59:43,56.0658,26.38,25.25,3169,5016203.0,5.589794347573629e-05
2023-06-02,10:59:43,56.2956,26.38,25.38,3158,5016201.0,5.689009784888294e-05
2023-06-02,10:59:43,56.5253,26.38,25.38,3158,5016199.0,5.689009784888294e-05
2023-06-02,10:59:43,56.7509,26.38,25.38,3157,5016198.0,5.698116227341977e-05
2023-06-02,10:59:43,56.7534,26.38,25.38,3167,5016203.0,5.607703925165498e-05
2023-06-02,10:59:44,56.983,26.38,25.38,3156,5016200.0,5.707237246549308e-05
2023-06-02,10:59:44,57.2093,26.38,25.38,3156,5016197.0,5.707237246549308e-05
2023-06-02,10:59:44,57.2119,26.38,25.38,3165,5016202.0,5.625670884648287e-05
2023-06-02,10:59:44,57.4415,26.38,25.38,3155,5016199.0,5.716372865843422e-05
2023-06-02,10:59:44,57.6678,26.38,25.38,3154,5016197.0,5.725523108594779e-05
2023-06-02,10:59:44,57.6704,26.38,25.38,3165,5016202.0,5.625670884648287e-05
2023-06-02,10:59:45,57.9001,26.38,25.38,3155,5016200.0,5.716372865843422e-05
2023-06-02,10:59:45,58.1298,26.31,25.31,3155,5016198.0,5.716372865843422e-05
2023-06-02,10:59:45,58.3558,26.31,25.31,3153,5016196.0,5.734687998211274e-05
2023-06-02,10:59:45,58.3584,26.31,25.31,3162,5016200.0,5.652729317251516e-05
2023-06-02,10:59:45,58.5879,26.31,25.31,3152,5016197.0,5.743867558138246e-05
2023-06-02,10:59:46,58.8175,26.31,25.31,3153,5016196.0,5.734687998211274e-05
2023-06-02,10:59:46,59.0434,26.31,25.31,3151,5016195.0,5.753061811858588e-05
2023-06-02,10:59:46,59.0457,26.31,25.31,3161,5016199.0,5.661777685276923e-05
2023-06-02,10:59:46,59.2723,26.31,25.31,3152,5016197.0,5.743867558138246e-05
2023-06-02,10:59:46,59.2748,26.31,25.31,3161,5016201.0,5.661777685276923e-05
2023-06-02,10:59:46,59.505,26.31,25.31,3151,5016198.0,5.753061811858588e-05
2023-06-02,10:59:46,59.731,26.31,25.31,3151,5016196.0,5.753061811858588e-05
2023-06-02,10:59:46,59.7335,26.31,25.31,3161,5016200.0,5.661777685276923e-05
2023-06-02,10:59:47,59.96,26.31,25.31,3148,5016196.0,5.780732971172794e-05
2023-06-02,10:59:47,59.9625,26.31,25.31,3159,5016200.0,5.679917895892433e-05
2023-06-02,10:59:47,60.1926,26.31,25.41,3148,5016196.0,5.780732971172794e-05
2023-06-02,10:59:47,60.4185,26.31,25.41,3148,5016192.0,5.780732971172794e-05
2023-06-02,10:59:47,60.421,26.31,25.41,3159,5016197.0,5.679917895892433e-05
2023-06-02,10:59:47,60.6511,26.31,25.41,3149,5016195.0,5.771494494798888e-05
2023-06-02,10:59:48,60.8773,26.31,25.41,3148,5016194.0,5.780732971172794e-05
2023-06-02,10:59:48,60.8797,26.31,25.41,3159,5016198.0,5.679917895892433e-05
2023-06-02,10:59:48,61.1061,26.31,25.41,3149,5016196.0,5.771494494798888e-05
2023-06-02,10:59:48,61.1087,26.31,25.41,3159,5016199.0,5.679917895892433e-05
2023-06-02,10:59:48,61.3354,26.31,25.41,3148,5016196.0,5.780732971172794e-05
2023-06-02,10:59:48,61.3379,26.31,25.41,3160,5016199.0,5.670840537095784e-05
2023-06-02,10:59:48,61.5646,26.31,25.41,3148,5016196.0,5.780732971172794e-05
2023-06-02,10:59:48,61.5671,26.31,25.41,3158,5016199.0,5.689009784888294e-05
2023-06-02,10:59:48,61.794,26.31,25.41,3146,5016195.0,5.799254311896184e-05
2023-06-02,10:59:48,61.7964,26.31,25.41,3159,5016199.0,5.679917895892433e-05
2023-06-02,10:59:49,62.0238,26.31,25.41,3146,5016195.0,5.799254311896184e-05
2023-06-02,10:59:49,62.0263,26.31,25.41,3158,5016199.0,5.689009784888294e-05
2023-06-02,10:59:49,62.2538,26.31,25.45,3146,5016197.0,5.799254311896184e-05
2023-06-02,10:59:49,62.4848,26.31,25.45,3147,5016195.0,5.789986235648085e-05
2023-06-02,10:59:49,62.7124,26.31,25.45,3145,5016195.0,5.808537223626419e-05
2023-06-02,10:59:50,62.94,26.31,25.45,3144,5016193.0,5.817834994586053e-05
2023-06-02,10:59:50,62.9426,26.31,25.45,3155,5016197.0,5.716372865843422e-05
2023-06-02,10:59:50,63.1706,26.31,25.45,3143,5016196.0,5.827147648560381e-05
2023-06-02,10:59:50,63.3989,26.31,25.45,3142,5016194.0,5.836475209372749e-05
2023-06-02,10:59:50,63.4013,26.31,25.45,3153,5016198.0,5.734687998211274e-05
2023-06-02,10:59:50,63.6294,26.31,25.45,3142,5016196.0,5.836475209372749e-05
2023-06-02,10:59:51,63.8576,26.31,25.45,3142,5016192.0,5.836475209372749e-05
2023-06-02,10:59:51,63.8601,26.31,25.45,3154,5016196.0,5.725523108594779e-05
2023-06-02,10:59:51,64.0889,26.38,25.48,3143,5016192.0,5.827147648560381e-05
2023-06-02,10:59:51,64.3174,26.38,25.48,3143,5016192.0,5.827147648560381e-05
2023-06-02,10:59:51,64.5463,26.38,25.48,3144,5016192.0,5.817834994586053e-05
2023-06-02,10:59:51,64.7751,26.38,25.48,3144,5016190.0,5.817834994586053e-05
2023-06-02,10:59:51,64.7777,26.38,25.48,3156,5016196.0,5.707237246549308e-05
2023-06-02,10:59:52,65.0067,26.38,25.48,3146,5016194.0,5.799254311896184e-05
2023-06-02,10:59:52,65.2355,26.38,25.48,3143,5016192.0,5.827147648560381e-05
2023-06-02,10:59:52,65.4642,26.38,25.48,3143,5016191.0,5.827147648560381e-05
2023-06-02,10:59:52,65.6931,26.38,25.48,3143,5016192.0,5.827147648560381e-05
2023-06-02,10:59:53,65.922,26.38,25.48,3143,5016192.0,5.827147648560381e-05
2023-06-02,10:59:53,66.1507,26.31,25.49,3143,5016190.0,5.827147648560381e-05
2023-06-02,10:59:53,66.1534,26.31,25.49,3156,5016195.0,5.707237246549308e-05
2023-06-02,10:59:53,66.3824,26.31,25.49,3145,5016192.0,5.808537223626419e-05
2023-06-02,10:59:53,66.6114,26.31,25.49,3143,5016191.0,5.827147648560381e-05
2023-06-02,10:59:54,66.8403,26.31,25.49,3143,5016190.0,5.827147648560381e-05
2023-06-02,10:59:54,67.0691,26.31,25.49,3143,5016190.0,5.827147648560381e-05
2023-06-02,10:59:54,67.298,26.31,25.49,3142,5016190.0,5.836475209372749e-05
2023-06-02,10:59:54,67.5269,26.31,25.49,3144,5016190.0,5.817834994586053e-05
2023-06-02,10:59:54,67.7557,26.31,25.49,3146,5016191.0,5.799254311896184e-05
2023-06-02,10:59:54,67.7582,26.31,25.49,3155,5016195.0,5.716372865843422e-05
2023-06-02,10:59:55,67.9869,26.31,25.49,3143,5016192.0,5.827147648560381e-05
2023-06-02,10:59:55,68.2156,26.38,25.37,3143,5016190.0,5.827147648560381e-05
2023-06-02,10:59:55,68.4448,26.38,25.37,3142,5016196.0,5.836475209372749e-05
2023-06-02,10:59:55,68.6739,26.38,25.37,3142,5016194.0,5.836475209372749e-05
2023-06-02,10:59:56,68.9029,26.38,25.37,3141,5016192.0,5.845817700884661e-05
2023-06-02,10:59:56,69.1317,26.38,25.37,3141,5016190.0,5.845817700884661e-05
2023-06-02,10:59:56,69.1343,26.38,25.37,3154,5016195.0,5.725523108594779e-05
2023-06-02,10:59:56,69.3632,26.38,25.37,3142,5016191.0,5.836475209372749e-05
2023-06-02,10:59:56,69.5919,26.38,25.37,3139,5016190.0,5.864547571644103e-05
2023-06-02,10:59:57,69.8209,26.38,25.37,3140,5016190.0,5.855175146995794e-05
2023-06-02,10:59:57,70.05,26.38,25.37,3141,5016189.0,5.845817700884661e-05
2023-06-02,10:59:57,70.279,26.31,25.31,3141,5016190.0,5.845817700884661e-05
2023-06-02,10:59:57,70.5077,26.31,25.31,3141,5016190.0,5.845817700884661e-05
2023-06-02,10:59:57,70.5103,26.31,25.31,3154,5016195.0,5.725523108594779e-05
2023-06-02,10:59:57,70.7395,26.31,25.31,3142,5016192.0,5.836475209372749e-05
2023-06-02,10:59:58,70.9688,26.31,25.31,3142,5016191.0,5.836475209372749e-05
2023-06-02,10:59:58,71.1943,26.31,25.31,3140,5016189.0,5.855175146995794e-05
2023-06-02,10:59:58,71.1969,26.31,25.31,3152,5016194.0,5.743867558138246e-05
2023-06-02,10:59:58,71.426,26.31,25.31,3141,5016191.0,5.845817700884661e-05
2023-06-02,10:59:58,71.6555,26.31,25.31,3141,5016190.0,5.845817700884661e-05
2023-06-02,10:59:59,71.8853,26.31,25.31,3141,5016188.0,5.845817700884661e-05
2023-06-02,10:59:59,72.1148,26.38,25.4,3141,5016188.0,5.845817700884661e-05
2023-06-02,10:59:59,72.3408,26.38,25.4,3141,5016188.0,5.845817700884661e-05
2023-06-02,10:59:59,72.3434,26.38,25.4,3152,5016192.0,5.743867558138246e-05
2023-06-02,10:59:59,72.5731,26.38,25.4,3141,5016190.0,5.845817700884661e-05
2023-06-02,10:59:59,72.7989,26.38,25.4,3140,5016188.0,5.855175146995794e-05
2023-06-02,10:59:59,72.8015,26.38,25.4,3152,5016193.0,5.743867558138246e-05
2023-06-02,11:00:00,73.0311,26.38,25.4,3140,5016190.0,5.855175146995794e-05
2023-06-02,11:00:00,73.2609,26.38,25.4,3140,5016189.0,5.855175146995794e-05
2023-06-02,11:00:00,73.4904,26.38,25.4,3141,5016188.0,5.845817700884661e-05
2023-06-02,11:00:00,73.7163,26.38,25.4,3139,5016187.0,5.864547571644103e-05
2023-06-02,11:00:00,73.719,26.38,25.4,3151,5016193.0,5.753061811858588e-05
2023-06-02,11:00:01,73.9486,26.38,25.4,3139,5016190.0,5.864547571644103e-05
2023-06-02,11:00:01,74.1747,26.31,25.33,3140,5016189.0,5.855175146995794e-05
2023-06-02,11:00:01,74.1772,26.31,25.33,3151,5016194.0,5.753061811858588e-05
2023-06-02,11:00:01,74.4067,26.31,25.33,3139,5016191.0,5.864547571644103e-05
2023-06-02,11:00:01,74.6366,26.31,25.33,3139,5016188.0,5.864547571644103e-05
2023-06-02,11:00:02,74.8626,26.31,25.33,3139,5016188.0,5.864547571644103e-05
2023-06-02,11:00:02,74.8651,26.31,25.33,3151,5016193.0,5.753061811858588e-05
2023-06-02,11:00:02,75.0951,26.31,25.33,3140,5016190.0,5.855175146995794e-05
2023-06-02,11:00:02,75.321,26.31,25.33,3138,5016188.0,5.873934998805839e-05
2023-06-02,11:00:02,75.3235,26.31,25.33,3149,5016192.0,5.771494494798888e-05
2023-06-02,11:00:02,75.5534,26.31,25.33,3139,5016189.0,5.864547571644103e-05
2023-06-02,11:00:02,75.783,26.31,25.33,3139,5016188.0,5.864547571644103e-05
2023-06-02,11:00:03,76.0089,26.31,25.33,3138,5016187.0,5.873934998805839e-05
2023-06-02,11:00:03,76.0115,26.31,25.33,3150,5016192.0,5.762270782892758e-05
2023-06-02,11:00:03,76.2414,26.31,25.29,3139,5016190.0,5.864547571644103e-05
2023-06-02,11:00:03,76.4672,26.31,25.29,3138,5016188.0,5.873934998805839e-05
2023-06-02,11:00:03,76.4697,26.31,25.29,3150,5016193.0,5.762270782892758e-05
2023-06-02,11:00:03,76.7,26.31,25.29,3138,5016190.0,5.873934998805839e-05
2023-06-02,11:00:04,76.9262,26.31,25.29,3137,5016187.0,5.883337452495652e-05
2023-06-02,11:00:04,76.9287,26.31,25.29,3150,5016192.0,5.762270782892758e-05
2023-06-02,11:00:04,77.1549,26.31,25.29,3136,5016189.0,5.892754956766613e-05
2023-06-02,11:00:04,77.1575,26.31,25.29,3149,5016193.0,5.771494494798888e-05
2023-06-02,11:00:04,77.3838,26.31,25.29,3136,5016190.0,5.892754956766613e-05
2023-06-02,11:00:04,77.3863,26.31,25.29,3149,5016194.0,5.771494494798888e-05
2023-06-02,11:00:04,77.6166,26.31,25.29,3137,5016190.0,5.883337452495652e-05
2023-06-02,11:00:05,77.843,26.31,25.29,3136,5016188.0,5.892754956766613e-05
2023-06-02,11:00:05,77.8456,26.31,25.29,3148,5016192.0,5.780732971172794e-05
2023-06-02,11:00:05,78.0723,26.31,25.29,3136,5016190.0,5.892754956766613e-05
2023-06-02,11:00:05,78.0748,26.31,25.29,3148,5016193.0,5.780732971172794e-05
2023-06-02,11:00:05,78.3011,26.31,25.27,3136,5016189.0,5.892754956766613e-05
2023-06-02,11:00:05,78.3036,26.31,25.27,3147,5016193.0,5.789986235648085e-05
2023-06-02,11:00:05,78.5301,26.31,25.27,3136,5016190.0,5.892754956766613e-05
2023-06-02,11:00:05,78.5327,26.31,25.27,3147,5016194.0,5.789986235648085e-05
2023-06-02,11:00:05,78.7626,26.31,25.27,3137,5016190.0,5.883337452495652e-05
2023-06-02,11:00:06,78.9886,26.31,25.27,3135,5016188.0,5.902187535710315e-05
2023-06-02,11:00:06,78.9912,26.31,25.27,3147,5016193.0,5.789986235648085e-05
2023-06-02,11:00:06,79.2211,26.31,25.27,3135,5016190.0,5.902187535710315e-05
2023-06-02,11:00:06,79.4471,26.31,25.27,3135,5016188.0,5.902187535710315e-05
2023-06-02,11:00:06,79.4494,26.31,25.27,3145,5016192.0,5.808537223626419e-05
2023-06-02,11:00:06,79.6794,26.31,25.27,3135,5016189.0,5.902187535710315e-05
2023-06-02,11:00:07,79.9056,26.31,25.27,3133,5016188.0,5.921098014175136e-05
2023-06-02,11:00:07,79.9081,26.31,25.27,3145,5016192.0,5.808537223626419e-05
2023-06-02,11:00:07,80.1381,26.31,25.26,3134,5016189.0,5.911635213456896e-05
2023-06-02,11:00:07,80.3641,26.31,25.26,3133,5016188.0,5.921098014175136e-05
2023-06-02,11:00:07,80.3667,26.31,25.26,3145,5016192.0,5.808537223626419e-05
2023-06-02,11:00:07,80.5968,26.31,25.26,3135,5016190.0,5.902187535710315e-05
2023-06-02,11:00:08,80.8231,26.31,25.26,3131,5016188.0,5.940069081395161e-05
2023-06-02,11:00:08,80.8256,26.31,25.26,3143,5016191.0,5.827147648560381e-05
2023-06-02,11:00:08,81.0521,26.31,25.26,3132,5016188.0,5.930575962072484e-05
2023-06-02,11:00:08,81.0546,26.31,25.26,3144,5016193.0,5.817834994586053e-05
2023-06-02,11:00:08,81.2811,26.31,25.26,3131,5016189.0,5.940069081395161e-05
2023-06-02,11:00:08,81.2837,26.31,25.26,3144,5016193.0,5.817834994586053e-05
2023-06-02,11:00:08,81.5101,26.31,25.26,3129,5016192.0,5.959100931495421e-05
2023-06-02,11:00:08,81.5124,26.31,25.26,3142,5016195.0,5.836475209372749e-05
2023-06-02,11:00:08,81.7392,26.31,25.26,3129,5016190.0,5.959100931495421e-05
2023-06-02,11:00:08,81.7418,26.31,25.26,3142,5016193.0,5.836475209372749e-05
2023-06-02,11:00:09,81.9687,26.31,25.26,3128,5016189.0,5.968639710959728e-05
2023-06-02,11:00:09,81.9712,26.31,25.26,3142,5016194.0,5.836475209372749e-05
2023-06-02,11:00:09,82.1977,26.31,25.25,3127,5016190.0,5.978193759222925e-05
2023-06-02,11:00:09,82.2003,26.31,25.25,3141,5016194.0,5.845817700884661e-05
2023-06-02,11:00:09,82.4268,26.31,25.25,3127,5016189.0,5.978193759222925e-05
2023-06-02,11:00:09,82.4294,26.31,25.25,3142,5016193.0,5.836475209372749e-05
2023-06-02,11:00:09,82.6565,26.31,25.25,3127,5016189.0,5.978193759222925e-05
2023-06-02,11:00:09,82.659,26.31,25.25,3142,5016194.0,5.836475209372749e-05
2023-06-02,11:00:10,82.8862,26.31,25.25,3128,5016190.0,5.968639710959728e-05
2023-06-02,11:00:10,82.8888,26.31,25.25,3141,5016194.0,5.845817700884661e-05
2023-06-02,11:00:10,83.1154,26.31,25.25,3125,5016189.0,5.997347759948643e-05
2023-06-02,11:00:10,83.1179,26.31,25.25,3141,5016196.0,5.845817700884661e-05
2023-06-02,11:00:10,83.3446,26.31,25.25,3126,5016191.0,5.987763100725891e-05
2023-06-02,11:00:10,83.347,26.31,25.25,3139,5016194.0,5.864547571644103e-05
2023-06-02,11:00:10,83.5737,26.31,25.25,3126,5016190.0,5.987763100725891e-05
2023-06-02,11:00:10,83.5763,26.31,25.25,3139,5016194.0,5.864547571644103e-05
2023-06-02,11:00:10,83.8026,26.31,25.25,3127,5016190.0,5.978193759222925e-05
2023-06-02,11:00:11,83.805,26.31,25.25,3139,5016194.0,5.864547571644103e-05
2023-06-02,11:00:11,84.0314,26.31,25.25,3124,5016189.0,6.006947761410363e-05
2023-06-02,11:00:11,84.0339,26.31,25.25,3138,5016194.0,5.873934998805839e-05
2023-06-02,11:00:11,84.2608,26.31,25.38,3123,5016189.0,6.016563129669507e-05
2023-06-02,11:00:11,84.2633,26.31,25.38,3137,5016193.0,5.883337452495652e-05
2023-06-02,11:00:11,84.4899,26.31,25.38,3123,5016189.0,6.016563129669507e-05
2023-06-02,11:00:11,84.4925,26.31,25.38,3137,5016193.0,5.883337452495652e-05
2023-06-02,11:00:11,84.7194,26.31,25.38,3123,5016189.0,6.016563129669507e-05
2023-06-02,11:00:11,84.7219,26.31,25.38,3136,5016193.0,5.892754956766613e-05
2023-06-02,11:00:12,84.9491,26.31,25.38,3122,5016189.0,6.026193889323814e-05
2023-06-02,11:00:12,84.9515,26.31,25.38,3136,5016193.0,5.892754956766613e-05
2023-06-02,11:00:12,85.1785,26.31,25.38,3121,5016188.0,6.035840065010423e-05
2023-06-02,11:00:12,85.181,26.31,25.38,3135,5016192.0,5.902187535710315e-05
2023-06-02,11:00:12,85.408,26.31,25.38,3120,5016188.0,6.045501681405887e-05
2023-06-02,11:00:12,85.4105,26.31,25.38,3134,5016192.0,5.911635213456896e-05
2023-06-02,11:00:12,85.6373,26.31,25.38,3121,5016188.0,6.035840065010423e-05
2023-06-02,11:00:12,85.6398,26.31,25.38,3135,5016192.0,5.902187535710315e-05
2023-06-02,11:00:13,85.8668,26.31,25.38,3120,5016189.0,6.045501681405887e-05
2023-06-02,11:00:13,85.8695,26.31,25.38,3135,5016193.0,5.902187535710315e-05
2023-06-02,11:00:13,86.0966,26.31,25.38,3119,5016189.0,6.055178763226277e-05
2023-06-02,11:00:13,86.0992,26.31,25.38,3133,5016192.0,5.921098014175136e-05
2023-06-02,11:00:13,86.3264,26.31,25.31,3118,5016188.0,6.064871335227215e-05
2023-06-02,11:00:13,86.5571,26.31,25.31,3119,5016188.0,6.055178763226277e-05
2023-06-02,11:00:13,86.7842,26.31,25.31,3117,5016187.0,6.074579422203958e-05
2023-06-02,11:00:13,86.7868,26.31,25.31,3131,5016192.0,5.940069081395161e-05
2023-06-02,11:00:14,87.014,26.31,25.31,3116,5016188.0,6.084303048991442e-05
2023-06-02,11:00:14,87.0165,26.31,25.31,3131,5016193.0,5.940069081395161e-05
2023-06-02,11:00:14,87.2437,26.31,25.31,3115,5016188.0,6.094042240464376e-05
2023-06-02,11:00:14,87.2463,26.31,25.31,3128,5016193.0,5.968639710959728e-05
2023-06-02,11:00:14,87.4735,26.31,25.31,3116,5016189.0,6.084303048991442e-05
2023-06-02,11:00:14,87.4761,26.31,25.31,3127,5016193.0,5.978193759222925e-05
2023-06-02,11:00:14,87.7031,26.31,25.31,3114,5016189.0,6.103797021537259e-05
2023-06-02,11:00:14,87.7057,26.31,25.31,3126,5016193.0,5.987763100725891e-05
2023-06-02,11:00:15,87.9326,26.31,25.31,3113,5016188.0,6.113567417164497e-05
2023-06-02,11:00:15,87.9351,26.31,25.31,3125,5016192.0,5.997347759948643e-05
2023-06-02,11:00:15,88.1624,26.31,25.28,3114,5016190.0,6.103797021537259e-05
2023-06-02,11:00:15,88.3933,26.31,25.28,3111,5016188.0,6.13315515209939e-05
2023-06-02,11:00:15,88.6201,26.31,25.28,3111,5016187.0,6.13315515209939e-05
2023-06-02,11:00:15,88.6226,26.31,25.28,3123,5016191.0,6.016563129669507e-05
2023-06-02,11:00:16,88.8499,26.31,25.28,3112,5016188.0,6.123353452340423e-05
2023-06-02,11:00:16,88.8524,26.31,25.28,3123,5016192.0,6.016563129669507e-05
2023-06-02,11:00:16,89.0798,26.31,25.28,3109,5016189.0,6.152805645704254e-05
2023-06-02,11:00:16,89.3108,26.31,25.28,3109,5016188.0,6.152805645704254e-05
2023-06-02,11:00:16,89.538,26.31,25.28,3108,5016186.0,6.162654489819465e-05
2023-06-02,11:00:16,89.7658,26.31,25.28,3106,5016185.0,6.182399498650642e-05
2023-06-02,11:00:16,89.7684,26.31,25.28,3117,5016190.0,6.074579422203958e-05
2023-06-02,11:00:17,89.9959,26.31,25.28,3104,5016185.0,6.202207770053878e-05
2023-06-02,11:00:17,89.9984,26.31,25.28,3117,5016190.0,6.074579422203958e-05
2023-06-02,11:00:18,91.5327,26.33,25.40,3103,5016185,6.213611547492460e-05
2023-06-02,11:00:22,95.0807,26.35,25.43,3101,5016175,6.235977506997306e-05
2023-06-02,11:00:24,97.3355,26.38,25.36,3116,5016176,6.084303048991442e-05
2023-06-02,11:00:26,99.6107,26.32,25.39,3108,5016174,6.158757706009336e-05
2023-06-02,11:00:31,103.9232,26.31,25.29,3103,5016171,6.211904470089473e-05
2023-06-02,11:00:35,108.5896,26.30,25.34,3094,5016168,6.305938509404524e-05
2023-06-02,11:00:42,115.0915,26.29,25.26,3075,5016168,6.502855085090023e-05
2023-06-02,11:00:46,119.3493,26.31,25.25,3058,5016165,6.675733000455321e-05
2023-06-02,11:00:48,121.4487,26.28,25.25,3046,5016154,6.804337308344056e-05
2023-06-02,11:00:53,126.2187,26.28,25.32,3058,5016141,6.680832320963455e-05
2023-06-02,11:00:57,130.2372,26.31,25.46,3066,5016142,6.592580116089722e-05
2023-06-02,11:01:01,134.6778,26.28,25.49,3067,5016141,6.583113587152323e-05
2023-06-02,11:01:06,139.3585,26.26,25.50,3069,5016141,6.562668292478039e-05
2023-06-02,11:01:10,142.9720,26.30,25.50,3067,5016140,6.580473804964940e-05
