Date,Time,Relative_time,Ambient,Temperature,Peak Magnitude (RAW),Resonance_Frequency,Dissipation
2024-02-22,09:52:12,0.052,26.88,24.5,3155,14970497.0,3.300287437581e-05
2024-02-22,09:52:12,0.0809,26.88,24.5,3262,14970834.0,2.781167393498751e-05
2024-02-22,09:52:12,0.1152,26.88,24.5,3402,14970802.0,2.223207199565684e-05
2024-02-22,09:52:12,0.1264,26.88,24.5,3402,14970802.0,2.223207199565684e-05
2024-02-22,09:52:12,0.1376,26.88,24.5,3402,14970803.0,2.223207199565684e-05
2024-02-22,09:52:12,0.1487,26.88,24.5,3402,14970803.0,2.223207199565684e-05
2024-02-22,09:52:12,0.1598,26.88,24.5,3402,14970803.0,2.223207199565684e-05
2024-02-22,09:52:12,0.171,26.88,24.5,3402,14970803.0,2.223207199565684e-05
2024-02-22,09:52:12,0.1822,26.88,24.5,3403,14970804.0,2.219654181758096e-05
2024-02-22,09:52:12,0.1933,26.88,24.5,3403,14970804.0,2.219654181758096e-05
2024-02-22,09:52:12,0.2045,26.88,24.5,3402,14970803.0,2.223207199565684e-05
2024-02-22,09:52:12,0.2157,26.88,24.5,3402,14970803.0,2.223207199565684e-05
2024-02-22,09:52:12,0.2267,26.88,24.5,3402,14970803.0,2.223207199565684e-05
2024-02-22,09:52:12,0.2379,26.88,24.5,3402,14970804.0,2.223207199565684e-05
2024-02-22,09:52:12,0.2491,26.88,24.5,3402,14970804.0,2.223207199565684e-05
2024-02-22,09:52:12,0.2601,26.88,24.5,3402,14970804.0,2.223207199565684e-05
2024-02-22,09:52:12,0.2712,26.88,24.5,3402,14970804.0,2.223207199565684e-05
2024-02-22,09:52:12,0.2825,26.88,24.5,3401,14970804.0,2.226765904716665e-05
2024-02-22,09:52:12,0.2937,26.88,24.5,3402,14970805.0,2.223207199565684e-05
2024-02-22,09:52:12,0.3047,26.88,24.5,3403,14970805.0,2.219654181758096e-05
2024-02-22,09:52:12,0.3158,26.88,24.5,3402,14970803.0,2.223207199565684e-05
2024-02-22,09:52:12,0.327,26.88,24.5,3402,14970803.0,2.223207199565684e-05
2024-02-22,09:52:12,0.3382,26.88,24.5,3402,14970803.0,2.223207199565684e-05
2024-02-22,09:52:12,0.3493,26.88,24.5,3402,14970803.0,2.223207199565684e-05
2024-02-22,09:52:12,0.3604,26.88,24.5,3403,14970803.0,2.219654181758096e-05
2024-02-22,09:52:12,0.3716,26.88,24.5,3403,14970804.0,2.219654181758096e-05
2024-02-22,09:52:12,0.3827,26.88,24.5,3402,14970803.0,2.223207199565684e-05
2024-02-22,09:52:12,0.3938,26.88,24.5,3402,14970803.0,2.223207199565684e-05
2024-02-22,09:52:12,0.405,26.88,24.5,3403,14970803.0,2.219654181758096e-05
2024-02-22,09:52:12,0.4162,26.88,24.5,3403,14970803.0,2.219654181758096e-05
2024-02-22,09:52:12,0.4274,26.88,24.5,3402,14970803.0,2.223207199565684e-05
2024-02-22,09:52:12,0.4386,26.88,24.5,3402,14970803.0,2.223207199565684e-05
2024-02-22,09:52:12,0.4497,26.88,24.5,3402,14970804.0,2.223207199565684e-05
2024-02-22,09:52:12,0.4607,26.88,24.5,3402,14970803.0,2.223207199565684e-05
2024-02-22,09:52:12,0.4717,26.88,24.5,3403,14970803.0,2.219654181758096e-05
2024-02-22,09:52:12,0.4829,26.88,24.5,3403,14970803.0,2.219654181758096e-05
2024-02-22,09:52:12,0.4941,26.88,24.5,3403,14970804.0,2.219654181758096e-05
2024-02-22,09:52:12,0.5053,26.88,24.5,3403,14970804.0,2.219654181758096e-05
2024-02-22,09:52:12,0.5164,26.88,24.5,3403,14970804.0,2.219654181758096e-05
2024-02-22,09:52:12,0.5275,26.88,24.5,3402,14970804.0,2.223207199565684e-05
2024-02-22,09:52:13,0.5387,26.88,24.5,3402,14970804.0,2.223207199565684e-05
2024-02-22,09:52:13,0.5498,26.88,24.5,3403,14970804.0,2.219654181758096e-05
2024-02-22,09:52:13,0.5609,26.88,24.5,3403,14970804.0,2.219654181758096e-05
2024-02-22,09:52:13,0.5721,26.88,24.5,3403,14970804.0,2.219654181758096e-05
2024-02-22,09:52:13,0.5832,26.88,24.5,3403,14970804.0,2.219654181758096e-05
2024-02-22,09:52:13,0.5943,26.88,24.5,3403,14970804.0,2.219654181758096e-05
2024-02-22,09:52:13,0.6054,26.88,24.5,3402,14970804.0,2.223207199565684e-05
2024-02-22,09:52:13,0.6166,26.88,24.5,3402,14970804.0,2.223207199565684e-05
2024-02-22,09:52:13,0.6276,26.88,24.5,3403,14970804.0,2.219654181758096e-05
2024-02-22,09:52:13,0.6387,26.88,24.5,3403,14970804.0,2.219654181758096e-05
2024-02-22,09:52:13,0.6498,26.88,24.5,3402,14970803.0,2.223207199565684e-05
2024-02-22,09:52:13,0.6608,26.88,24.5,3402,14970803.0,2.223207199565684e-05
2024-02-22,09:52:13,0.672,26.88,24.5,3403,14970804.0,2.219654181758096e-05
2024-02-22,09:52:13,0.6832,26.88,24.5,3403,14970804.0,2.219654181758096e-05
2024-02-22,09:52:13,0.6943,26.88,24.5,3402,14970803.0,2.223207199565684e-05
2024-02-22,09:52:13,0.7054,26.88,24.5,3402,14970803.0,2.223207199565684e-05
2024-02-22,09:52:13,0.7165,26.88,24.5,3402,14970803.0,2.223207199565684e-05
2024-02-22,09:52:13,0.7277,26.88,24.5,3402,14970803.0,2.223207199565684e-05
2024-02-22,09:52:13,0.7389,26.88,24.5,3402,14970804.0,2.223207199565684e-05
2024-02-22,09:52:13,0.75,26.88,24.5,3402,14970804.0,2.223207199565684e-05
2024-02-22,09:52:13,0.7612,26.88,24.5,3403,14970804.0,2.219654181758096e-05
2024-02-22,09:52:13,0.7723,26.88,24.5,3403,14970803.0,2.219654181758096e-05
2024-02-22,09:52:13,0.7833,26.88,24.5,3403,14970803.0,2.219654181758096e-05
2024-02-22,09:52:13,0.7945,26.88,24.5,3403,14970804.0,2.219654181758096e-05
2024-02-22,09:52:13,0.8057,26.88,24.5,3402,14970803.0,2.223207199565684e-05
2024-02-22,09:52:13,0.8167,26.88,24.5,3402,14970803.0,2.223207199565684e-05
2024-02-22,09:52:13,0.8279,26.88,24.5,3403,14970803.0,2.219654181758096e-05
2024-02-22,09:52:13,0.839,26.88,24.5,3403,14970804.0,2.219654181758096e-05
2024-02-22,09:52:13,0.8501,26.88,24.5,3403,14970804.0,2.219654181758096e-05
2024-02-22,09:52:13,0.8613,26.88,24.5,3403,14970804.0,2.219654181758096e-05
2024-02-22,09:52:13,0.8724,26.88,24.5,3403,14970804.0,2.219654181758096e-05
2024-02-22,09:52:13,0.8835,26.88,24.5,3403,14970804.0,2.219654181758096e-05
2024-02-22,09:52:13,0.8947,26.88,24.5,3403,14970804.0,2.219654181758096e-05
2024-02-22,09:52:13,0.9058,26.88,24.5,3403,14970804.0,2.219654181758096e-05
2024-02-22,09:52:13,0.9168,26.88,24.5,3403,14970804.0,2.219654181758096e-05
2024-02-22,09:52:13,0.928,26.88,24.5,3403,14970804.0,2.219654181758096e-05
2024-02-22,09:52:13,0.9391,26.88,24.5,3403,14970805.0,2.219654181758096e-05
2024-02-22,09:52:13,0.9502,26.94,24.5,3403,14970804.0,2.219654181758096e-05
2024-02-22,09:52:13,0.9614,26.94,24.5,3403,14970804.0,2.219654181758096e-05
2024-02-22,09:52:13,0.9726,26.94,24.5,3403,14970804.0,2.219654181758096e-05
2024-02-22,09:52:13,0.9837,26.94,24.5,3403,14970804.0,2.219654181758096e-05
2024-02-22,09:52:13,0.9947,26.94,24.5,3403,14970804.0,2.219654181758096e-05
2024-02-22,09:52:13,1.0059,26.94,24.5,3403,14970804.0,2.219654181758096e-05
2024-02-22,09:52:13,1.017,26.94,24.5,3403,14970804.0,2.219654181758096e-05
2024-02-22,09:52:13,1.0281,26.94,24.5,3403,14970804.0,2.219654181758096e-05
2024-02-22,09:52:13,1.0393,26.94,24.5,3403,14970804.0,2.219654181758096e-05
2024-02-22,09:52:13,1.0505,26.94,24.5,3402,14970804.0,2.223207199565684e-05
2024-02-22,09:52:13,1.0616,26.94,24.5,3402,14970804.0,2.223207199565684e-05
2024-02-22,09:52:13,1.0727,26.94,24.5,3403,14970804.0,2.219654181758096e-05
2024-02-22,09:52:13,1.0838,26.94,24.5,3403,14970805.0,2.219654181758096e-05
2024-02-22,09:52:13,1.095,26.94,24.5,3403,14970805.0,2.219654181758096e-05
2024-02-22,09:52:13,1.1061,26.94,24.5,3403,14970805.0,2.219654181758096e-05
2024-02-22,09:52:13,1.1172,26.94,24.5,3403,14970804.0,2.219654181758096e-05
2024-02-22,09:52:13,1.1284,26.94,24.5,3403,14970804.0,2.219654181758096e-05
2024-02-22,09:52:13,1.1396,26.94,24.5,3403,14970804.0,2.219654181758096e-05
2024-02-22,09:52:13,1.1506,26.94,24.5,3404,14970804.0,2.216106842204673e-05
2024-02-22,09:52:13,1.1617,26.94,24.5,3404,14970804.0,2.216106842204673e-05
2024-02-22,09:52:13,1.1728,26.94,24.5,3403,14970805.0,2.219654181758096e-05
2024-02-22,09:52:13,1.184,26.94,24.5,3403,14970804.0,2.219654181758096e-05
2024-02-22,09:52:13,1.1952,26.94,24.5,3403,14970805.0,2.219654181758096e-05
2024-02-22,09:52:13,1.2062,26.94,24.5,3403,14970805.0,2.219654181758096e-05
2024-02-22,09:52:13,1.2174,26.94,24.5,3403,14970805.0,2.219654181758096e-05
2024-02-22,09:52:13,1.2285,26.94,24.5,3403,14970805.0,2.219654181758096e-05
2024-02-22,09:52:13,1.2396,26.94,24.5,3403,14970805.0,2.219654181758096e-05
2024-02-22,09:52:13,1.2507,26.94,24.5,3403,14970805.0,2.219654181758096e-05
2024-02-22,09:52:13,1.2618,26.94,24.5,3402,14970806.0,2.223207199565684e-05
2024-02-22,09:52:13,1.2729,26.94,24.5,3402,14970806.0,2.223207199565684e-05
2024-02-22,09:52:13,1.2841,26.94,24.5,3403,14970806.0,2.219654181758096e-05
2024-02-22,09:52:13,1.2953,26.94,24.5,3403,14970806.0,2.219654181758096e-05
2024-02-22,09:52:13,1.3063,26.94,24.5,3403,14970806.0,2.219654181758096e-05
2024-02-22,09:52:13,1.3174,26.94,24.5,3403,14970806.0,2.219654181758096e-05
2024-02-22,09:52:13,1.3285,26.94,24.5,3403,14970806.0,2.219654181758096e-05
2024-02-22,09:52:13,1.3396,26.94,24.5,3403,14970806.0,2.219654181758096e-05
2024-02-22,09:52:13,1.3508,26.94,24.5,3404,14970805.0,2.216106842204673e-05
2024-02-22,09:52:13,1.362,26.94,24.5,3404,14970805.0,2.216106842204673e-05
2024-02-22,09:52:13,1.373,26.94,24.5,3403,14970805.0,2.219654181758096e-05
2024-02-22,09:52:13,1.3841,26.94,24.5,3403,14970805.0,2.219654181758096e-05
2024-02-22,09:52:13,1.3952,26.94,24.5,3403,14970805.0,2.219654181758096e-05
2024-02-22,09:52:13,1.4064,26.94,24.5,3403,14970805.0,2.219654181758096e-05
2024-02-22,09:52:13,1.4175,26.94,24.5,3403,14970805.0,2.219654181758096e-05
2024-02-22,09:52:13,1.4286,26.94,24.5,3403,14970804.0,2.219654181758096e-05
2024-02-22,09:52:13,1.4398,26.94,24.5,3403,14970804.0,2.219654181758096e-05
2024-02-22,09:52:13,1.4509,26.94,24.5,3403,14970805.0,2.219654181758096e-05
2024-02-22,09:52:13,1.4621,26.88,24.5,3403,14970805.0,2.219654181758096e-05
2024-02-22,09:52:13,1.4732,26.88,24.5,3403,14970804.0,2.219654181758096e-05
2024-02-22,09:52:13,1.4843,26.88,24.5,3404,14970804.0,2.216106842204673e-05
2024-02-22,09:52:13,1.4954,26.88,24.5,3404,14970804.0,2.216106842204673e-05
2024-02-22,09:52:13,1.5065,26.88,24.5,3403,14970804.0,2.219654181758096e-05
2024-02-22,09:52:13,1.5177,26.88,24.5,3403,14970805.0,2.219654181758096e-05
2024-02-22,09:52:13,1.5287,26.88,24.5,3403,14970805.0,2.219654181758096e-05
2024-02-22,09:52:14,1.5398,26.88,24.5,3403,14970805.0,2.219654181758096e-05
2024-02-22,09:52:14,1.551,26.88,24.5,3403,14970805.0,2.219654181758096e-05
2024-02-22,09:52:14,1.5621,26.88,24.5,3403,14970805.0,2.219654181758096e-05
2024-02-22,09:52:14,1.5732,26.88,24.5,3402,14970805.0,2.223207199565684e-05
2024-02-22,09:52:14,1.5844,26.88,24.5,3401,14970805.0,2.226765904716665e-05
2024-02-22,09:52:14,1.5956,26.88,24.5,3402,14970805.0,2.223207199565684e-05
2024-02-22,09:52:14,1.6067,26.88,24.5,3403,14970805.0,2.219654181758096e-05
2024-02-22,09:52:14,1.6178,26.88,24.5,3403,14970805.0,2.219654181758096e-05
2024-02-22,09:52:14,1.6288,26.88,24.5,3403,14970805.0,2.219654181758096e-05
2024-02-22,09:52:14,1.64,26.88,24.5,3403,14970805.0,2.219654181758096e-05
2024-02-22,09:52:14,1.6511,26.88,24.5,3403,14970806.0,2.219654181758096e-05
2024-02-22,09:52:14,1.6622,26.88,24.5,3403,14970806.0,2.219654181758096e-05
2024-02-22,09:52:14,1.6734,26.88,24.5,3403,14970805.0,2.219654181758096e-05
2024-02-22,09:52:14,1.6844,26.88,24.5,3403,14970805.0,2.219654181758096e-05
2024-02-22,09:52:14,1.6955,26.88,24.5,3403,14970805.0,2.219654181758096e-05
2024-02-22,09:52:14,1.7067,26.88,24.5,3402,14970806.0,2.223207199565684e-05
2024-02-22,09:52:14,1.7178,26.88,24.5,3402,14970806.0,2.223207199565684e-05
2024-02-22,09:52:14,1.7288,26.88,24.5,3402,14970805.0,2.223207199565684e-05
2024-02-22,09:52:14,1.7399,26.88,24.5,3402,14970805.0,2.223207199565684e-05
2024-02-22,09:52:14,1.7511,26.88,24.5,3403,14970805.0,2.219654181758096e-05
2024-02-22,09:52:14,1.7623,26.88,24.5,3403,14970805.0,2.219654181758096e-05
2024-02-22,09:52:14,1.7734,26.88,24.5,3403,14970805.0,2.219654181758096e-05
2024-02-22,09:52:14,1.7845,26.88,24.5,3403,14970805.0,2.219654181758096e-05
2024-02-22,09:52:14,1.7956,26.88,24.5,3403,14970805.0,2.219654181758096e-05
2024-02-22,09:52:14,1.8068,26.88,24.5,3403,14970804.0,2.219654181758096e-05
2024-02-22,09:52:14,1.8179,26.88,24.5,3403,14970804.0,2.219654181758096e-05
2024-02-22,09:52:14,1.829,26.88,24.5,3403,14970804.0,2.219654181758096e-05
2024-02-22,09:52:14,1.84,26.88,24.5,3403,14970804.0,2.219654181758096e-05
2024-02-22,09:52:14,1.8513,26.88,24.5,3403,14970805.0,2.219654181758096e-05
2024-02-22,09:52:14,1.8625,26.88,24.5,3403,14970805.0,2.219654181758096e-05
2024-02-22,09:52:14,1.8736,26.88,24.5,3403,14970804.0,2.219654181758096e-05
2024-02-22,09:52:14,1.8847,26.88,24.5,3403,14970805.0,2.219654181758096e-05
2024-02-22,09:52:14,1.8958,26.88,24.5,3403,14970805.0,2.219654181758096e-05
2024-02-22,09:52:14,1.9069,26.88,24.5,3403,14970805.0,2.219654181758096e-05
2024-02-22,09:52:14,1.9181,26.88,24.5,3403,14970805.0,2.219654181758096e-05
2024-02-22,09:52:14,1.9293,26.88,24.5,3403,14970805.0,2.219654181758096e-05
2024-02-22,09:52:14,1.9404,26.88,24.5,3403,14970804.0,2.219654181758096e-05
2024-02-22,09:52:14,1.9515,26.88,24.5,3402,14970805.0,2.223207199565684e-05
2024-02-22,09:52:14,1.9627,26.88,24.25,3402,14970805.0,2.223207199565684e-05
2024-02-22,09:52:14,1.9737,26.88,24.25,3403,14970805.0,2.219654181758096e-05
2024-02-22,09:52:14,1.9849,26.88,24.25,3403,14970805.0,2.219654181758096e-05
2024-02-22,09:52:14,1.9961,26.88,24.25,3403,14970805.0,2.219654181758096e-05
2024-02-22,09:52:14,2.0072,26.88,24.25,3403,14970805.0,2.219654181758096e-05
2024-02-22,09:52:14,2.0183,26.88,24.25,3402,14970805.0,2.223207199565684e-05
2024-02-22,09:52:14,2.0294,26.88,24.25,3402,14970805.0,2.223207199565684e-05
2024-02-22,09:52:14,2.0406,26.88,24.25,3403,14970805.0,2.219654181758096e-05
2024-02-22,09:52:14,2.0517,26.88,24.25,3404,14970806.0,2.216106842204673e-05
2024-02-22,09:52:14,2.0628,26.88,24.25,3404,14970806.0,2.216106842204673e-05
2024-02-22,09:52:14,2.0738,26.88,24.25,3403,14970806.0,2.219654181758096e-05
2024-02-22,09:52:14,2.085,26.88,24.25,3403,14970805.0,2.219654181758096e-05
2024-02-22,09:52:14,2.0962,26.88,24.25,3403,14970805.0,2.219654181758096e-05
2024-02-22,09:52:14,2.1072,26.88,24.25,3403,14970805.0,2.219654181758096e-05
2024-02-22,09:52:14,2.1184,26.88,24.25,3403,14970805.0,2.219654181758096e-05
2024-02-22,09:52:14,2.1295,26.88,24.25,3403,14970805.0,2.219654181758096e-05
2024-02-22,09:52:14,2.1406,26.88,24.25,3403,14970805.0,2.219654181758096e-05
2024-02-22,09:52:14,2.1517,26.88,24.25,3403,14970805.0,2.219654181758096e-05
2024-02-22,09:52:14,2.1629,26.88,24.25,3403,14970804.0,2.219654181758096e-05
2024-02-22,09:52:14,2.1739,26.88,24.25,3402,14970805.0,2.223207199565684e-05
2024-02-22,09:52:14,2.1851,26.88,24.25,3402,14970805.0,2.223207199565684e-05
2024-02-22,09:52:14,2.1962,26.88,24.25,3403,14970805.0,2.219654181758096e-05
2024-02-22,09:52:14,2.2073,26.88,24.25,3403,14970805.0,2.219654181758096e-05
2024-02-22,09:52:14,2.2184,26.88,24.25,3403,14970805.0,2.219654181758096e-05
2024-02-22,09:52:14,2.2295,26.88,24.25,3403,14970804.0,2.219654181758096e-05
2024-02-22,09:52:14,2.2407,26.88,24.25,3403,14970804.0,2.219654181758096e-05
2024-02-22,09:52:14,2.2519,26.88,24.25,3403,14970804.0,2.219654181758096e-05
2024-02-22,09:52:14,2.263,26.88,24.25,3403,14970804.0,2.219654181758096e-05
2024-02-22,09:52:14,2.2741,26.88,24.25,3403,14970805.0,2.219654181758096e-05
2024-02-22,09:52:14,2.2852,26.88,24.25,3403,14970805.0,2.219654181758096e-05
2024-02-22,09:52:14,2.2964,26.88,24.25,3402,14970805.0,2.223207199565684e-05
2024-02-22,09:52:14,2.3075,26.88,24.25,3402,14970805.0,2.223207199565684e-05
2024-02-22,09:52:14,2.3186,26.88,24.25,3403,14970805.0,2.219654181758096e-05
2024-02-22,09:52:14,2.3297,26.88,24.25,3403,14970805.0,2.219654181758096e-05
2024-02-22,09:52:14,2.3409,26.88,24.25,3403,14970805.0,2.219654181758096e-05
2024-02-22,09:52:14,2.3519,26.88,24.25,3403,14970804.0,2.219654181758096e-05
2024-02-22,09:52:14,2.363,26.88,24.25,3403,14970805.0,2.219654181758096e-05
2024-02-22,09:52:14,2.3742,26.88,24.25,3403,14970806.0,2.219654181758096e-05
2024-02-22,09:52:14,2.3854,26.88,24.25,3403,14970806.0,2.219654181758096e-05
2024-02-22,09:52:14,2.3965,26.88,24.25,3402,14970806.0,2.223207199565684e-05
2024-02-22,09:52:14,2.4076,26.88,24.25,3402,14970806.0,2.223207199565684e-05
2024-02-22,09:52:14,2.4187,26.88,24.25,3402,14970806.0,2.223207199565684e-05
2024-02-22,09:52:14,2.4297,26.88,24.25,3402,14970806.0,2.223207199565684e-05
2024-02-22,09:52:14,2.4409,26.88,24.25,3402,14970806.0,2.223207199565684e-05
2024-02-22,09:52:14,2.452,26.88,24.25,3402,14970806.0,2.223207199565684e-05
2024-02-22,09:52:14,2.4631,26.88,24.25,3403,14970806.0,2.219654181758096e-05
2024-02-22,09:52:14,2.4742,26.88,24.25,3403,14970805.0,2.219654181758096e-05
2024-02-22,09:52:14,2.4854,26.88,24.25,3402,14970806.0,2.223207199565684e-05
2024-02-22,09:52:14,2.4966,26.88,24.25,3402,14970806.0,2.223207199565684e-05
2024-02-22,09:52:14,2.5076,26.88,24.25,3402,14970806.0,2.223207199565684e-05
2024-02-22,09:52:14,2.5187,26.88,24.25,3402,14970806.0,2.223207199565684e-05
2024-02-22,09:52:14,2.5298,26.88,24.25,3403,14970806.0,2.219654181758096e-05
2024-02-22,09:52:15,2.5409,26.88,24.25,3403,14970806.0,2.219654181758096e-05
2024-02-22,09:52:15,2.552,26.88,24.25,3403,14970806.0,2.219654181758096e-05
2024-02-22,09:52:15,2.5632,26.88,24.25,3403,14970805.0,2.219654181758096e-05
2024-02-22,09:52:15,2.5743,26.88,24.25,3402,14970805.0,2.223207199565684e-05
2024-02-22,09:52:15,2.5855,26.88,24.25,3402,14970806.0,2.223207199565684e-05
2024-02-22,09:52:15,2.5966,26.88,24.25,3403,14970806.0,2.219654181758096e-05
2024-02-22,09:52:15,2.6077,26.88,24.25,3403,14970806.0,2.219654181758096e-05
2024-02-22,09:52:15,2.6188,26.88,24.25,3403,14970806.0,2.219654181758096e-05
2024-02-22,09:52:15,2.6299,26.88,24.25,3403,14970805.0,2.219654181758096e-05
2024-02-22,09:52:15,2.6411,26.88,24.25,3403,14970805.0,2.219654181758096e-05
2024-02-22,09:52:15,2.6523,26.88,24.25,3403,14970806.0,2.219654181758096e-05
2024-02-22,09:52:15,2.6634,26.88,24.25,3403,14970805.0,2.219654181758096e-05
2024-02-22,09:52:15,2.6745,26.88,24.25,3403,14970805.0,2.219654181758096e-05
2024-02-22,09:52:15,2.6857,26.88,24.25,3403,14970806.0,2.219654181758096e-05
2024-02-22,09:52:15,2.6968,26.88,24.25,3403,14970805.0,2.219654181758096e-05
2024-02-22,09:52:15,2.7079,26.88,24.25,3402,14970806.0,2.223207199565684e-05
2024-02-22,09:52:15,2.7191,26.88,24.25,3402,14970806.0,2.223207199565684e-05
2024-02-22,09:52:15,2.7302,26.88,24.25,3403,14970806.0,2.219654181758096e-05
2024-02-22,09:52:15,2.7414,26.88,24.25,3403,14970807.0,2.219654181758096e-05
2024-02-22,09:52:15,2.7525,26.88,24.25,3402,14970807.0,2.223207199565684e-05
2024-02-22,09:52:15,2.7636,26.88,24.25,3402,14970807.0,2.223207199565684e-05
2024-02-22,09:52:15,2.7748,26.88,24.25,3403,14970807.0,2.219654181758096e-05
2024-02-22,09:52:15,2.7859,26.88,24.25,3403,14970807.0,2.219654181758096e-05
2024-02-22,09:52:15,2.797,26.88,24.25,3402,14970807.0,2.223207199565684e-05
2024-02-22,09:52:15,2.808,26.88,24.25,3402,14970807.0,2.223207199565684e-05
2024-02-22,09:52:15,2.8192,26.88,24.25,3402,14970807.0,2.223207199565684e-05
2024-02-22,09:52:15,2.8304,26.88,24.25,3402,14970807.0,2.223207199565684e-05
2024-02-22,09:52:15,2.8414,26.88,24.25,3402,14970807.0,2.223207199565684e-05
2024-02-22,09:52:15,2.8525,26.88,24.25,3402,14970807.0,2.223207199565684e-05
2024-02-22,09:52:15,2.8637,26.88,24.25,3402,14970807.0,2.223207199565684e-05
2024-02-22,09:52:15,2.8749,26.88,24.25,3402,14970808.0,2.223207199565684e-05
2024-02-22,09:52:15,2.8859,26.88,24.25,3402,14970807.0,2.223207199565684e-05
2024-02-22,09:52:15,2.897,26.88,24.25,3402,14970807.0,2.223207199565684e-05
2024-02-22,09:52:15,2.9081,26.88,24.25,3403,14970807.0,2.219654181758096e-05
2024-02-22,09:52:15,2.9193,26.88,24.25,3403,14970806.0,2.219654181758096e-05
2024-02-22,09:52:15,2.9304,26.88,24.25,3402,14970806.0,2.223207199565684e-05
2024-02-22,09:52:15,2.9415,26.88,24.25,3402,14970807.0,2.223207199565684e-05
2024-02-22,09:52:15,2.9527,26.88,24.25,3403,14970807.0,2.219654181758096e-05
2024-02-22,09:52:15,2.9639,26.88,24.25,3403,14970806.0,2.219654181758096e-05
2024-02-22,09:52:15,2.9751,26.88,24.25,3403,14970806.0,2.219654181758096e-05
2024-02-22,09:52:15,2.9862,26.88,24.25,3403,14970807.0,2.219654181758096e-05
2024-02-22,09:52:15,2.9972,26.88,24.25,3403,14970807.0,2.219654181758096e-05
2024-02-22,09:52:15,3.0082,26.88,24.25,3403,14970806.0,2.219654181758096e-05
2024-02-22,09:52:15,3.0195,26.88,24.25,3403,14970806.0,2.219654181758096e-05
2024-02-22,09:52:15,3.0307,26.88,24.25,3403,14970807.0,2.219654181758096e-05
2024-02-22,09:52:15,3.0418,26.88,24.25,3403,14970806.0,2.219654181758096e-05
2024-02-22,09:52:15,3.0529,26.88,24.25,3403,14970806.0,2.219654181758096e-05
2024-02-22,09:52:15,3.064,26.88,24.25,3403,14970806.0,2.219654181758096e-05
2024-02-22,09:52:15,3.0751,26.88,24.25,3403,14970806.0,2.219654181758096e-05
2024-02-22,09:52:15,3.0862,26.88,24.25,3402,14970807.0,2.223207199565684e-05
2024-02-22,09:52:15,3.0974,26.88,24.25,3402,14970807.0,2.223207199565684e-05
2024-02-22,09:52:15,3.1085,26.88,24.25,3403,14970807.0,2.219654181758096e-05
2024-02-22,09:52:15,3.1195,26.88,24.25,3403,14970807.0,2.219654181758096e-05
2024-02-22,09:52:15,3.1307,26.88,24.25,3403,14970807.0,2.219654181758096e-05
2024-02-22,09:52:15,3.1419,26.88,24.25,3403,14970807.0,2.219654181758096e-05
2024-02-22,09:52:15,3.153,26.88,24.25,3402,14970807.0,2.223207199565684e-05
2024-02-22,09:52:15,3.1641,26.88,24.25,3402,14970807.0,2.223207199565684e-05
2024-02-22,09:52:15,3.1753,26.88,24.25,3403,14970807.0,2.219654181758096e-05
2024-02-22,09:52:15,3.1865,26.88,24.25,3403,14970807.0,2.219654181758096e-05
2024-02-22,09:52:15,3.1975,26.88,24.25,3403,14970808.0,2.219654181758096e-05
2024-02-22,09:52:15,3.2087,26.88,24.25,3403,14970808.0,2.219654181758096e-05
2024-02-22,09:52:15,3.2198,26.88,24.25,3403,14970808.0,2.219654181758096e-05
2024-02-22,09:52:15,3.2309,26.88,24.25,3403,14970808.0,2.219654181758096e-05
2024-02-22,09:52:15,3.2421,26.88,24.25,3403,14970808.0,2.219654181758096e-05
2024-02-22,09:52:15,3.2532,26.88,24.25,3403,14970807.0,2.219654181758096e-05
2024-02-22,09:52:15,3.2643,26.88,24.25,3402,14970807.0,2.223207199565684e-05
2024-02-22,09:52:15,3.2754,26.88,24.25,3403,14970808.0,2.219654181758096e-05
2024-02-22,09:52:15,3.2865,26.88,24.25,3404,14970807.0,2.216106842204673e-05
2024-02-22,09:52:15,3.2976,26.88,24.25,3403,14970808.0,2.219654181758096e-05
2024-02-22,09:52:15,3.3087,26.88,24.25,3402,14970808.0,2.223207199565684e-05
2024-02-22,09:52:15,3.3198,26.88,24.25,3402,14970807.0,2.223207199565684e-05
2024-02-22,09:52:15,3.3309,26.88,24.25,3403,14970807.0,2.219654181758096e-05
2024-02-22,09:52:15,3.3421,26.88,24.25,3403,14970807.0,2.219654181758096e-05
2024-02-22,09:52:15,3.3533,26.88,24.25,3403,14970807.0,2.219654181758096e-05
2024-02-22,09:52:15,3.3645,26.88,24.25,3404,14970807.0,2.216106842204673e-05
2024-02-22,09:52:15,3.3755,26.88,24.25,3404,14970807.0,2.216106842204673e-05
2024-02-22,09:52:15,3.3867,26.88,24.25,3403,14970807.0,2.219654181758096e-05
2024-02-22,09:52:15,3.3978,26.88,24.25,3403,14970807.0,2.219654181758096e-05
2024-02-22,09:52:15,3.4088,26.88,24.25,3403,14970807.0,2.219654181758096e-05
2024-02-22,09:52:15,3.4199,26.88,24.25,3403,14970807.0,2.219654181758096e-05
2024-02-22,09:52:15,3.431,26.88,24.25,3403,14970807.0,2.219654181758096e-05
2024-02-22,09:52:15,3.4422,26.88,24.25,3403,14970806.0,2.219654181758096e-05
2024-02-22,09:52:15,3.4534,26.88,24.25,3403,14970806.0,2.219654181758096e-05
2024-02-22,09:52:15,3.4646,26.88,24.25,3402,14970807.0,2.223207199565684e-05
2024-02-22,09:52:15,3.4758,26.88,24.25,3402,14970807.0,2.223207199565684e-05
2024-02-22,09:52:15,3.4868,27.0,24.25,3403,14970807.0,2.219654181758096e-05
2024-02-22,09:52:15,3.498,27.0,24.25,3403,14970807.0,2.219654181758096e-05
2024-02-22,09:52:15,3.5091,27.0,24.25,3402,14970807.0,2.223207199565684e-05
2024-02-22,09:52:15,3.5202,27.0,24.25,3402,14970807.0,2.223207199565684e-05
2024-02-22,09:52:15,3.5313,27.0,24.25,3402,14970808.0,2.223207199565684e-05
2024-02-22,09:52:16,3.5424,27.0,24.25,3402,14970808.0,2.223207199565684e-05
2024-02-22,09:52:16,3.5535,27.0,24.25,3402,14970808.0,2.223207199565684e-05
2024-02-22,09:52:16,3.5646,27.0,24.25,3403,14970808.0,2.219654181758096e-05
2024-02-22,09:52:16,3.5758,27.0,24.25,3403,14970808.0,2.219654181758096e-05
2024-02-22,09:52:16,3.5869,27.0,24.25,3402,14970808.0,2.223207199565684e-05
2024-02-22,09:52:16,3.5981,27.0,24.25,3402,14970808.0,2.223207199565684e-05
2024-02-22,09:52:16,3.6093,27.0,24.25,3403,14970809.0,2.219654181758096e-05
2024-02-22,09:52:16,3.6202,27.0,24.25,3403,14970809.0,2.219654181758096e-05
2024-02-22,09:52:16,3.6313,27.0,24.25,3402,14970808.0,2.223207199565684e-05
2024-02-22,09:52:16,3.6425,27.0,24.25,3402,14970808.0,2.223207199565684e-05
2024-02-22,09:52:16,3.6535,27.0,24.25,3402,14970808.0,2.223207199565684e-05
2024-02-22,09:52:16,3.6647,27.0,24.25,3402,14970808.0,2.223207199565684e-05
2024-02-22,09:52:16,3.6758,27.0,24.25,3402,14970808.0,2.223207199565684e-05
2024-02-22,09:52:16,3.687,27.0,24.25,3403,14970808.0,2.219654181758096e-05
2024-02-22,09:52:16,3.6981,27.0,24.25,3403,14970808.0,2.219654181758096e-05
2024-02-22,09:52:16,3.7092,27.0,24.25,3403,14970808.0,2.219654181758096e-05
2024-02-22,09:52:16,3.7203,27.0,24.25,3403,14970807.0,2.219654181758096e-05
2024-02-22,09:52:16,3.7314,27.0,24.25,3403,14970807.0,2.219654181758096e-05
2024-02-22,09:52:16,3.7426,27.0,24.25,3404,14970807.0,2.216106842204673e-05
2024-02-22,09:52:16,3.7537,27.0,24.25,3404,14970807.0,2.216106842204673e-05
2024-02-22,09:52:16,3.7648,27.0,24.25,3403,14970807.0,2.219654181758096e-05
2024-02-22,09:52:16,3.776,27.0,24.25,3403,14970807.0,2.219654181758096e-05
2024-02-22,09:52:16,3.7871,27.0,24.25,3403,14970807.0,2.219654181758096e-05
2024-02-22,09:52:16,3.7982,27.0,24.25,3403,14970807.0,2.219654181758096e-05
2024-02-22,09:52:16,3.8093,27.0,24.25,3403,14970807.0,2.219654181758096e-05
2024-02-22,09:52:16,3.8204,27.0,24.25,3402,14970807.0,2.223207199565684e-05
2024-02-22,09:52:16,3.8315,27.0,24.25,3403,14970807.0,2.219654181758096e-05
2024-02-22,09:52:16,3.8427,27.0,24.25,3404,14970807.0,2.216106842204673e-05
2024-02-22,09:52:16,3.8538,27.0,24.25,3403,14970806.0,2.219654181758096e-05
2024-02-22,09:52:16,3.8649,27.0,24.25,3402,14970807.0,2.223207199565684e-05
2024-02-22,09:52:16,3.8761,27.0,24.25,3402,14970807.0,2.223207199565684e-05
2024-02-22,09:52:16,3.8872,27.0,24.25,3402,14970807.0,2.223207199565684e-05
2024-02-22,09:52:16,3.8983,27.0,24.25,3402,14970807.0,2.223207199565684e-05
2024-02-22,09:52:16,3.9095,27.0,24.25,3403,14970807.0,2.219654181758096e-05
2024-02-22,09:52:16,3.9206,27.0,24.25,3404,14970808.0,2.216106842204673e-05
2024-02-22,09:52:16,3.9316,27.0,24.25,3403,14970808.0,2.219654181758096e-05
2024-02-22,09:52:16,3.9427,27.0,24.25,3402,14970808.0,2.223207199565684e-05
2024-02-22,09:52:16,3.9538,27.0,24.25,3402,14970808.0,2.223207199565684e-05
2024-02-22,09:52:16,3.965,27.0,24.25,3402,14970808.0,2.223207199565684e-05
2024-02-22,09:52:16,3.9762,27.0,24.25,3402,14970808.0,2.223207199565684e-05
2024-02-22,09:52:16,3.9873,26.88,24.25,3402,14970808.0,2.223207199565684e-05
2024-02-22,09:52:16,3.9984,26.88,24.25,3402,14970808.0,2.223207199565684e-05
2024-02-22,09:52:16,4.0095,26.88,24.25,3402,14970808.0,2.223207199565684e-05
2024-02-22,09:52:16,4.0206,26.88,24.25,3403,14970808.0,2.219654181758096e-05
2024-02-22,09:52:16,4.0318,26.88,24.25,3403,14970808.0,2.219654181758096e-05
2024-02-22,09:52:16,4.043,26.88,24.25,3402,14970808.0,2.223207199565684e-05
2024-02-22,09:52:16,4.0541,26.88,24.25,3402,14970808.0,2.223207199565684e-05
2024-02-22,09:52:16,4.0651,26.88,24.25,3403,14970808.0,2.219654181758096e-05
2024-02-22,09:52:16,4.0763,26.88,24.25,3403,14970808.0,2.219654181758096e-05
2024-02-22,09:52:16,4.0873,26.88,24.25,3402,14970808.0,2.223207199565684e-05
2024-02-22,09:52:16,4.0985,26.88,24.25,3402,14970808.0,2.223207199565684e-05
2024-02-22,09:52:16,4.1096,26.88,24.25,3402,14970808.0,2.223207199565684e-05
2024-02-22,09:52:16,4.1207,26.88,24.25,3403,14970808.0,2.219654181758096e-05
2024-02-22,09:52:16,4.1319,26.88,24.25,3404,14970807.0,2.216106842204673e-05
2024-02-22,09:52:16,4.143,26.88,24.25,3403,14970807.0,2.219654181758096e-05
2024-02-22,09:52:16,4.1541,26.88,24.25,3402,14970807.0,2.223207199565684e-05
2024-02-22,09:52:16,4.1652,26.88,24.25,3402,14970808.0,2.223207199565684e-05
2024-02-22,09:52:16,4.1764,26.88,24.25,3403,14970808.0,2.219654181758096e-05
2024-02-22,09:52:16,4.1874,26.88,24.25,3403,14970807.0,2.219654181758096e-05
2024-02-22,09:52:16,4.1986,26.88,24.25,3403,14970807.0,2.219654181758096e-05
2024-02-22,09:52:16,4.2097,26.88,24.25,3403,14970807.0,2.219654181758096e-05
2024-02-22,09:52:16,4.2208,26.88,24.25,3403,14970807.0,2.219654181758096e-05
2024-02-22,09:52:16,4.232,26.88,24.25,3403,14970808.0,2.219654181758096e-05
2024-02-22,09:52:16,4.243,26.88,24.25,3403,14970808.0,2.219654181758096e-05
2024-02-22,09:52:16,4.2541,26.88,24.25,3403,14970807.0,2.219654181758096e-05
2024-02-22,09:52:16,4.2653,26.88,24.25,3402,14970807.0,2.223207199565684e-05
2024-02-22,09:52:16,4.2765,26.88,24.25,3402,14970808.0,2.223207199565684e-05
2024-02-22,09:52:16,4.2876,26.88,24.25,3403,14970808.0,2.219654181758096e-05
2024-02-22,09:52:16,4.2987,26.88,24.25,3403,14970807.0,2.219654181758096e-05
2024-02-22,09:52:16,4.3099,26.88,24.25,3402,14970808.0,2.223207199565684e-05
2024-02-22,09:52:16,4.321,26.88,24.25,3403,14970808.0,2.219654181758096e-05
2024-02-22,09:52:16,4.3321,26.88,24.25,3403,14970808.0,2.219654181758096e-05
2024-02-22,09:52:16,4.3433,26.88,24.25,3402,14970808.0,2.223207199565684e-05
2024-02-22,09:52:16,4.3544,26.88,24.25,3402,14970808.0,2.223207199565684e-05
2024-02-22,09:52:16,4.3655,26.88,24.25,3402,14970808.0,2.223207199565684e-05
2024-02-22,09:52:16,4.3766,26.88,24.25,3403,14970808.0,2.219654181758096e-05
2024-02-22,09:52:16,4.3878,26.88,24.25,3403,14970808.0,2.219654181758096e-05
2024-02-22,09:52:16,4.399,26.88,24.25,3402,14970809.0,2.223207199565684e-05
2024-02-22,09:52:16,4.41,26.88,24.25,3402,14970809.0,2.223207199565684e-05
2024-02-22,09:52:16,4.4212,26.88,24.25,3402,14970808.0,2.223207199565684e-05
2024-02-22,09:52:16,4.4322,26.88,24.25,3402,14970808.0,2.223207199565684e-05
2024-02-22,09:52:16,4.4433,26.88,24.25,3402,14970808.0,2.223207199565684e-05
2024-02-22,09:52:16,4.4544,26.88,24.25,3402,14970809.0,2.223207199565684e-05
2024-02-22,09:52:16,4.4656,26.88,24.25,3403,14970809.0,2.219654181758096e-05
2024-02-22,09:52:16,4.4767,26.88,24.25,3403,14970808.0,2.219654181758096e-05
2024-02-22,09:52:16,4.4879,26.88,24.25,3402,14970808.0,2.223207199565684e-05
2024-02-22,09:52:16,4.499,26.94,24.25,3402,14970808.0,2.223207199565684e-05
2024-02-22,09:52:16,4.5101,26.94,24.25,3402,14970808.0,2.223207199565684e-05
2024-02-22,09:52:16,4.5213,26.94,24.25,3403,14970809.0,2.219654181758096e-05
2024-02-22,09:52:16,4.5323,26.94,24.25,3403,14970809.0,2.219654181758096e-05
2024-02-22,09:52:17,4.5434,26.94,24.25,3402,14970808.0,2.223207199565684e-05
2024-02-22,09:52:17,4.5545,26.94,24.25,3402,14970808.0,2.223207199565684e-05
2024-02-22,09:52:17,4.5657,26.94,24.25,3402,14970808.0,2.223207199565684e-05
2024-02-22,09:52:17,4.5768,26.94,24.25,3403,14970808.0,2.219654181758096e-05
2024-02-22,09:52:17,4.588,26.94,24.25,3404,14970808.0,2.216106842204673e-05
2024-02-22,09:52:17,4.5992,26.94,24.25,3404,14970808.0,2.216106842204673e-05
2024-02-22,09:52:17,4.6103,26.94,24.25,3404,14970809.0,2.216106842204673e-05
2024-02-22,09:52:17,4.6214,26.94,24.25,3404,14970809.0,2.216106842204673e-05
2024-02-22,09:52:17,4.6324,26.94,24.25,3403,14970808.0,2.219654181758096e-05
2024-02-22,09:52:17,4.6435,26.94,24.25,3403,14970808.0,2.219654181758096e-05
2024-02-22,09:52:17,4.6547,26.94,24.25,3403,14970809.0,2.219654181758096e-05
2024-02-22,09:52:17,4.6658,26.94,24.25,3402,14970809.0,2.223207199565684e-05
2024-02-22,09:52:17,4.6769,26.94,24.25,3402,14970808.0,2.223207199565684e-05
2024-02-22,09:52:17,4.688,26.94,24.25,3403,14970808.0,2.219654181758096e-05
2024-02-22,09:52:17,4.6992,26.94,24.25,3403,14970808.0,2.219654181758096e-05
2024-02-22,09:52:17,4.7103,26.94,24.25,3403,14970808.0,2.219654181758096e-05
2024-02-22,09:52:17,4.7214,26.94,24.25,3403,14970809.0,2.219654181758096e-05
2024-02-22,09:52:17,4.7325,26.94,24.25,3403,14970809.0,2.219654181758096e-05
2024-02-22,09:52:17,4.7436,26.94,24.25,3403,14970808.0,2.219654181758096e-05
2024-02-22,09:52:17,4.7547,26.94,24.25,3402,14970809.0,2.223207199565684e-05
2024-02-22,09:52:17,4.7659,26.94,24.25,3402,14970809.0,2.223207199565684e-05
2024-02-22,09:52:17,4.7771,26.94,24.25,3402,14970809.0,2.223207199565684e-05
2024-02-22,09:52:17,4.7882,26.94,24.25,3402,14970809.0,2.223207199565684e-05
2024-02-22,09:52:17,4.7993,26.94,24.25,3402,14970809.0,2.223207199565684e-05
2024-02-22,09:52:17,4.8105,26.94,24.25,3402,14970809.0,2.223207199565684e-05
2024-02-22,09:52:17,4.8216,26.94,24.25,3403,14970809.0,2.219654181758096e-05
2024-02-22,09:52:17,4.8327,26.94,24.25,3403,14970809.0,2.219654181758096e-05
2024-02-22,09:52:17,4.8438,26.94,24.25,3403,14970809.0,2.219654181758096e-05
2024-02-22,09:52:17,4.8549,26.94,24.25,3403,14970808.0,2.219654181758096e-05
2024-02-22,09:52:17,4.866,26.94,24.25,3402,14970808.0,2.223207199565684e-05
2024-02-22,09:52:17,4.8772,26.94,24.25,3402,14970809.0,2.223207199565684e-05
2024-02-22,09:52:17,4.8884,26.94,24.25,3402,14970809.0,2.223207199565684e-05
2024-02-22,09:52:17,4.8995,26.94,24.25,3402,14970808.0,2.223207199565684e-05
2024-02-22,09:52:17,4.9107,26.94,24.25,3403,14970808.0,2.219654181758096e-05
2024-02-22,09:52:17,4.9218,26.94,24.25,3404,14970809.0,2.216106842204673e-05
2024-02-22,09:52:17,4.9329,26.94,24.25,3404,14970809.0,2.216106842204673e-05
2024-02-22,09:52:17,4.944,26.94,24.25,3403,14970809.0,2.219654181758096e-05
2024-02-22,09:52:17,4.9552,26.94,24.25,3403,14970809.0,2.219654181758096e-05
2024-02-22,09:52:17,4.9663,26.94,24.25,3404,14970809.0,2.216106842204673e-05
2024-02-22,09:52:17,4.9774,26.94,24.25,3404,14970809.0,2.216106842204673e-05
2024-02-22,09:52:17,4.9886,26.94,24.25,3404,14970809.0,2.216106842204673e-05
2024-02-22,09:52:17,4.9996,26.94,24.25,3403,14970809.0,2.219654181758096e-05
2024-02-22,09:52:17,5.0107,26.94,24.25,3402,14970808.0,2.223207199565684e-05
2024-02-22,09:52:17,5.0218,26.94,24.25,3403,14970808.0,2.219654181758096e-05
2024-02-22,09:52:17,5.033,26.94,24.25,3403,14970808.0,2.219654181758096e-05
2024-02-22,09:52:17,5.0442,26.94,24.25,3402,14970809.0,2.223207199565684e-05
2024-02-22,09:52:17,5.0553,26.94,24.25,3402,14970809.0,2.223207199565684e-05
2024-02-22,09:52:17,5.0665,26.94,24.25,3402,14970809.0,2.223207199565684e-05
2024-02-22,09:52:17,5.0775,26.94,24.25,3402,14970809.0,2.223207199565684e-05
2024-02-22,09:52:17,5.0886,26.94,24.25,3402,14970809.0,2.223207199565684e-05
2024-02-22,09:52:17,5.0998,26.94,24.25,3402,14970809.0,2.223207199565684e-05
2024-02-22,09:52:17,5.1109,26.94,24.25,3402,14970809.0,2.223207199565684e-05
2024-02-22,09:52:17,5.122,26.94,24.25,3402,14970809.0,2.223207199565684e-05
2024-02-22,09:52:17,5.1332,26.94,24.25,3403,14970809.0,2.219654181758096e-05
2024-02-22,09:52:17,5.1443,26.94,24.25,3404,14970810.0,2.216106842204673e-05
2024-02-22,09:52:17,5.1554,26.94,24.25,3403,14970810.0,2.219654181758096e-05
2024-02-22,09:52:17,5.1666,26.94,24.25,3402,14970809.0,2.223207199565684e-05
2024-02-22,09:52:17,5.1777,26.94,24.25,3403,14970808.0,2.219654181758096e-05
2024-02-22,09:52:17,5.1888,26.94,24.25,3403,14970809.0,2.219654181758096e-05
2024-02-22,09:52:17,5.2,26.94,24.25,3403,14970809.0,2.219654181758096e-05
2024-02-22,09:52:17,5.211,26.94,24.25,3403,14970809.0,2.219654181758096e-05
2024-02-22,09:52:17,5.2222,26.94,24.25,3403,14970809.0,2.219654181758096e-05
2024-02-22,09:52:17,5.2333,26.94,24.25,3403,14970808.0,2.219654181758096e-05
2024-02-22,09:52:17,5.2445,26.94,24.25,3403,14970808.0,2.219654181758096e-05
2024-02-22,09:52:17,5.2556,26.94,24.25,3404,14970809.0,2.216106842204673e-05
2024-02-22,09:52:17,5.2667,26.94,24.25,3403,14970809.0,2.219654181758096e-05
2024-02-22,09:52:17,5.2778,26.94,24.25,3402,14970809.0,2.223207199565684e-05
2024-02-22,09:52:17,5.2889,26.94,24.25,3403,14970809.0,2.219654181758096e-05
2024-02-22,09:52:17,5.3001,26.94,24.25,3403,14970808.0,2.219654181758096e-05
2024-02-22,09:52:17,5.3111,26.94,24.25,3403,14970809.0,2.219654181758096e-05
2024-02-22,09:52:17,5.3223,26.94,24.25,3403,14970808.0,2.219654181758096e-05
2024-02-22,09:52:17,5.3334,26.94,24.25,3403,14970808.0,2.219654181758096e-05
2024-02-22,09:52:17,5.3445,26.94,24.25,3403,14970808.0,2.219654181758096e-05
2024-02-22,09:52:17,5.3557,26.94,24.25,3403,14970808.0,2.219654181758096e-05
2024-02-22,09:52:17,5.3668,26.94,24.25,3403,14970809.0,2.219654181758096e-05
2024-02-22,09:52:17,5.3779,26.94,24.25,3403,14970809.0,2.219654181758096e-05
2024-02-22,09:52:17,5.3891,26.94,24.25,3403,14970809.0,2.219654181758096e-05
2024-02-22,09:52:17,5.4002,26.94,24.25,3402,14970809.0,2.223207199565684e-05
2024-02-22,09:52:17,5.4113,26.94,24.25,3402,14970809.0,2.223207199565684e-05
2024-02-22,09:52:17,5.4224,26.94,24.25,3403,14970809.0,2.219654181758096e-05
2024-02-22,09:52:17,5.4336,26.94,24.25,3403,14970810.0,2.219654181758096e-05
2024-02-22,09:52:17,5.4447,26.94,24.25,3402,14970810.0,2.223207199565684e-05
2024-02-22,09:52:17,5.4558,26.94,24.25,3402,14970809.0,2.223207199565684e-05
2024-02-22,09:52:17,5.4669,26.94,24.25,3402,14970809.0,2.223207199565684e-05
2024-02-22,09:52:17,5.478,26.94,24.25,3403,14970810.0,2.219654181758096e-05
2024-02-22,09:52:17,5.4891,26.94,24.25,3404,14970810.0,2.216106842204673e-05
2024-02-22,09:52:17,5.5002,26.94,24.25,3403,14970810.0,2.219654181758096e-05
2024-02-22,09:52:17,5.5113,26.94,24.25,3403,14970810.0,2.219654181758096e-05
2024-02-22,09:52:17,5.5224,26.94,24.25,3404,14970809.0,2.216106842204673e-05
2024-02-22,09:52:18,5.5335,26.94,24.25,3403,14970809.0,2.219654181758096e-05
2024-02-22,09:52:18,5.5447,26.94,24.25,3402,14970809.0,2.223207199565684e-05
2024-02-22,09:52:18,5.5559,26.94,24.25,3402,14970809.0,2.223207199565684e-05
2024-02-22,09:52:18,5.5669,26.94,24.25,3402,14970810.0,2.223207199565684e-05
2024-02-22,09:52:18,5.578,26.94,24.25,3402,14970809.0,2.223207199565684e-05
2024-02-22,09:52:18,5.5892,26.94,24.25,3402,14970809.0,2.223207199565684e-05
2024-02-22,09:52:18,5.6004,26.94,24.25,3403,14970809.0,2.219654181758096e-05
2024-02-22,09:52:18,5.6114,26.94,24.25,3403,14970809.0,2.219654181758096e-05
2024-02-22,09:52:18,5.6226,26.94,24.25,3403,14970809.0,2.219654181758096e-05
2024-02-22,09:52:18,5.6337,26.94,24.25,3403,14970808.0,2.219654181758096e-05
2024-02-22,09:52:18,5.6447,26.94,24.25,3403,14970809.0,2.219654181758096e-05
2024-02-22,09:52:18,5.6557,26.94,24.25,3403,14970808.0,2.219654181758096e-05
2024-02-22,09:52:18,5.6669,26.94,24.25,3403,14970808.0,2.219654181758096e-05
2024-02-22,09:52:18,5.6781,26.94,24.25,3403,14970808.0,2.219654181758096e-05
2024-02-22,09:52:18,5.6893,26.94,24.25,3403,14970808.0,2.219654181758096e-05
2024-02-22,09:52:18,5.7004,26.94,24.25,3404,14970808.0,2.216106842204673e-05
2024-02-22,09:52:18,5.7115,26.94,24.25,3404,14970808.0,2.216106842204673e-05
2024-02-22,09:52:18,5.7227,26.94,24.25,3403,14970808.0,2.219654181758096e-05
2024-02-22,09:52:18,5.7337,26.94,24.25,3403,14970808.0,2.219654181758096e-05
2024-02-22,09:52:18,5.7448,26.94,24.25,3403,14970808.0,2.219654181758096e-05
2024-02-22,09:52:18,5.7559,26.94,24.25,3403,14970808.0,2.219654181758096e-05
2024-02-22,09:52:18,5.7671,26.94,24.25,3403,14970809.0,2.219654181758096e-05
2024-02-22,09:52:18,5.7783,26.94,24.25,3402,14970809.0,2.223207199565684e-05
2024-02-22,09:52:18,5.7894,26.94,24.25,3402,14970809.0,2.223207199565684e-05
2024-02-22,09:52:18,5.8006,26.94,24.25,3402,14970809.0,2.223207199565684e-05
2024-02-22,09:52:18,5.8117,26.94,24.25,3402,14970809.0,2.223207199565684e-05
2024-02-22,09:52:18,5.8228,26.94,24.25,3402,14970809.0,2.223207199565684e-05
2024-02-22,09:52:18,5.8339,26.94,24.25,3402,14970810.0,2.223207199565684e-05
2024-02-22,09:52:18,5.845,26.94,24.25,3403,14970809.0,2.219654181758096e-05
2024-02-22,09:52:18,5.8562,26.94,24.25,3404,14970810.0,2.216106842204673e-05
2024-02-22,09:52:18,5.8673,26.94,24.25,3403,14970810.0,2.219654181758096e-05
2024-02-22,09:52:18,5.8784,26.94,24.25,3402,14970810.0,2.223207199565684e-05
2024-02-22,09:52:18,5.8895,26.94,24.25,3402,14970810.0,2.223207199565684e-05
2024-02-22,09:52:18,5.9006,26.94,24.25,3402,14970810.0,2.223207199565684e-05
2024-02-22,09:52:18,5.9117,26.94,24.25,3402,14970810.0,2.223207199565684e-05
2024-02-22,09:52:18,5.9229,26.94,24.25,3403,14970810.0,2.219654181758096e-05
2024-02-22,09:52:18,5.9339,26.94,24.25,3403,14970810.0,2.219654181758096e-05
2024-02-22,09:52:18,5.9449,26.94,24.25,3402,14970810.0,2.223207199565684e-05
2024-02-22,09:52:18,5.9561,26.94,24.25,3403,14970809.0,2.219654181758096e-05
2024-02-22,09:52:18,5.9673,26.94,24.25,3404,14970810.0,2.216106842204673e-05
2024-02-22,09:52:18,5.9783,26.94,24.25,3403,14970810.0,2.219654181758096e-05
2024-02-22,09:52:18,5.9894,26.94,24.25,3402,14970809.0,2.223207199565684e-05
2024-02-22,09:52:18,6.0006,26.94,24.25,3402,14970809.0,2.223207199565684e-05
2024-02-22,09:52:18,6.0118,26.94,24.25,3403,14970810.0,2.219654181758096e-05
2024-02-22,09:52:18,6.0228,26.94,24.25,3403,14970810.0,2.219654181758096e-05
2024-02-22,09:52:18,6.0338,26.94,24.25,3402,14970809.0,2.223207199565684e-05
2024-02-22,09:52:18,6.045,26.94,24.25,3402,14970809.0,2.223207199565684e-05
2024-02-22,09:52:18,6.0561,26.94,24.25,3402,14970809.0,2.223207199565684e-05
2024-02-22,09:52:18,6.0672,26.94,24.25,3402,14970809.0,2.223207199565684e-05
2024-02-22,09:52:18,6.0784,26.94,24.25,3403,14970809.0,2.219654181758096e-05
2024-02-22,09:52:18,6.0896,26.94,24.25,3403,14970809.0,2.219654181758096e-05
2024-02-22,09:52:18,6.1007,26.94,24.25,3402,14970809.0,2.223207199565684e-05
2024-02-22,09:52:18,6.1118,26.94,24.25,3403,14970809.0,2.219654181758096e-05
2024-02-22,09:52:18,6.1229,26.94,24.25,3404,14970809.0,2.216106842204673e-05
2024-02-22,09:52:18,6.134,26.94,24.25,3404,14970809.0,2.216106842204673e-05
2024-02-22,09:52:18,6.1451,26.94,24.25,3403,14970808.0,2.219654181758096e-05
2024-02-22,09:52:18,6.1563,26.94,24.25,3403,14970808.0,2.219654181758096e-05
2024-02-22,09:52:18,6.1674,26.94,24.25,3403,14970808.0,2.219654181758096e-05
2024-02-22,09:52:18,6.1785,26.94,24.25,3403,14970808.0,2.219654181758096e-05
2024-02-22,09:52:18,6.1897,26.94,24.25,3403,14970808.0,2.219654181758096e-05
2024-02-22,09:52:18,6.2009,26.94,24.25,3403,14970808.0,2.219654181758096e-05
2024-02-22,09:52:18,6.212,26.94,24.25,3404,14970809.0,2.216106842204673e-05
2024-02-22,09:52:18,6.2231,26.94,24.25,3404,14970809.0,2.216106842204673e-05
2024-02-22,09:52:18,6.2342,26.94,24.25,3403,14970808.0,2.219654181758096e-05
2024-02-22,09:52:18,6.2453,26.94,24.25,3402,14970808.0,2.223207199565684e-05
2024-02-22,09:52:18,6.2564,26.94,24.25,3402,14970809.0,2.223207199565684e-05
2024-02-22,09:52:18,6.2676,26.94,24.25,3402,14970809.0,2.223207199565684e-05
2024-02-22,09:52:18,6.2787,26.94,24.25,3402,14970809.0,2.223207199565684e-05
2024-02-22,09:52:18,6.2898,26.94,24.25,3402,14970809.0,2.223207199565684e-05
2024-02-22,09:52:18,6.3008,26.94,24.25,3402,14970810.0,2.223207199565684e-05
2024-02-22,09:52:18,6.3119,26.94,24.25,3402,14970810.0,2.223207199565684e-05
2024-02-22,09:52:18,6.3231,26.94,24.25,3402,14970809.0,2.223207199565684e-05
2024-02-22,09:52:18,6.3342,26.94,24.25,3402,14970809.0,2.223207199565684e-05
2024-02-22,09:52:18,6.3453,26.94,24.25,3402,14970810.0,2.223207199565684e-05
2024-02-22,09:52:18,6.3565,26.94,24.25,3402,14970810.0,2.223207199565684e-05
2024-02-22,09:52:18,6.3675,26.94,24.25,3402,14970809.0,2.223207199565684e-05
2024-02-22,09:52:18,6.3787,26.94,24.25,3402,14970809.0,2.223207199565684e-05
2024-02-22,09:52:18,6.3899,26.94,24.25,3402,14970810.0,2.223207199565684e-05
2024-02-22,09:52:18,6.4009,26.94,24.25,3402,14970810.0,2.223207199565684e-05
2024-02-22,09:52:18,6.412,26.94,24.25,3403,14970810.0,2.219654181758096e-05
2024-02-22,09:52:18,6.4231,26.94,24.25,3403,14970810.0,2.219654181758096e-05
2024-02-22,09:52:18,6.4342,26.94,24.25,3402,14970809.0,2.223207199565684e-05
2024-02-22,09:52:18,6.4453,26.94,24.25,3402,14970809.0,2.223207199565684e-05
2024-02-22,09:52:18,6.4564,26.94,24.25,3402,14970810.0,2.223207199565684e-05
2024-02-22,09:52:18,6.4676,26.94,24.25,3403,14970810.0,2.219654181758096e-05
2024-02-22,09:52:18,6.4788,26.94,24.25,3404,14970810.0,2.216106842204673e-05
2024-02-22,09:52:18,6.4899,26.94,24.25,3403,14970810.0,2.219654181758096e-05
2024-02-22,09:52:18,6.5009,26.94,24.25,3403,14970809.0,2.219654181758096e-05
2024-02-22,09:52:18,6.512,26.94,24.25,3404,14970809.0,2.216106842204673e-05
2024-02-22,09:52:18,6.5232,26.94,24.25,3403,14970809.0,2.219654181758096e-05
2024-02-22,09:52:19,6.5343,26.94,24.25,3402,14970809.0,2.223207199565684e-05
2024-02-22,09:52:19,6.5454,26.94,24.25,3402,14970809.0,2.223207199565684e-05
2024-02-22,09:52:19,6.5565,26.94,24.25,3402,14970809.0,2.223207199565684e-05
2024-02-22,09:52:19,6.5676,26.94,24.25,3402,14970809.0,2.223207199565684e-05
2024-02-22,09:52:19,6.5788,26.94,24.25,3403,14970808.0,2.219654181758096e-05
2024-02-22,09:52:19,6.5899,26.94,24.25,3403,14970808.0,2.219654181758096e-05
2024-02-22,09:52:19,6.601,26.94,24.25,3403,14970808.0,2.219654181758096e-05
2024-02-22,09:52:19,6.6121,26.94,24.25,3404,14970809.0,2.216106842204673e-05
2024-02-22,09:52:19,6.6232,26.94,24.25,3404,14970809.0,2.216106842204673e-05
2024-02-22,09:52:19,6.6343,26.94,24.25,3403,14970808.0,2.219654181758096e-05
2024-02-22,09:52:19,6.6454,26.94,24.25,3402,14970808.0,2.223207199565684e-05
2024-02-22,09:52:19,6.6566,26.94,24.25,3403,14970808.0,2.219654181758096e-05
2024-02-22,09:52:19,6.6678,26.94,24.25,3404,14970808.0,2.216106842204673e-05
2024-02-22,09:52:19,6.6788,26.94,24.25,3403,14970808.0,2.219654181758096e-05
2024-02-22,09:52:19,6.6899,26.94,24.25,3402,14970808.0,2.223207199565684e-05
2024-02-22,09:52:19,6.701,26.94,24.25,3402,14970808.0,2.223207199565684e-05
2024-02-22,09:52:19,6.7122,26.94,24.25,3402,14970808.0,2.223207199565684e-05
2024-02-22,09:52:19,6.7233,26.94,24.25,3403,14970809.0,2.219654181758096e-05
2024-02-22,09:52:19,6.7344,26.94,24.25,3404,14970808.0,2.216106842204673e-05
2024-02-22,09:52:19,6.7456,26.94,24.25,3403,14970808.0,2.219654181758096e-05
2024-02-22,09:52:19,6.7567,26.94,24.25,3402,14970809.0,2.223207199565684e-05
2024-02-22,09:52:19,6.7678,26.94,24.25,3402,14970809.0,2.223207199565684e-05
2024-02-22,09:52:19,6.7789,26.94,24.25,3403,14970808.0,2.219654181758096e-05
2024-02-22,09:52:19,6.7901,26.94,24.25,3404,14970809.0,2.216106842204673e-05
2024-02-22,09:52:19,6.8013,26.94,24.25,3403,14970809.0,2.219654181758096e-05
2024-02-22,09:52:19,6.8123,26.94,24.25,3402,14970809.0,2.223207199565684e-05
2024-02-22,09:52:19,6.8234,26.94,24.25,3402,14970809.0,2.223207199565684e-05
2024-02-22,09:52:19,6.8345,26.94,24.25,3402,14970809.0,2.223207199565684e-05
2024-02-22,09:52:19,6.8457,26.94,24.25,3402,14970809.0,2.223207199565684e-05
2024-02-22,09:52:19,6.8568,26.94,24.25,3403,14970810.0,2.219654181758096e-05
2024-02-22,09:52:19,6.8679,26.94,24.25,3404,14970809.0,2.216106842204673e-05
2024-02-22,09:52:19,6.8789,26.94,24.25,3404,14970810.0,2.216106842204673e-05
2024-02-22,09:52:19,6.89,26.94,24.25,3404,14970810.0,2.216106842204673e-05
2024-02-22,09:52:19,6.9011,26.94,24.25,3403,14970809.0,2.219654181758096e-05
2024-02-22,09:52:19,6.9123,26.94,24.25,3402,14970809.0,2.223207199565684e-05
2024-02-22,09:52:19,6.9234,26.94,24.25,3402,14970810.0,2.223207199565684e-05
2024-02-22,09:52:19,6.9344,26.94,24.25,3402,14970810.0,2.223207199565684e-05
2024-02-22,09:52:19,6.9456,26.94,24.25,3403,14970809.0,2.219654181758096e-05
2024-02-22,09:52:19,6.9567,26.94,24.25,3404,14970809.0,2.216106842204673e-05
2024-02-22,09:52:19,6.9678,26.94,24.25,3403,14970810.0,2.219654181758096e-05
2024-02-22,09:52:19,6.979,26.94,24.25,3403,14970810.0,2.219654181758096e-05
2024-02-22,09:52:19,6.9901,26.94,24.25,3404,14970809.0,2.216106842204673e-05
2024-02-22,09:52:19,7.0011,26.94,24.25,3404,14970809.0,2.216106842204673e-05
2024-02-22,09:52:19,7.0123,26.94,24.25,3404,14970809.0,2.216106842204673e-05
2024-02-22,09:52:19,7.0235,27.0,24.5,3403,14970809.0,2.219654181758096e-05
2024-02-22,09:52:19,7.0345,27.0,24.5,3403,14970809.0,2.219654181758096e-05
2024-02-22,09:52:19,7.0455,27.0,24.5,3404,14970809.0,2.216106842204673e-05
2024-02-22,09:52:19,7.0567,27.0,24.5,3403,14970808.0,2.219654181758096e-05
2024-02-22,09:52:19,7.0679,27.0,24.5,3403,14970808.0,2.219654181758096e-05
2024-02-22,09:52:19,7.079,27.0,24.5,3404,14970808.0,2.216106842204673e-05
2024-02-22,09:52:19,7.0902,27.0,24.5,3404,14970808.0,2.216106842204673e-05
2024-02-22,09:52:19,7.1014,27.0,24.5,3403,14970809.0,2.219654181758096e-05
2024-02-22,09:52:19,7.1124,27.0,24.5,3403,14970809.0,2.219654181758096e-05
2024-02-22,09:52:19,7.1235,27.0,24.5,3403,14970808.0,2.219654181758096e-05
2024-02-22,09:52:19,7.1346,27.0,24.5,3403,14970808.0,2.219654181758096e-05
2024-02-22,09:52:19,7.1457,27.0,24.5,3404,14970809.0,2.216106842204673e-05
2024-02-22,09:52:19,7.1568,27.0,24.5,3404,14970809.0,2.216106842204673e-05
2024-02-22,09:52:19,7.168,27.0,24.5,3404,14970809.0,2.216106842204673e-05
2024-02-22,09:52:19,7.1791,27.0,24.5,3403,14970809.0,2.219654181758096e-05
2024-02-22,09:52:19,7.1903,27.0,24.5,3402,14970809.0,2.223207199565684e-05
2024-02-22,09:52:19,7.2014,27.0,24.5,3402,14970809.0,2.223207199565684e-05
2024-02-22,09:52:19,7.2126,27.0,24.5,3402,14970810.0,2.223207199565684e-05
2024-02-22,09:52:19,7.2237,27.0,24.5,3403,14970810.0,2.219654181758096e-05
2024-02-22,09:52:19,7.2348,27.0,24.5,3403,14970809.0,2.219654181758096e-05
2024-02-22,09:52:19,7.2459,27.0,24.5,3402,14970809.0,2.223207199565684e-05
2024-02-22,09:52:19,7.2569,27.0,24.5,3403,14970810.0,2.219654181758096e-05
2024-02-22,09:52:19,7.2681,27.0,24.5,3403,14970810.0,2.219654181758096e-05
2024-02-22,09:52:19,7.2792,27.0,24.5,3402,14970810.0,2.223207199565684e-05
2024-02-22,09:52:19,7.2903,27.0,24.5,3402,14970810.0,2.223207199565684e-05
2024-02-22,09:52:19,7.3014,27.0,24.5,3403,14970810.0,2.219654181758096e-05
2024-02-22,09:52:19,7.3126,27.0,24.5,3403,14970810.0,2.219654181758096e-05
2024-02-22,09:52:19,7.3237,27.0,24.5,3402,14970810.0,2.223207199565684e-05
2024-02-22,09:52:19,7.3347,27.0,24.5,3403,14970810.0,2.219654181758096e-05
2024-02-22,09:52:19,7.3458,27.0,24.5,3403,14970809.0,2.219654181758096e-05
2024-02-22,09:52:19,7.3569,27.0,24.5,3402,14970810.0,2.223207199565684e-05
2024-02-22,09:52:19,7.3681,27.0,24.5,3403,14970810.0,2.219654181758096e-05
2024-02-22,09:52:19,7.3792,27.0,24.5,3403,14970810.0,2.219654181758096e-05
2024-02-22,09:52:19,7.3903,27.0,24.5,3402,14970810.0,2.223207199565684e-05
2024-02-22,09:52:19,7.4014,27.0,24.5,3403,14970810.0,2.219654181758096e-05
2024-02-22,09:52:19,7.4126,27.0,24.5,3404,14970810.0,2.216106842204673e-05
2024-02-22,09:52:19,7.4237,27.0,24.5,3403,14970810.0,2.219654181758096e-05
2024-02-22,09:52:19,7.4349,27.0,24.5,3402,14970810.0,2.223207199565684e-05
2024-02-22,09:52:19,7.446,27.0,24.5,3402,14970810.0,2.223207199565684e-05
2024-02-22,09:52:19,7.4571,27.0,24.5,3403,14970810.0,2.219654181758096e-05
2024-02-22,09:52:19,7.4682,27.0,24.5,3403,14970810.0,2.219654181758096e-05
2024-02-22,09:52:19,7.4792,27.0,24.5,3403,14970810.0,2.219654181758096e-05
2024-02-22,09:52:19,7.4903,27.0,24.5,3404,14970810.0,2.216106842204673e-05
2024-02-22,09:52:19,7.5015,27.0,24.5,3403,14970810.0,2.219654181758096e-05
2024-02-22,09:52:19,7.5127,27.0,24.5,3402,14970810.0,2.223207199565684e-05
2024-02-22,09:52:19,7.5238,27.0,24.5,3402,14970810.0,2.223207199565684e-05
2024-02-22,09:52:20,7.5349,26.94,24.5,3402,14970810.0,2.223207199565684e-05
2024-02-22,09:52:20,7.546,26.94,24.5,3403,14970810.0,2.219654181758096e-05
2024-02-22,09:52:20,7.5571,26.94,24.5,3403,14970810.0,2.219654181758096e-05
2024-02-22,09:52:20,7.5682,26.94,24.5,3403,14970810.0,2.219654181758096e-05
2024-02-22,09:52:20,7.5794,26.94,24.5,3404,14970810.0,2.216106842204673e-05
2024-02-22,09:52:20,7.5905,26.94,24.5,3403,14970809.0,2.219654181758096e-05
2024-02-22,09:52:20,7.6016,26.94,24.5,3402,14970809.0,2.223207199565684e-05
2024-02-22,09:52:20,7.6128,26.94,24.5,3402,14970810.0,2.223207199565684e-05
2024-02-22,09:52:20,7.6239,26.94,24.5,3403,14970810.0,2.219654181758096e-05
2024-02-22,09:52:20,7.635,26.94,24.5,3404,14970811.0,2.216106842204673e-05
2024-02-22,09:52:20,7.6461,26.94,24.5,3403,14970811.0,2.219654181758096e-05
2024-02-22,09:52:20,7.6573,26.94,24.5,3402,14970810.0,2.223207199565684e-05
2024-02-22,09:52:20,7.6684,26.94,24.5,3402,14970810.0,2.223207199565684e-05
2024-02-22,09:52:20,7.6795,26.94,24.5,3402,14970811.0,2.223207199565684e-05
2024-02-22,09:52:20,7.6907,26.94,24.5,3402,14970811.0,2.223207199565684e-05
2024-02-22,09:52:20,7.7018,26.94,24.5,3402,14970810.0,2.223207199565684e-05
2024-02-22,09:52:20,7.7129,26.94,24.5,3402,14970811.0,2.223207199565684e-05
2024-02-22,09:52:20,7.7241,26.94,24.5,3402,14970810.0,2.223207199565684e-05
2024-02-22,09:52:20,7.7351,26.94,24.5,3403,14970810.0,2.219654181758096e-05
2024-02-22,09:52:20,7.7463,26.94,24.5,3403,14970811.0,2.219654181758096e-05
2024-02-22,09:52:20,7.7573,26.94,24.5,3402,14970811.0,2.223207199565684e-05
2024-02-22,09:52:20,7.7684,26.94,24.5,3402,14970811.0,2.223207199565684e-05
2024-02-22,09:52:20,7.7795,26.94,24.5,3402,14970811.0,2.223207199565684e-05
2024-02-22,09:52:20,7.7906,26.94,24.5,3403,14970811.0,2.219654181758096e-05
2024-02-22,09:52:20,7.8018,26.94,24.5,3403,14970811.0,2.219654181758096e-05
2024-02-22,09:52:20,7.813,26.94,24.5,3402,14970811.0,2.223207199565684e-05
2024-02-22,09:52:20,7.8241,26.94,24.5,3402,14970811.0,2.223207199565684e-05
2024-02-22,09:52:20,7.8352,26.94,24.5,3403,14970811.0,2.219654181758096e-05
2024-02-22,09:52:20,7.8462,26.94,24.5,3404,14970811.0,2.216106842204673e-05
2024-02-22,09:52:20,7.8573,26.94,24.5,3404,14970811.0,2.216106842204673e-05
2024-02-22,09:52:20,7.8685,26.94,24.5,3403,14970811.0,2.219654181758096e-05
2024-02-22,09:52:20,7.8796,26.94,24.5,3403,14970811.0,2.219654181758096e-05
2024-02-22,09:52:20,7.8907,26.94,24.5,3403,14970810.0,2.219654181758096e-05
2024-02-22,09:52:20,7.9018,26.94,24.5,3403,14970810.0,2.219654181758096e-05
2024-02-22,09:52:20,7.9129,26.94,24.5,3403,14970810.0,2.219654181758096e-05
2024-02-22,09:52:20,7.924,26.94,24.5,3402,14970810.0,2.223207199565684e-05
2024-02-22,09:52:20,7.9351,26.94,24.5,3403,14970810.0,2.219654181758096e-05
2024-02-22,09:52:20,7.9463,26.94,24.5,3403,14970810.0,2.219654181758096e-05
2024-02-22,09:52:20,7.9574,26.94,24.5,3402,14970810.0,2.223207199565684e-05
2024-02-22,09:52:20,7.9685,26.94,24.5,3403,14970810.0,2.219654181758096e-05
2024-02-22,09:52:20,7.9797,26.94,24.5,3404,14970809.0,2.216106842204673e-05
2024-02-22,09:52:20,7.9908,26.94,24.5,3404,14970809.0,2.216106842204673e-05
2024-02-22,09:52:20,8.002,26.94,24.5,3403,14970811.0,2.219654181758096e-05
2024-02-22,09:52:20,8.013,26.94,24.5,3403,14970811.0,2.219654181758096e-05
2024-02-22,09:52:20,8.024,26.94,24.5,3403,14970811.0,2.219654181758096e-05
2024-02-22,09:52:20,8.0352,27.0,24.5,3403,14970811.0,2.219654181758096e-05
2024-02-22,09:52:20,8.0464,27.0,24.5,3404,14970810.0,2.216106842204673e-05
2024-02-22,09:52:20,8.0574,27.0,24.5,3404,14970811.0,2.216106842204673e-05
2024-02-22,09:52:20,8.0686,27.0,24.5,3403,14970811.0,2.219654181758096e-05
2024-02-22,09:52:20,8.0797,27.0,24.5,3403,14970810.0,2.219654181758096e-05
2024-02-22,09:52:20,8.0908,27.0,24.5,3403,14970811.0,2.219654181758096e-05
2024-02-22,09:52:20,8.1019,27.0,24.5,3403,14970811.0,2.219654181758096e-05
2024-02-22,09:52:20,8.1131,27.0,24.5,3403,14970811.0,2.219654181758096e-05
2024-02-22,09:52:20,8.1242,27.0,24.5,3403,14970811.0,2.219654181758096e-05
2024-02-22,09:52:20,8.1353,27.0,24.5,3404,14970811.0,2.216106842204673e-05
2024-02-22,09:52:20,8.1464,27.0,24.5,3404,14970811.0,2.216106842204673e-05
2024-02-22,09:52:20,8.1575,27.0,24.5,3403,14970811.0,2.219654181758096e-05
2024-02-22,09:52:20,8.1687,27.0,24.5,3403,14970810.0,2.219654181758096e-05
2024-02-22,09:52:20,8.1798,27.0,24.5,3403,14970810.0,2.219654181758096e-05
2024-02-22,09:52:20,8.1909,27.0,24.5,3402,14970811.0,2.223207199565684e-05
2024-02-22,09:52:20,8.2021,27.0,24.5,3402,14970811.0,2.223207199565684e-05
2024-02-22,09:52:20,8.2132,27.0,24.5,3402,14970811.0,2.223207199565684e-05
2024-02-22,09:52:20,8.2242,27.0,24.5,3403,14970811.0,2.219654181758096e-05
2024-02-22,09:52:20,8.2354,27.0,24.5,3403,14970811.0,2.219654181758096e-05
2024-02-22,09:52:20,8.2466,27.0,24.5,3403,14970810.0,2.219654181758096e-05
2024-02-22,09:52:20,8.2577,27.0,24.5,3404,14970811.0,2.216106842204673e-05
2024-02-22,09:52:20,8.2687,27.0,24.5,3403,14970811.0,2.219654181758096e-05
2024-02-22,09:52:20,8.2798,27.0,24.5,3403,14970811.0,2.219654181758096e-05
2024-02-22,09:52:20,8.291,27.0,24.5,3403,14970811.0,2.219654181758096e-05
2024-02-22,09:52:20,8.3021,27.0,24.5,3403,14970811.0,2.219654181758096e-05
2024-02-22,09:52:20,8.3132,27.0,24.5,3403,14970811.0,2.219654181758096e-05
2024-02-22,09:52:20,8.3243,27.0,24.5,3402,14970810.0,2.223207199565684e-05
2024-02-22,09:52:20,8.3354,27.0,24.5,3402,14970810.0,2.223207199565684e-05
2024-02-22,09:52:20,8.3465,27.0,24.5,3403,14970811.0,2.219654181758096e-05
2024-02-22,09:52:20,8.3577,27.0,24.5,3403,14970811.0,2.219654181758096e-05
2024-02-22,09:52:20,8.3688,27.0,24.5,3403,14970811.0,2.219654181758096e-05
2024-02-22,09:52:20,8.3799,27.0,24.5,3404,14970810.0,2.216106842204673e-05
2024-02-22,09:52:20,8.391,27.0,24.5,3403,14970810.0,2.219654181758096e-05
2024-02-22,09:52:20,8.4022,27.0,24.5,3403,14970810.0,2.219654181758096e-05
2024-02-22,09:52:20,8.4133,27.0,24.5,3404,14970811.0,2.216106842204673e-05
2024-02-22,09:52:20,8.4244,27.0,24.5,3403,14970811.0,2.219654181758096e-05
2024-02-22,09:52:20,8.4354,27.0,24.5,3403,14970811.0,2.219654181758096e-05
2024-02-22,09:52:20,8.4466,27.0,24.5,3403,14970811.0,2.219654181758096e-05
2024-02-22,09:52:20,8.4577,27.0,24.5,3403,14970810.0,2.219654181758096e-05
2024-02-22,09:52:20,8.4688,27.0,24.5,3404,14970811.0,2.216106842204673e-05
2024-02-22,09:52:20,8.4799,27.0,24.5,3403,14970811.0,2.219654181758096e-05
2024-02-22,09:52:20,8.491,27.0,24.5,3402,14970811.0,2.223207199565684e-05
2024-02-22,09:52:20,8.5022,27.0,24.5,3403,14970811.0,2.219654181758096e-05
2024-02-22,09:52:20,8.5133,27.0,24.5,3403,14970811.0,2.219654181758096e-05
2024-02-22,09:52:20,8.5245,27.0,24.5,3402,14970811.0,2.223207199565684e-05
2024-02-22,09:52:21,8.5356,27.0,24.5,3402,14970811.0,2.223207199565684e-05
2024-02-22,09:52:21,8.5466,27.0,24.25,3403,14970812.0,2.219654181758096e-05
2024-02-22,09:52:21,8.5577,27.0,24.25,3403,14970811.0,2.219654181758096e-05
2024-02-22,09:52:21,8.5688,27.0,24.25,3402,14970811.0,2.223207199565684e-05
2024-02-22,09:52:21,8.58,27.0,24.25,3402,14970811.0,2.223207199565684e-05
2024-02-22,09:52:21,8.5911,27.0,24.25,3403,14970812.0,2.219654181758096e-05
2024-02-22,09:52:21,8.6022,27.0,24.25,3403,14970812.0,2.219654181758096e-05
2024-02-22,09:52:21,8.6132,27.0,24.25,3403,14970812.0,2.219654181758096e-05
2024-02-22,09:52:21,8.6244,27.0,24.25,3403,14970812.0,2.219654181758096e-05
2024-02-22,09:52:21,8.6356,27.0,24.25,3402,14970811.0,2.223207199565684e-05
2024-02-22,09:52:21,8.6467,27.0,24.25,3402,14970811.0,2.223207199565684e-05
2024-02-22,09:52:21,8.6578,27.0,24.25,3403,14970812.0,2.219654181758096e-05
2024-02-22,09:52:21,8.6688,27.0,24.25,3403,14970812.0,2.219654181758096e-05
2024-02-22,09:52:21,8.6799,27.0,24.25,3403,14970812.0,2.219654181758096e-05
2024-02-22,09:52:21,8.691,27.0,24.25,3403,14970812.0,2.219654181758096e-05
2024-02-22,09:52:21,8.7021,27.0,24.25,3403,14970812.0,2.219654181758096e-05
2024-02-22,09:52:21,8.7131,27.0,24.25,3403,14970812.0,2.219654181758096e-05
2024-02-22,09:52:21,8.7243,27.0,24.25,3402,14970811.0,2.223207199565684e-05
2024-02-22,09:52:21,8.7355,27.0,24.25,3402,14970811.0,2.223207199565684e-05
2024-02-22,09:52:21,8.7465,27.0,24.25,3403,14970811.0,2.219654181758096e-05
2024-02-22,09:52:21,8.7576,27.0,24.25,3403,14970811.0,2.219654181758096e-05
2024-02-22,09:52:21,8.7687,27.0,24.25,3403,14970811.0,2.219654181758096e-05
2024-02-22,09:52:21,8.7798,27.0,24.25,3403,14970812.0,2.219654181758096e-05
2024-02-22,09:52:21,8.791,27.0,24.25,3403,14970811.0,2.219654181758096e-05
2024-02-22,09:52:21,8.8022,27.0,24.25,3403,14970811.0,2.219654181758096e-05
2024-02-22,09:52:21,8.8132,27.0,24.25,3403,14970811.0,2.219654181758096e-05
2024-02-22,09:52:21,8.8244,27.0,24.25,3404,14970811.0,2.216106842204673e-05
2024-02-22,09:52:21,8.8356,27.0,24.25,3403,14970811.0,2.219654181758096e-05
2024-02-22,09:52:21,8.8466,27.0,24.25,3402,14970811.0,2.223207199565684e-05
2024-02-22,09:52:21,8.8577,27.0,24.25,3402,14970810.0,2.223207199565684e-05
2024-02-22,09:52:21,8.8688,27.0,24.25,3403,14970810.0,2.219654181758096e-05
2024-02-22,09:52:21,8.88,27.0,24.25,3404,14970811.0,2.216106842204673e-05
2024-02-22,09:52:21,8.8911,27.0,24.25,3403,14970811.0,2.219654181758096e-05
2024-02-22,09:52:21,8.9021,27.0,24.25,3402,14970811.0,2.223207199565684e-05
2024-02-22,09:52:21,8.9133,27.0,24.25,3402,14970811.0,2.223207199565684e-05
2024-02-22,09:52:21,8.9245,27.0,24.25,3402,14970811.0,2.223207199565684e-05
2024-02-22,09:52:21,8.9356,27.0,24.25,3402,14970811.0,2.223207199565684e-05
2024-02-22,09:52:21,8.9467,27.0,24.25,3402,14970812.0,2.223207199565684e-05
2024-02-22,09:52:21,8.9579,27.0,24.25,3403,14970811.0,2.219654181758096e-05
2024-02-22,09:52:21,8.969,27.0,24.25,3403,14970811.0,2.219654181758096e-05
2024-02-22,09:52:21,8.9801,27.0,24.25,3402,14970812.0,2.223207199565684e-05
2024-02-22,09:52:21,8.9913,27.0,24.25,3403,14970812.0,2.219654181758096e-05
2024-02-22,09:52:21,9.0024,27.0,24.25,3403,14970812.0,2.219654181758096e-05
2024-02-22,09:52:21,9.0135,27.0,24.25,3403,14970812.0,2.219654181758096e-05
2024-02-22,09:52:21,9.0246,27.0,24.25,3403,14970812.0,2.219654181758096e-05
2024-02-22,09:52:21,9.0358,27.0,24.25,3403,14970812.0,2.219654181758096e-05
2024-02-22,09:52:21,9.0469,27.0,24.25,3403,14970812.0,2.219654181758096e-05
2024-02-22,09:52:21,9.058,27.0,24.5,3403,14970813.0,2.219654181758096e-05
2024-02-22,09:52:21,9.069,27.0,24.5,3403,14970813.0,2.219654181758096e-05
2024-02-22,09:52:21,9.08,27.0,24.5,3402,14970812.0,2.223207199565684e-05
2024-02-22,09:52:21,9.0911,27.0,24.5,3402,14970812.0,2.223207199565684e-05
2024-02-22,09:52:21,9.1023,27.0,24.5,3403,14970812.0,2.219654181758096e-05
2024-02-22,09:52:21,9.1134,27.0,24.5,3403,14970812.0,2.219654181758096e-05
2024-02-22,09:52:21,9.1245,27.0,24.5,3403,14970813.0,2.219654181758096e-05
2024-02-22,09:52:21,9.1356,27.0,24.5,3403,14970812.0,2.219654181758096e-05
2024-02-22,09:52:21,9.1467,27.0,24.5,3403,14970813.0,2.219654181758096e-05
2024-02-22,09:52:21,9.1578,27.0,24.5,3403,14970813.0,2.219654181758096e-05
2024-02-22,09:52:21,9.1688,27.0,24.5,3402,14970811.0,2.223207199565684e-05
2024-02-22,09:52:21,9.18,27.0,24.5,3402,14970811.0,2.223207199565684e-05
2024-02-22,09:52:21,9.1913,27.0,24.5,3403,14970812.0,2.219654181758096e-05
2024-02-22,09:52:21,9.2024,27.0,24.5,3403,14970812.0,2.219654181758096e-05
2024-02-22,09:52:21,9.2135,27.0,24.5,3403,14970812.0,2.219654181758096e-05
2024-02-22,09:52:21,9.2246,27.0,24.5,3403,14970812.0,2.219654181758096e-05
2024-02-22,09:52:21,9.2357,27.0,24.5,3402,14970812.0,2.223207199565684e-05
2024-02-22,09:52:21,9.2468,27.0,24.5,3403,14970812.0,2.219654181758096e-05
2024-02-22,09:52:21,9.2579,27.0,24.5,3404,14970812.0,2.216106842204673e-05
2024-02-22,09:52:21,9.269,27.0,24.5,3403,14970812.0,2.219654181758096e-05
2024-02-22,09:52:21,9.2801,27.0,24.5,3403,14970812.0,2.219654181758096e-05
2024-02-22,09:52:21,9.2912,27.0,24.5,3404,14970812.0,2.216106842204673e-05
2024-02-22,09:52:21,9.3024,27.0,24.5,3403,14970811.0,2.219654181758096e-05
2024-02-22,09:52:21,9.3134,27.0,24.5,3402,14970811.0,2.223207199565684e-05
2024-02-22,09:52:21,9.3245,27.0,24.5,3402,14970811.0,2.223207199565684e-05
2024-02-22,09:52:21,9.3357,27.0,24.5,3402,14970811.0,2.223207199565684e-05
2024-02-22,09:52:21,9.3468,27.0,24.5,3403,14970811.0,2.219654181758096e-05
2024-02-22,09:52:21,9.3579,27.0,24.5,3404,14970811.0,2.216106842204673e-05
2024-02-22,09:52:21,9.369,27.0,24.5,3404,14970811.0,2.216106842204673e-05
2024-02-22,09:52:21,9.3801,27.0,24.5,3404,14970811.0,2.216106842204673e-05
2024-02-22,09:52:21,9.3912,27.0,24.5,3404,14970811.0,2.216106842204673e-05
2024-02-22,09:52:21,9.4024,27.0,24.5,3403,14970812.0,2.219654181758096e-05
2024-02-22,09:52:21,9.4135,27.0,24.5,3403,14970812.0,2.219654181758096e-05
2024-02-22,09:52:21,9.4246,27.0,24.5,3404,14970811.0,2.216106842204673e-05
2024-02-22,09:52:21,9.4358,27.0,24.5,3403,14970811.0,2.219654181758096e-05
2024-02-22,09:52:21,9.4469,27.0,24.5,3402,14970811.0,2.223207199565684e-05
2024-02-22,09:52:21,9.458,27.0,24.5,3403,14970812.0,2.219654181758096e-05
2024-02-22,09:52:21,9.469,27.0,24.5,3403,14970812.0,2.219654181758096e-05
2024-02-22,09:52:21,9.4802,27.0,24.5,3403,14970812.0,2.219654181758096e-05
2024-02-22,09:52:21,9.4913,27.0,24.5,3404,14970812.0,2.216106842204673e-05
2024-02-22,09:52:21,9.5024,27.0,24.5,3404,14970812.0,2.216106842204673e-05
2024-02-22,09:52:21,9.5135,27.0,24.5,3404,14970812.0,2.216106842204673e-05
2024-02-22,09:52:21,9.5246,27.0,24.5,3403,14970812.0,2.219654181758096e-05
2024-02-22,09:52:22,9.5358,27.0,24.5,3402,14970812.0,2.223207199565684e-05
2024-02-22,09:52:22,9.5469,27.0,24.5,3402,14970812.0,2.223207199565684e-05
2024-02-22,09:52:22,9.5581,27.0,24.5,3402,14970812.0,2.223207199565684e-05
2024-02-22,09:52:22,9.5692,26.94,24.25,3402,14970813.0,2.223207199565684e-05
2024-02-22,09:52:22,9.5802,26.94,24.25,3402,14970813.0,2.223207199565684e-05
2024-02-22,09:52:22,9.5913,26.94,24.25,3403,14970813.0,2.219654181758096e-05
2024-02-22,09:52:22,9.6023,26.94,24.25,3403,14970813.0,2.219654181758096e-05
2024-02-22,09:52:22,9.6134,26.94,24.25,3403,14970813.0,2.219654181758096e-05
2024-02-22,09:52:22,9.6246,26.94,24.25,3403,14970813.0,2.219654181758096e-05
2024-02-22,09:52:22,9.6357,26.94,24.25,3402,14970812.0,2.223207199565684e-05
2024-02-22,09:52:22,9.6468,26.94,24.25,3402,14970812.0,2.223207199565684e-05
2024-02-22,09:52:22,9.658,26.94,24.25,3403,14970813.0,2.219654181758096e-05
2024-02-22,09:52:22,9.669,26.94,24.25,3403,14970813.0,2.219654181758096e-05
2024-02-22,09:52:22,9.6802,26.94,24.25,3403,14970812.0,2.219654181758096e-05
2024-02-22,09:52:22,9.6913,26.94,24.25,3403,14970812.0,2.219654181758096e-05
2024-02-22,09:52:22,9.7024,26.94,24.25,3403,14970812.0,2.219654181758096e-05
2024-02-22,09:52:22,9.7134,26.94,24.25,3403,14970812.0,2.219654181758096e-05
2024-02-22,09:52:22,9.7246,26.94,24.25,3403,14970812.0,2.219654181758096e-05
2024-02-22,09:52:22,9.7358,26.94,24.25,3403,14970812.0,2.219654181758096e-05
2024-02-22,09:52:22,9.7469,26.94,24.25,3402,14970812.0,2.223207199565684e-05
2024-02-22,09:52:22,9.7579,26.94,24.25,3402,14970812.0,2.223207199565684e-05
2024-02-22,09:52:22,9.769,26.94,24.25,3403,14970812.0,2.219654181758096e-05
2024-02-22,09:52:22,9.7801,26.94,24.25,3403,14970812.0,2.219654181758096e-05
2024-02-22,09:52:22,9.7913,26.94,24.25,3402,14970811.0,2.223207199565684e-05
2024-02-22,09:52:22,9.8025,26.94,24.25,3403,14970811.0,2.219654181758096e-05
2024-02-22,09:52:22,9.8135,26.94,24.25,3404,14970811.0,2.216106842204673e-05
2024-02-22,09:52:22,9.8247,26.94,24.25,3403,14970812.0,2.219654181758096e-05
2024-02-22,09:52:22,9.8358,26.94,24.25,3403,14970812.0,2.219654181758096e-05
2024-02-22,09:52:22,9.8469,26.94,24.25,3403,14970811.0,2.219654181758096e-05
2024-02-22,09:52:22,9.858,26.94,24.25,3403,14970812.0,2.219654181758096e-05
2024-02-22,09:52:22,9.8691,26.94,24.25,3403,14970812.0,2.219654181758096e-05
2024-02-22,09:52:22,9.8802,26.94,24.25,3403,14970812.0,2.219654181758096e-05
2024-02-22,09:52:22,9.8913,26.94,24.25,3404,14970812.0,2.216106842204673e-05
2024-02-22,09:52:22,9.9025,26.94,24.25,3404,14970812.0,2.216106842204673e-05
2024-02-22,09:52:22,9.9136,26.94,24.25,3403,14970812.0,2.219654181758096e-05
2024-02-22,09:52:22,9.9247,26.94,24.25,3403,14970813.0,2.219654181758096e-05
2024-02-22,09:52:22,9.9358,26.94,24.25,3404,14970813.0,2.216106842204673e-05
2024-02-22,09:52:22,9.9469,26.94,24.25,3404,14970812.0,2.216106842204673e-05
2024-02-22,09:52:22,9.958,26.94,24.25,3403,14970812.0,2.219654181758096e-05
2024-02-22,09:52:22,9.9691,26.94,24.25,3403,14970812.0,2.219654181758096e-05
2024-02-22,09:52:22,9.9802,26.94,24.25,3403,14970812.0,2.219654181758096e-05
2024-02-22,09:52:22,9.9913,26.94,24.25,3402,14970811.0,2.223207199565684e-05
2024-02-22,09:52:22,10.0025,26.94,24.25,3402,14970812.0,2.223207199565684e-05
2024-02-22,09:52:22,10.0136,26.94,24.25,3403,14970812.0,2.219654181758096e-05
2024-02-22,09:52:22,10.0247,26.94,24.25,3403,14970812.0,2.219654181758096e-05
2024-02-22,09:52:22,10.0358,26.94,24.25,3402,14970812.0,2.223207199565684e-05
2024-02-22,09:52:22,10.047,26.94,24.25,3402,14970812.0,2.223207199565684e-05
2024-02-22,09:52:22,10.0581,26.94,24.25,3402,14970812.0,2.223207199565684e-05
2024-02-22,09:52:22,10.0691,26.94,24.25,3402,14970812.0,2.223207199565684e-05
2024-02-22,09:52:22,10.0802,27.0,24.5,3403,14970813.0,2.219654181758096e-05
2024-02-22,09:52:22,10.0913,27.0,24.5,3403,14970813.0,2.219654181758096e-05
2024-02-22,09:52:22,10.1024,27.0,24.5,3402,14970812.0,2.223207199565684e-05
2024-02-22,09:52:22,10.1136,27.0,24.5,3402,14970812.0,2.223207199565684e-05
2024-02-22,09:52:22,10.1246,27.0,24.5,3403,14970813.0,2.219654181758096e-05
2024-02-22,09:52:22,10.1358,27.0,24.5,3403,14970813.0,2.219654181758096e-05
2024-02-22,09:52:22,10.1469,27.0,24.5,3403,14970812.0,2.219654181758096e-05
2024-02-22,09:52:22,10.1581,27.0,24.5,3403,14970812.0,2.219654181758096e-05
2024-02-22,09:52:22,10.1692,27.0,24.5,3403,14970813.0,2.219654181758096e-05
2024-02-22,09:52:22,10.1802,27.0,24.5,3403,14970813.0,2.219654181758096e-05
2024-02-22,09:52:22,10.1912,27.0,24.5,3402,14970811.0,2.223207199565684e-05
2024-02-22,09:52:22,10.2024,27.0,24.5,3403,14970811.0,2.219654181758096e-05
2024-02-22,09:52:22,10.2136,27.0,24.5,3403,14970811.0,2.219654181758096e-05
2024-02-22,09:52:22,10.2248,27.0,24.5,3402,14970812.0,2.223207199565684e-05
2024-02-22,09:52:22,10.236,27.0,24.5,3402,14970811.0,2.223207199565684e-05
2024-02-22,09:52:22,10.2471,27.0,24.5,3402,14970811.0,2.223207199565684e-05
2024-02-22,09:52:22,10.2582,27.0,24.5,3403,14970812.0,2.219654181758096e-05
2024-02-22,09:52:22,10.2694,27.0,24.5,3404,14970812.0,2.216106842204673e-05
2024-02-22,09:52:22,10.2804,27.0,24.5,3403,14970812.0,2.219654181758096e-05
2024-02-22,09:52:22,10.2916,27.0,24.5,3403,14970812.0,2.219654181758096e-05
2024-02-22,09:52:22,10.3026,27.0,24.5,3404,14970812.0,2.216106842204673e-05
2024-02-22,09:52:22,10.3137,27.0,24.5,3404,14970812.0,2.216106842204673e-05
2024-02-22,09:52:22,10.3248,27.0,24.5,3404,14970811.0,2.216106842204673e-05
2024-02-22,09:52:22,10.336,27.0,24.5,3403,14970812.0,2.219654181758096e-05
2024-02-22,09:52:22,10.3471,27.0,24.5,3402,14970811.0,2.223207199565684e-05
2024-02-22,09:52:22,10.3582,27.0,24.5,3402,14970811.0,2.223207199565684e-05
2024-02-22,09:52:22,10.3692,27.0,24.5,3403,14970812.0,2.219654181758096e-05
2024-02-22,09:52:22,10.3803,27.0,24.5,3404,14970812.0,2.216106842204673e-05
2024-02-22,09:52:22,10.3915,27.0,24.5,3404,14970813.0,2.216106842204673e-05
2024-02-22,09:52:22,10.4026,27.0,24.5,3404,14970813.0,2.216106842204673e-05
2024-02-22,09:52:22,10.4136,27.0,24.5,3404,14970812.0,2.216106842204673e-05
2024-02-22,09:52:22,10.4248,27.0,24.5,3403,14970812.0,2.219654181758096e-05
2024-02-22,09:52:22,10.436,27.0,24.5,3403,14970812.0,2.219654181758096e-05
2024-02-22,09:52:22,10.4471,27.0,24.5,3403,14970812.0,2.219654181758096e-05
2024-02-22,09:52:22,10.4582,27.0,24.5,3403,14970813.0,2.219654181758096e-05
2024-02-22,09:52:22,10.4693,27.0,24.5,3403,14970813.0,2.219654181758096e-05
2024-02-22,09:52:22,10.4804,27.0,24.5,3403,14970812.0,2.219654181758096e-05
2024-02-22,09:52:22,10.4915,27.0,24.5,3403,14970813.0,2.219654181758096e-05
2024-02-22,09:52:22,10.5026,27.0,24.5,3403,14970812.0,2.219654181758096e-05
2024-02-22,09:52:22,10.5136,27.0,24.5,3403,14970812.0,2.219654181758096e-05
2024-02-22,09:52:22,10.5247,27.0,24.5,3403,14970812.0,2.219654181758096e-05
2024-02-22,09:52:23,10.5359,27.0,24.5,3403,14970812.0,2.219654181758096e-05
2024-02-22,09:52:23,10.547,27.0,24.5,3403,14970812.0,2.219654181758096e-05
2024-02-22,09:52:23,10.5582,27.0,24.5,3403,14970813.0,2.219654181758096e-05
2024-02-22,09:52:23,10.5693,27.0,24.5,3403,14970813.0,2.219654181758096e-05
2024-02-22,09:52:23,10.5804,27.0,24.5,3403,14970812.0,2.219654181758096e-05
2024-02-22,09:52:23,10.5915,27.0,24.5,3402,14970812.0,2.223207199565684e-05
2024-02-22,09:52:23,10.6026,27.0,24.5,3403,14970812.0,2.219654181758096e-05
2024-02-22,09:52:23,10.6137,27.0,24.5,3404,14970812.0,2.216106842204673e-05
2024-02-22,09:52:23,10.6249,27.0,24.5,3403,14970812.0,2.219654181758096e-05
2024-02-22,09:52:23,10.6359,27.0,24.5,3403,14970812.0,2.219654181758096e-05
2024-02-22,09:52:23,10.647,27.0,24.5,3403,14970812.0,2.219654181758096e-05
2024-02-22,09:52:23,10.6582,27.0,24.5,3402,14970811.0,2.223207199565684e-05
2024-02-22,09:52:23,10.6693,27.0,24.5,3403,14970811.0,2.219654181758096e-05
2024-02-22,09:52:23,10.6804,27.0,24.5,3404,14970812.0,2.216106842204673e-05
