Date/Time,Command,Status/Mode,Power(raw),Stable/Total(sec),Min/Max(C),Temp(C),Ambient(C)
2022-10-08 15:30:02,SET '=OFFSET 0.00',IDLE/OFF,0,0/0,0.0/-1,25.25,26.62
2022-10-08 15:30:02,SET '+OFFSET -0.00',IDLE/OFF,0,0/0,60.0/-1,25.25,26.62
2022-10-08 15:30:02,SET '-OFFSET 0.00',IDLE/OFF,0,0/0,60.0/-1,25.25,26.62
2022-10-08 15:30:03,SET '25',CYCLE/IDLE,1,0/0,60.0/-1,25.25,26.62
2022-10-08 15:30:06,GET,STABLE/COOL,-26,0/3,24.94/25.38,25.14,26.56
2022-10-08 15:30:10,GET,STABLE/COOL,-22,0/7,25.19/25.48,25.37,26.62
2022-10-08 15:30:13,GET,STABLE/COOL,-26,0/10,25.26/25.49,25.49,26.62
2022-10-08 15:30:17,GET,STABLE/COOL,-26,0/14,25.26/25.47,25.47,26.62
2022-10-08 15:30:20,GET,STABLE/COOL,-26,0/17,25.28/25.44,25.35,26.62
2022-10-08 15:30:24,GET,STABLE/COOL,-26,0/21,25.42/25.5,25.5,26.62
2022-10-08 15:30:27,GET,STABLE/COOL,-27,0/24,25.31/25.49,25.49,26.62
2022-10-08 15:30:31,GET,STABLE/COOL,-27,0/28,25.26/25.5,25.38,26.69
2022-10-08 15:30:34,GET,STABLE/COOL,-27,0/31,25.29/25.45,25.29,26.62
2022-10-08 15:30:37,GET,STABLE/COOL,-27,0/35,25.35/25.49,25.49,26.62
2022-10-08 15:30:41,GET,STABLE/COOL,-27,0/38,25.3/25.5,25.3,26.62
2022-10-08 15:30:45,GET,STABLE/COOL,-27,0/42,25.33/25.46,25.35,26.62
2022-10-08 15:30:49,GET,STABLE/COOL,-27,0/46,25.37/25.48,25.48,26.62
2022-10-08 15:30:53,GET,STABLE/COOL,-28,0/50,25.12/25.49,25.37,26.62
2022-10-08 15:30:56,GET,STABLE/COOL,-28,0/53,25.34/25.48,25.43,26.62
2022-10-08 15:31:00,GET,STABLE/COOL,-28,0/57,25.29/25.42,25.4,26.62
2022-10-08 15:31:03,GET,STABLE/COOL,-28,0/60,25.45/25.5,25.5,26.62
2022-10-08 15:31:06,GET,STABLE/COOL,-28,0/64,25.37/25.5,25.49,26.62
2022-10-08 15:31:10,GET,STABLE/COOL,-28,0/67,25.31/25.5,25.45,26.62
2022-10-08 15:31:13,GET,STABLE/COOL,-28,0/71,25.3/25.48,25.4,26.62
2022-10-08 15:31:17,GET,STABLE/COOL,-29,0/74,25.29/25.46,25.35,26.56
2022-10-08 15:31:20,GET,STABLE/COOL,-25,0/77,25.33/25.43,25.42,26.62
2022-10-08 15:31:24,GET,STABLE/COOL,-29,0/81,25.31/25.49,25.33,26.62
2022-10-08 15:31:27,GET,STABLE/COOL,-29,0/84,25.26/25.41,25.38,26.62
2022-10-08 15:31:31,GET,STABLE/COOL,-29,0/88,25.3/25.47,25.36,26.62
2022-10-08 15:31:34,GET,STABLE/COOL,-29,0/91,25.31/25.48,25.36,26.62
2022-10-08 15:31:37,GET,STABLE/COOL,-29,0/95,25.28/25.47,25.32,26.62
2022-10-08 15:31:41,GET,STABLE/COOL,-29,0/98,25.37/25.49,25.43,26.62
2022-10-08 15:31:45,GET,STABLE/COOL,-30,0/102,25.26/25.48,25.44,26.62
2022-10-08 15:31:48,GET,STABLE/COOL,-30,0/105,25.3/25.45,25.35,26.62
2022-10-08 15:31:52,GET,STABLE/COOL,-30,0/109,25.3/25.42,25.33,26.62
2022-10-08 15:31:55,GET,STABLE/COOL,-30,0/112,25.36/25.48,25.48,26.62
2022-10-08 15:31:58,GET,STABLE/COOL,-28,0/116,23.8/25.49,24.64,26.62
2022-10-08 15:32:04,GET,STABLE/COOL,-27,0/121,23.94/25.39,25.39,26.62
2022-10-08 15:32:07,GET,STABLE/COOL,-27,0/125,25.03/25.46,25.35,26.62
2022-10-08 15:32:11,GET,STABLE/COOL,-27,0/128,25.27/25.43,25.41,26.62
2022-10-08 15:32:14,GET,STABLE/COOL,-27,0/131,25.27/25.47,25.36,26.69
2022-10-08 15:32:18,GET,STABLE/COOL,-27,0/136,25.36/25.47,25.43,26.62
2022-10-08 15:32:23,GET,STABLE/COOL,-28,0/140,25.27/25.48,25.44,26.62
2022-10-08 15:32:27,GET,STABLE/COOL,-28,0/144,25.26/25.47,25.47,26.69
2022-10-08 15:32:30,GET,STABLE/COOL,-28,0/148,25.33/25.43,25.33,26.62
2022-10-08 15:32:34,GET,STABLE/COOL,-28,0/151,25.33/25.46,25.33,26.62
2022-10-08 15:32:37,GET,STABLE/COOL,-28,0/154,25.33/25.48,25.48,26.62
2022-10-08 15:32:42,GET,STABLE/COOL,-28,0/159,25.34/25.5,25.42,26.62
2022-10-08 15:32:46,GET,STABLE/COOL,-28,0/163,25.13/25.42,25.13,26.62
2022-10-08 15:32:49,GET,STABLE/COOL,-28,0/166,25.32/25.41,25.33,26.69
2022-10-08 15:32:53,GET,STABLE/COOL,-29,0/170,25.29/25.49,25.37,26.62
2022-10-08 15:32:56,GET,STABLE/COOL,-29,0/173,25.28/25.42,25.42,26.69
2022-10-08 15:33:00,GET,STABLE/COOL,-29,0/177,25.3/25.46,25.46,26.69
2022-10-08 15:33:03,GET,STABLE/COOL,-29,0/180,25.29/25.49,25.29,26.62
2022-10-08 15:33:07,GET,STABLE/COOL,-29,0/184,25.28/25.49,25.28,26.62
2022-10-08 15:33:10,GET,STABLE/COOL,-29,0/187,25.31/25.47,25.4,26.69
2022-10-08 15:33:13,GET,STABLE/COOL,-29,0/191,25.45/25.5,25.5,26.62
2022-10-08 15:33:17,GET,STABLE/COOL,-30,0/194,25.37/25.5,25.5,26.62
2022-10-08 15:33:20,GET,STABLE/COOL,-30,0/198,25.37/25.49,25.37,26.69
2022-10-08 15:33:24,GET,STABLE/COOL,-30,0/201,25.37/25.49,25.44,26.62
2022-10-08 15:33:27,GET,STABLE/COOL,-30,0/205,25.47/25.5,25.5,26.69
2022-10-08 15:33:31,GET,STABLE/COOL,-30,0/208,25.34/25.5,25.46,26.69
2022-10-08 15:33:35,GET,STABLE/COOL,-30,0/212,25.37/25.5,25.43,26.69
2022-10-08 15:33:39,GET,STABLE/COOL,-31,0/216,25.37/25.5,25.44,26.62
2022-10-08 15:33:42,GET,STABLE/COOL,-31,0/219,25.47/25.5,25.5,26.69
2022-10-08 15:33:45,GET,STABLE/COOL,-31,0/223,25.28/25.5,25.28,26.69
2022-10-08 15:33:49,GET,STABLE/COOL,-31,0/226,25.27/25.47,25.36,26.69
2022-10-08 15:33:52,GET,STABLE/COOL,-31,0/230,25.34/25.49,25.37,26.69
2022-10-08 15:33:56,GET,STABLE/COOL,-31,0/233,25.27/25.44,25.42,26.62
2022-10-08 15:33:59,GET,STABLE/COOL,-31,0/237,25.36/25.49,25.49,26.69
2022-10-08 15:34:03,GET,STABLE/COOL,-32,0/240,25.34/25.5,25.36,26.69
2022-10-08 15:34:06,GET,STABLE/COOL,-32,0/243,25.3/25.45,25.42,26.69
2022-10-08 15:34:10,GET,STABLE/COOL,-32,0/247,25.31/25.49,25.31,26.69
2022-10-08 15:34:13,GET,STABLE/COOL,-32,0/250,25.25/25.28,25.25,26.69
2022-10-08 15:34:17,GET,STABLE/COOL,-32,0/254,25.25/25.48,25.36,26.69
2022-10-08 15:34:21,GET,STABLE/COOL,-32,0/258,25.37/25.48,25.47,26.69
2022-10-08 15:34:24,GET,STABLE/COOL,-32,0/261,25.48/25.5,25.5,26.69
2022-10-08 15:34:27,GET,STABLE/COOL,-32,0/265,25.34/25.44,25.42,26.69
2022-10-08 15:34:31,GET,STABLE/COOL,-33,0/268,25.3/25.49,25.3,26.69
2022-10-08 15:34:34,GET,STABLE/COOL,-33,0/271,25.34/25.47,25.42,26.69
2022-10-08 15:34:38,GET,STABLE/COOL,-33,0/275,25.29/25.48,25.48,26.75
2022-10-08 15:34:41,GET,STABLE/COOL,-33,0/278,25.28/25.44,25.42,26.69
2022-10-08 15:34:44,GET,STABLE/COOL,-33,0/282,25.34/25.49,25.49,26.69
2022-10-08 15:34:48,GET,STABLE/COOL,-33,0/285,25.37/25.5,25.44,26.75
2022-10-08 15:34:52,GET,STABLE/COOL,-33,0/289,25.37/25.5,25.47,26.75
2022-10-08 15:34:55,GET,STABLE/COOL,-34,0/292,25.34/25.48,25.36,26.69
2022-10-08 15:34:58,GET,STABLE/COOL,-34,0/296,25.37/25.5,25.37,26.75
2022-10-08 15:35:02,GET,STABLE/COOL,-34,0/299,25.02/25.44,25.41,26.69
2022-10-08 15:35:06,GET,STABLE/COOL,-34,0/303,24.85/25.44,24.97,26.75
2022-10-08 15:35:09,GET,STABLE/COOL,-34,0/306,25.24/25.46,25.46,26.69
2022-10-08 15:35:13,GET,STABLE/COOL,-34,0/310,25.48/25.5,25.5,26.69
2022-10-08 15:35:17,GET,STABLE/COOL,-34,0/314,25.5/25.5,25.5,26.81
2022-10-08 15:35:22,GET,STABLE/COOL,-35,0/319,25.5/25.5,25.5,26.75
2022-10-08 15:35:25,GET,STABLE/COOL,-35,0/322,25.5/25.5,25.5,26.75
2022-10-08 15:35:28,GET,STABLE/COOL,-35,0/326,25.38/25.5,25.48,26.75
2022-10-08 15:35:32,GET,STABLE/COOL,-35,0/329,25.37/25.49,25.49,26.75
2022-10-08 15:35:35,GET,STABLE/COOL,-35,0/333,25.27/25.5,25.38,26.75
2022-10-08 15:35:39,GET,STABLE/COOL,-35,0/336,25.07/25.49,25.37,26.75
2022-10-08 15:35:43,GET,STABLE/COOL,-36,0/340,25.36/25.5,25.5,26.81
2022-10-08 15:35:46,GET,STABLE/COOL,-36,0/344,25.25/25.5,25.37,26.75
2022-10-08 15:35:51,GET,STABLE/COOL,-36,0/348,24.95/25.41,25.4,26.75
2022-10-08 15:35:55,GET,STABLE/COOL,-36,0/352,25.36/25.49,25.49,26.81
2022-10-08 15:35:59,GET,STABLE/COOL,-36,0/356,24.75/25.5,25.42,26.81
2022-10-08 15:36:02,GET,STABLE/COOL,-36,0/360,25.37/25.5,25.44,26.81
2022-10-08 15:36:06,GET,STABLE/COOL,-36,0/363,25.37/25.5,25.37,26.75
2022-10-08 15:36:09,GET,STABLE/COOL,-37,0/366,25.37/25.5,25.37,26.81
2022-10-08 15:36:13,GET,STABLE/COOL,-37,0/370,25.44/25.5,25.5,26.81
2022-10-08 15:36:16,GET,STABLE/COOL,-37,0/373,25.5/25.5,25.5,26.81
2022-10-08 15:36:20,GET,STABLE/COOL,-37,0/377,25.5/25.5,25.5,26.81
2022-10-08 15:36:24,GET,STABLE/COOL,-37,0/381,25.5/25.5,25.5,26.81
2022-10-08 15:36:27,GET,STABLE/COOL,-37,0/384,25.38/25.5,25.47,26.81
2022-10-08 15:36:30,GET,STABLE/COOL,-37,0/388,25.37/25.5,25.44,26.81
2022-10-08 15:36:34,GET,STABLE/COOL,-38,0/391,25.47/25.5,25.5,26.81
2022-10-08 15:36:37,GET,STABLE/COOL,-38,0/394,25.5/25.5,25.5,26.81
2022-10-08 15:36:42,GET,STABLE/COOL,-38,0/399,25.5/25.5,25.5,26.81
2022-10-08 15:36:46,GET,STABLE/COOL,-38,0/404,25.5/25.5,25.5,26.81
2022-10-08 15:36:50,GET,STABLE/COOL,-38,0/407,25.5/25.5,25.5,26.88
2022-10-08 15:36:53,GET,STABLE/COOL,-42,0/410,25.38/25.5,25.49,26.81
2022-10-08 15:36:57,GET,STABLE/COOL,-39,0/414,25.37/25.5,25.44,26.81
2022-10-08 15:37:00,GET,STABLE/COOL,-39,0/418,25.37/25.49,25.48,26.81
2022-10-08 15:37:05,GET,STABLE/COOL,-39,0/422,25.49/25.5,25.5,26.88
2022-10-08 15:37:08,GET,STABLE/COOL,-43,0/426,25.37/25.5,25.49,26.81
2022-10-08 15:37:12,GET,STABLE/COOL,-39,0/429,25.5/25.5,25.5,26.81
2022-10-08 15:37:15,GET,STABLE/COOL,-40,0/432,25.5/25.5,25.5,26.88
2022-10-08 15:37:19,GET,STABLE/COOL,-44,0/436,25.34/25.48,25.48,26.88
2022-10-08 15:37:22,GET,STABLE/COOL,-44,0/440,25.37/25.5,25.5,26.88
2022-10-08 15:37:26,GET,STABLE/COOL,-44,0/443,25.34/25.5,25.34,26.81
2022-10-08 15:37:32,GET,STABLE/COOL,-40,0/450,25.34/25.5,25.5,26.88
2022-10-08 15:37:36,GET,STABLE/COOL,-44,0/453,25.5/25.5,25.5,26.88
2022-10-08 15:37:39,GET,STABLE/COOL,-44,0/457,25.5/25.5,25.5,26.88
2022-10-08 15:37:44,GET,STABLE/COOL,-45,0/461,25.36/25.5,25.43,26.88
2022-10-08 15:37:49,GET,STABLE/COOL,-45,0/466,25.37/25.49,25.49,26.88
2022-10-08 15:37:52,GET,STABLE/COOL,-45,0/469,25.37/25.5,25.48,26.88
2022-10-08 15:37:55,GET,STABLE/COOL,-45,0/473,25.37/25.5,25.48,26.88
2022-10-08 15:37:59,GET,STABLE/COOL,-45,0/476,25.37/25.5,25.44,26.88
2022-10-08 15:38:03,GET,STABLE/COOL,-45,0/480,25.47/25.5,25.5,26.88
2022-10-08 15:38:06,GET,STABLE/COOL,-46,0/483,25.37/25.5,25.49,26.88
2022-10-08 15:38:09,GET,STABLE/COOL,-46,0/486,25.37/25.5,25.48,26.88
2022-10-08 15:38:13,GET,STABLE/COOL,-46,0/490,25.49/25.5,25.5,26.94
2022-10-08 15:38:16,GET,STABLE/COOL,-46,0/493,25.37/25.5,25.5,26.88
2022-10-08 15:38:20,GET,STABLE/COOL,-46,0/497,25.37/25.5,25.5,26.88
2022-10-08 15:38:24,GET,STABLE/COOL,-46,0/501,25.5/25.5,25.5,26.88
2022-10-08 15:38:27,GET,STABLE/COOL,-47,0/504,25.38/25.5,25.47,26.88
2022-10-08 15:38:30,GET,STABLE/COOL,-47,0/508,25.37/25.49,25.48,26.94
2022-10-08 15:38:34,GET,STABLE/COOL,-47,0/511,25.37/25.5,25.48,26.94
2022-10-08 15:38:37,GET,STABLE/COOL,-47,0/515,25.37/25.5,25.47,26.94
2022-10-08 15:38:42,GET,STABLE/COOL,-47,0/519,25.37/25.5,25.5,26.94
2022-10-08 15:38:45,GET,STABLE/COOL,-47,0/523,25.37/25.5,25.47,26.94
2022-10-08 15:38:49,GET,STABLE/COOL,-48,0/526,25.36/25.49,25.49,26.94
2022-10-08 15:38:52,GET,STABLE/COOL,-48,0/529,25.5/25.5,25.5,26.94
2022-10-08 15:38:56,GET,STABLE/COOL,-48,0/533,25.5/25.5,25.5,26.88
2022-10-08 15:38:59,GET,STABLE/COOL,-48,0/536,25.36/25.5,25.36,26.88
2022-10-08 15:39:03,GET,STABLE/COOL,-48,0/540,25.43/25.5,25.5,26.88
2022-10-08 15:39:07,GET,STABLE/COOL,-48,0/545,25.5/25.5,25.5,26.94
2022-10-08 15:39:11,GET,STABLE/COOL,-49,0/548,25.5/25.5,25.5,26.94
2022-10-08 15:39:14,GET,STABLE/COOL,-49,0/552,25.5/25.5,25.5,26.94
2022-10-08 15:39:19,GET,STABLE/COOL,-49,0/556,25.5/25.5,25.5,26.94
2022-10-08 15:39:22,GET,STABLE/COOL,-49,0/560,25.5/25.5,25.5,26.94
2022-10-08 15:39:26,GET,STABLE/COOL,-49,0/563,25.38/25.5,25.48,26.94
2022-10-08 15:39:29,GET,STABLE/COOL,-49,0/566,25.49/25.5,25.5,26.94
2022-10-08 15:39:33,GET,STABLE/COOL,-50,0/570,25.5/25.5,25.5,26.94
2022-10-08 15:39:36,GET,STABLE/COOL,-50,0/573,25.5/25.5,25.5,26.94
2022-10-08 15:39:39,GET,STABLE/COOL,-50,0/577,25.5/25.5,25.5,27.0
2022-10-08 15:39:43,GET,STABLE/COOL,-50,0/580,25.5/25.5,25.5,27.0
2022-10-08 15:39:49,GET,STABLE/COOL,-50,0/586,25.5/25.5,25.5,26.94
2022-10-08 15:39:52,GET,STABLE/COOL,-51,0/589,25.5/25.5,25.5,27.0
2022-10-08 15:39:56,GET,STABLE/COOL,-51,0/593,25.5/25.5,25.5,27.0
2022-10-08 15:39:59,GET,STABLE/COOL,-51,0/596,25.38/25.5,25.48,27.0
2022-10-08 15:40:03,GET,STABLE/COOL,-51,0/600,25.37/25.5,25.37,27.0
2022-10-08 15:40:07,GET,STABLE/COOL,-51,0/604,25.44/25.5,25.5,26.94
2022-10-08 15:40:10,GET,STABLE/COOL,-51,0/608,25.5/25.5,25.5,27.0
2022-10-08 15:40:14,GET,STABLE/COOL,-52,0/611,25.5/25.5,25.5,27.0
2022-10-08 15:40:18,GET,STABLE/COOL,-52,0/615,25.5/25.5,25.5,26.94
2022-10-08 15:40:22,GET,STABLE/COOL,-52,0/619,25.5/25.5,25.5,27.0
2022-10-08 15:40:25,GET,STABLE/COOL,-52,0/622,25.5/25.5,25.5,27.0
2022-10-08 15:40:29,GET,STABLE/COOL,-52,0/626,25.5/25.5,25.5,27.0
2022-10-08 15:40:33,GET,STABLE/COOL,-53,0/630,25.5/25.5,25.5,27.0
2022-10-08 15:40:36,GET,STABLE/COOL,-53,0/634,25.5/25.5,25.5,27.0
2022-10-08 15:40:40,GET,STABLE/COOL,-53,0/637,25.5/25.5,25.5,27.0
2022-10-08 15:40:43,GET,STABLE/COOL,-53,0/640,25.5/25.5,25.5,27.0
2022-10-08 15:40:48,GET,STABLE/COOL,-53,0/645,25.38/25.5,25.5,27.0
2022-10-08 15:40:52,GET,STABLE/COOL,-53,0/649,25.5/25.5,25.5,27.0
2022-10-08 15:40:55,GET,STABLE/COOL,-54,0/652,25.5/25.5,25.5,27.0
2022-10-08 15:40:59,GET,STABLE/COOL,-54,0/656,25.5/25.5,25.5,27.0
2022-10-08 15:41:02,GET,STABLE/COOL,-54,0/659,25.5/25.5,25.5,27.06
2022-10-08 15:41:06,GET,STABLE/COOL,-54,0/663,25.5/25.5,25.5,27.06
2022-10-08 15:41:09,GET,STABLE/COOL,-54,0/666,25.5/25.5,25.5,27.0
2022-10-08 15:41:12,GET,STABLE/COOL,-54,0/670,25.5/25.5,25.5,27.0
2022-10-08 15:41:16,GET,STABLE/COOL,-55,0/673,25.5/25.5,25.5,27.0
2022-10-08 15:41:19,GET,STABLE/COOL,-55,0/676,25.5/25.5,25.5,27.06
2022-10-08 15:41:23,GET,STABLE/COOL,-55,0/680,25.5/25.5,25.5,27.06
2022-10-08 15:41:26,GET,STABLE/COOL,-55,0/683,25.5/25.5,25.5,27.06
2022-10-08 15:41:30,GET,STABLE/COOL,-55,0/687,25.5/25.5,25.5,27.06
2022-10-08 15:41:33,GET,STABLE/COOL,-55,0/690,25.5/25.5,25.5,27.06
2022-10-08 15:41:37,GET,STABLE/COOL,-56,0/694,25.5/25.5,25.5,27.06
2022-10-08 15:41:40,GET,STABLE/COOL,-56,0/697,25.5/25.5,25.5,27.06
2022-10-08 15:41:44,GET,STABLE/COOL,-56,0/701,25.5/25.5,25.5,27.06
2022-10-08 15:41:48,GET,STABLE/COOL,-56,0/705,25.5/25.5,25.5,27.06
2022-10-08 15:41:52,GET,STABLE/COOL,-56,0/709,25.5/25.5,25.5,27.06
2022-10-08 15:41:55,GET,STABLE/COOL,-57,0/712,25.5/25.5,25.5,27.12
2022-10-08 15:41:59,GET,STABLE/COOL,-60,0/716,25.5/25.5,25.5,27.06
2022-10-08 15:42:02,GET,STABLE/COOL,-57,0/719,25.5/25.5,25.5,27.06
2022-10-08 15:42:06,GET,STABLE/COOL,-57,0/723,25.5/25.5,25.5,27.06
2022-10-08 15:42:09,GET,STABLE/COOL,-57,0/726,25.5/25.5,25.5,27.12
2022-10-08 15:42:12,GET,STABLE/COOL,-61,0/730,25.5/25.5,25.5,27.06
2022-10-08 15:42:16,GET,STABLE/COOL,-58,0/733,25.5/25.5,25.5,27.06
2022-10-08 15:42:19,GET,STABLE/COOL,-58,0/737,25.5/25.5,25.5,27.06
2022-10-08 15:42:23,GET,STABLE/COOL,-58,0/740,25.5/25.5,25.5,27.12
2022-10-08 15:42:27,GET,STABLE/COOL,-62,0/744,25.5/25.5,25.5,27.12
2022-10-08 15:42:31,GET,STABLE/COOL,-62,0/748,25.5/25.5,25.5,27.12
2022-10-08 15:42:34,GET,STABLE/COOL,-62,0/751,25.5/25.5,25.5,27.12
2022-10-08 15:42:38,GET,STABLE/COOL,-62,0/755,25.5/25.5,25.5,27.06
2022-10-08 15:42:41,GET,STABLE/COOL,-59,0/758,25.5/25.5,25.5,27.06
2022-10-08 15:42:45,GET,STABLE/COOL,-59,0/762,25.5/25.5,25.5,27.12
2022-10-08 15:42:48,GET,STABLE/COOL,-63,0/765,25.5/25.5,25.5,27.12
2022-10-08 15:42:51,GET,STABLE/COOL,-63,0/769,25.5/25.5,25.5,27.12
2022-10-08 15:42:55,GET,STABLE/COOL,-63,0/772,25.5/25.5,25.5,27.12
2022-10-08 15:42:58,GET,STABLE/COOL,-63,0/776,25.5/25.5,25.5,27.12
2022-10-08 15:43:02,GET,STABLE/COOL,-64,0/779,25.5/25.5,25.5,27.12
2022-10-08 15:43:06,GET,STABLE/COOL,-64,0/783,25.5/25.5,25.5,27.06
2022-10-08 15:43:09,GET,STABLE/COOL,-60,0/786,25.5/25.5,25.5,27.12
2022-10-08 15:43:13,GET,STABLE/COOL,-64,0/790,25.5/25.5,25.5,27.12
2022-10-08 15:43:16,GET,STABLE/COOL,-64,0/793,25.5/25.5,25.5,27.19
2022-10-08 15:43:20,GET,STABLE/COOL,-64,0/797,25.5/25.5,25.5,27.12
2022-10-08 15:43:23,GET,STABLE/COOL,-65,0/801,25.5/25.5,25.5,27.12
2022-10-08 15:43:28,GET,STABLE/COOL,-65,0/805,25.5/25.5,25.5,27.19
2022-10-08 15:43:31,GET,STABLE/COOL,-65,0/809,25.5/25.5,25.5,27.19
2022-10-08 15:43:35,GET,STABLE/COOL,-65,0/812,25.5/25.5,25.5,27.19
2022-10-08 15:43:38,GET,STABLE/COOL,-65,0/815,25.5/25.5,25.5,27.19
2022-10-08 15:43:42,GET,STABLE/COOL,-65,0/819,25.5/25.5,25.5,27.19
2022-10-08 15:43:45,GET,STABLE/COOL,-66,0/822,25.5/25.5,25.5,27.12
2022-10-08 15:43:49,GET,STABLE/COOL,-66,0/826,25.5/25.5,25.5,27.19
2022-10-08 15:43:52,GET,STABLE/COOL,-66,0/829,25.5/25.5,25.5,27.19
2022-10-08 15:43:56,GET,STABLE/COOL,-66,0/833,25.5/25.5,25.5,27.19
2022-10-08 15:43:59,GET,STABLE/COOL,-67,0/836,25.5/25.62,25.53,27.19
2022-10-08 15:44:03,GET,STABLE/COOL,-67,0/840,25.5/25.52,25.5,27.19
2022-10-08 15:44:06,GET,STABLE/COOL,-68,0/844,25.5/25.5,25.5,27.19
2022-10-08 15:44:10,GET,STABLE/COOL,-69,0/847,25.5/25.5,25.5,27.19
2022-10-08 15:44:13,GET,STABLE/COOL,-69,0/850,25.5/25.5,25.5,27.19
2022-10-08 15:44:17,GET,STABLE/COOL,-69,0/854,25.5/25.5,25.5,27.19
2022-10-08 15:44:20,GET,STABLE/COOL,-69,0/857,25.5/25.5,25.5,27.19
2022-10-08 15:44:24,GET,STABLE/COOL,-69,0/861,25.5/25.5,25.5,27.19
2022-10-08 15:44:28,GET,STABLE/COOL,-70,0/865,25.5/25.62,25.5,27.19
2022-10-08 15:44:31,GET,STABLE/COOL,-71,0/868,25.5/25.63,25.51,27.25
2022-10-08 15:44:35,GET,STABLE/COOL,-72,0/872,25.5/25.7,25.7,27.25
2022-10-08 15:44:39,GET,STABLE/COOL,-73,0/877,25.51/25.64,25.63,27.25
2022-10-08 15:44:43,GET,STABLE/COOL,-75,0/880,25.56/25.67,25.58,27.19
2022-10-08 15:44:46,GET,STABLE/COOL,-76,0/883,25.51/25.72,25.72,27.19
2022-10-08 15:44:50,GET,STABLE/COOL,-76,0/887,25.55/25.66,25.66,27.25
2022-10-08 15:44:53,GET,STABLE/COOL,-77,0/890,25.52/25.66,25.58,27.19
2022-10-08 15:44:56,GET,STABLE/COOL,-78,0/894,25.58/25.71,25.68,27.25
2022-10-08 15:45:00,GET,STABLE/COOL,-79,0/897,25.51/25.73,25.63,27.25
2022-10-08 15:45:04,GET,STABLE/COOL,-81,0/901,25.56/25.74,25.58,27.19
2022-10-08 15:45:07,GET,STABLE/COOL,-82,0/904,25.54/25.7,25.67,27.19
2022-10-08 15:45:11,GET,STABLE/COOL,-83,0/908,25.58/25.74,25.74,27.19
2022-10-08 15:45:15,GET,STABLE/COOL,-84,0/912,25.56/25.75,25.6,27.25
2022-10-08 15:45:18,GET,STABLE/COOL,-85,0/915,25.59/25.71,25.6,27.25
2022-10-08 15:45:21,GET,STABLE/COOL,-86,0/919,25.55/25.73,25.73,27.25
2022-10-08 15:45:25,GET,STABLE/COOL,-87,0/922,25.52/25.74,25.52,27.25
2022-10-08 15:45:28,GET,STABLE/COOL,-88,0/925,25.5/25.73,25.73,27.25
2022-10-08 15:45:32,GET,STABLE/COOL,-90,0/929,25.62/25.74,25.68,27.25
2022-10-08 15:45:35,GET,STABLE/COOL,-91,0/932,25.59/25.71,25.67,27.25
2022-10-08 15:45:39,GET,STABLE/COOL,-92,0/936,25.71/25.75,25.75,27.31
2022-10-08 15:45:42,GET,STABLE/COOL,-93,0/939,25.51/25.75,25.51,27.25
2022-10-08 15:45:46,GET,STABLE/COOL,-94,0/943,25.53/25.64,25.64,27.25
2022-10-08 15:45:50,GET,STABLE/COOL,-95,0/946,25.62/25.74,25.62,27.25
2022-10-08 15:45:54,GET,STABLE/COOL,-96,0/951,25.51/25.7,25.63,27.25
2022-10-08 15:45:57,GET,STABLE/COOL,-97,0/954,25.53/25.73,25.73,27.25
2022-10-08 15:46:01,GET,STABLE/COOL,-99,0/958,25.74/25.75,25.75,27.25
2022-10-08 15:46:04,GET,STABLE/COOL,-100,0/962,25.62/25.75,25.69,27.31
2022-10-08 15:46:08,GET,STABLE/COOL,-101,0/965,25.55/25.72,25.68,27.31
2022-10-08 15:46:13,GET,STABLE/COOL,-103,0/971,25.59/25.75,25.75,27.31
2022-10-08 15:46:19,GET,STABLE/COOL,-105,0/976,25.62/25.75,25.75,27.31
2022-10-08 15:46:22,GET,STABLE/COOL,-106,0/980,25.61/25.73,25.73,27.31
2022-10-08 15:46:26,GET,STABLE/COOL,-107,0/983,25.74/25.75,25.75,27.25
2022-10-08 15:46:30,GET,STABLE/COOL,-109,0/987,25.75/25.75,25.75,27.31
2022-10-08 15:46:34,GET,STABLE/COOL,-110,0/991,25.52/25.75,25.64,27.31
2022-10-08 15:46:38,GET,STABLE/COOL,-111,0/995,25.69/25.75,25.75,27.31
2022-10-08 15:46:41,GET,STABLE/COOL,-113,0/998,25.75/25.75,25.75,27.31
2022-10-08 15:46:45,GET,STABLE/COOL,-114,0/1002,25.75/25.75,25.75,27.31
2022-10-08 15:46:48,GET,STABLE/COOL,-115,0/1005,25.75/25.75,25.75,27.31
2022-10-08 15:46:52,GET,STABLE/COOL,-116,0/1009,25.75/25.75,25.75,27.31
2022-10-08 15:46:55,GET,STABLE/COOL,-118,0/1013,25.75/25.75,25.75,27.31
2022-10-08 15:46:59,GET,STABLE/COOL,-119,0/1016,25.62/25.75,25.72,27.31
2022-10-08 15:47:02,GET,STABLE/COOL,-120,0/1019,25.62/25.75,25.73,27.31
2022-10-08 15:47:06,GET,STABLE/COOL,-121,0/1023,25.74/25.75,25.75,27.31
2022-10-08 15:47:09,GET,STABLE/COOL,-123,0/1026,25.75/25.75,25.75,27.31
2022-10-08 15:47:13,GET,STABLE/COOL,-124,0/1030,25.62/25.75,25.62,27.31
2022-10-08 15:47:16,GET,STABLE/COOL,-125,0/1033,25.69/25.75,25.75,27.31
2022-10-08 15:47:21,GET,STABLE/COOL,-127,0/1038,25.75/25.75,25.75,27.31
2022-10-08 15:47:25,GET,STABLE/COOL,-128,0/1042,25.75/25.75,25.75,27.31
2022-10-08 15:47:28,GET,STABLE/COOL,-129,0/1045,25.75/25.75,25.75,27.31
2022-10-08 15:47:32,GET,STABLE/COOL,-131,0/1049,25.75/25.75,25.75,27.38
2022-10-08 15:47:35,GET,STABLE/COOL,-136,0/1052,25.75/25.75,25.75,27.38
2022-10-08 15:47:38,GET,STABLE/COOL,-137,0/1056,25.75/25.75,25.75,27.31
2022-10-08 15:47:43,GET,STABLE/COOL,-135,0/1060,25.75/25.75,25.75,27.31
2022-10-08 15:47:47,GET,STABLE/COOL,-136,0/1064,25.75/25.75,25.75,27.31
2022-10-08 15:47:50,GET,STABLE/COOL,-137,0/1067,25.75/25.75,25.75,27.38
2022-10-08 15:47:53,GET,STABLE/COOL,-142,0/1071,25.75/25.75,25.75,27.38
2022-10-08 15:47:57,GET,STABLE/COOL,-143,0/1074,25.75/25.75,25.75,27.31
2022-10-08 15:48:00,GET,STABLE/COOL,-141,0/1077,25.75/25.75,25.75,27.38
2022-10-08 15:48:04,GET,STABLE/COOL,-146,0/1081,25.75/25.75,25.75,27.31
2022-10-08 15:48:07,GET,STABLE/COOL,-144,0/1084,25.75/25.75,25.75,27.31
2022-10-08 15:48:11,GET,STABLE/COOL,-145,0/1088,25.75/25.75,25.75,27.38
2022-10-08 15:48:14,GET,STABLE/COOL,-150,0/1092,25.75/25.75,25.75,27.38
2022-10-08 15:48:18,GET,STABLE/COOL,-151,0/1096,25.75/25.75,25.75,27.38
2022-10-08 15:48:22,GET,STABLE/COOL,-152,0/1099,25.75/25.75,25.75,27.31
2022-10-08 15:48:25,GET,STABLE/COOL,-150,0/1102,25.75/25.75,25.75,27.31
2022-10-08 15:48:29,GET,STABLE/COOL,-151,0/1106,25.75/25.75,25.75,27.38
2022-10-08 15:48:32,GET,STABLE/COOL,-156,0/1109,25.75/25.75,25.75,27.38
2022-10-08 15:48:36,GET,STABLE/COOL,-158,0/1113,25.75/25.75,25.75,27.38
2022-10-08 15:48:39,GET,STABLE/COOL,-159,0/1116,25.75/25.75,25.75,27.38
2022-10-08 15:48:42,GET,STABLE/COOL,-160,0/1119,25.75/25.75,25.75,27.38
2022-10-08 15:48:46,GET,STABLE/COOL,-161,0/1123,25.75/25.75,25.75,27.38
2022-10-08 15:48:49,GET,STABLE/COOL,-162,0/1126,25.75/25.75,25.75,27.31
2022-10-08 15:48:53,GET,STABLE/COOL,-160,0/1130,25.75/25.75,25.75,27.38
2022-10-08 15:48:56,GET,STABLE/COOL,-165,0/1134,25.75/25.75,25.75,27.38
2022-10-08 15:49:00,GET,STABLE/COOL,-166,0/1137,25.75/25.75,25.75,27.38
2022-10-08 15:49:04,GET,STABLE/COOL,-168,0/1141,25.75/25.75,25.75,27.38
2022-10-08 15:49:07,GET,STABLE/COOL,-169,0/1144,25.75/25.75,25.75,27.38
2022-10-08 15:49:11,GET,STABLE/COOL,-170,0/1148,25.75/25.88,25.75,27.38
2022-10-08 15:49:14,GET,STABLE/COOL,-172,0/1151,25.75/25.75,25.75,27.38
2022-10-08 15:49:19,GET,STABLE/COOL,-173,0/1156,25.75/25.75,25.75,27.38
2022-10-08 15:49:22,GET,STABLE/COOL,-174,0/1159,25.75/25.75,25.75,27.38
2022-10-08 15:49:26,GET,STABLE/COOL,-176,0/1163,25.75/25.75,25.75,27.38
2022-10-08 15:49:30,GET,STABLE/COOL,-177,0/1167,25.75/25.75,25.75,27.38
2022-10-08 15:49:33,GET,STABLE/COOL,-178,0/1170,25.75/25.75,25.75,27.38
2022-10-08 15:49:36,GET,STABLE/COOL,-180,0/1174,25.75/25.88,25.75,27.38
2022-10-08 15:49:40,GET,STABLE/COOL,-181,0/1177,25.75/25.75,25.75,27.38
2022-10-08 15:49:43,GET,STABLE/COOL,-182,0/1180,25.75/25.75,25.75,27.44
2022-10-08 15:49:47,GET,STABLE/COOL,-183,0/1184,25.75/25.75,25.75,27.38
2022-10-08 15:49:50,GET,STABLE/COOL,-184,0/1188,25.75/25.75,25.75,27.38
2022-10-08 15:49:54,GET,STABLE/COOL,-186,0/1191,25.75/25.75,25.75,27.38
2022-10-08 15:49:57,GET,STABLE/COOL,-187,0/1194,25.75/25.75,25.75,27.38
2022-10-08 15:50:01,GET,STABLE/COOL,-189,0/1198,25.75/25.75,25.75,27.38
2022-10-08 15:50:04,GET,STABLE/COOL,-190,0/1202,25.75/25.75,25.75,27.38
2022-10-08 15:50:08,GET,STABLE/COOL,-191,0/1205,25.75/25.75,25.75,27.38
2022-10-08 15:50:11,GET,STABLE/COOL,-192,0/1209,25.75/25.75,25.75,27.31
2022-10-08 15:50:15,GET,STABLE/COOL,-190,0/1212,25.75/25.75,25.75,27.38
2022-10-08 15:50:18,GET,STABLE/COOL,-195,0/1216,25.75/25.75,25.75,27.38
2022-10-08 15:50:22,GET,STABLE/COOL,-196,0/1219,25.75/25.75,25.75,27.38
2022-10-08 15:50:26,GET,STABLE/COOL,-197,0/1223,25.75/25.75,25.75,27.38
2022-10-08 15:50:29,GET,STABLE/COOL,-199,0/1227,25.75/25.75,25.75,27.38
2022-10-08 15:50:33,GET,STABLE/COOL,-200,0/1230,25.75/25.75,25.75,27.31
2022-10-08 15:50:36,GET,STABLE/COOL,-198,0/1233,25.75/25.75,25.75,27.38
2022-10-08 15:50:40,GET,STABLE/COOL,-203,0/1237,25.75/25.75,25.75,27.38
2022-10-08 15:50:43,GET,STABLE/COOL,-204,0/1240,25.75/25.75,25.75,27.38
2022-10-08 15:50:46,GET,STABLE/COOL,-205,0/1244,25.75/25.75,25.75,27.38
2022-10-08 15:50:50,GET,STABLE/COOL,-206,0/1247,25.75/25.75,25.75,27.38
2022-10-08 15:50:54,GET,STABLE/COOL,-207,0/1251,25.75/25.75,25.75,27.38
2022-10-08 15:50:57,GET,STABLE/COOL,-209,0/1254,25.75/25.75,25.75,27.38
2022-10-08 15:51:00,GET,STABLE/COOL,-210,0/1258,25.75/25.75,25.75,27.38
2022-10-08 15:51:04,GET,STABLE/COOL,-211,0/1262,25.75/25.75,25.75,27.44
2022-10-08 15:51:08,GET,STABLE/COOL,-213,0/1265,25.75/25.75,25.75,27.38
2022-10-08 15:51:11,GET,STABLE/COOL,-214,0/1268,25.75/25.75,25.75,27.38
2022-10-08 15:51:15,GET,STABLE/COOL,-215,0/1272,25.75/25.75,25.75,27.38
2022-10-08 15:51:18,GET,STABLE/COOL,-216,0/1275,25.75/25.75,25.75,27.44
2022-10-08 15:51:23,GET,STABLE/COOL,-218,0/1280,25.75/25.75,25.75,27.44
2022-10-08 15:51:26,GET,STABLE/COOL,-219,0/1283,25.75/25.88,25.88,27.44
2022-10-08 15:51:30,GET,STABLE/COOL,-221,0/1287,25.75/25.91,25.75,27.38
2022-10-08 15:51:33,GET,STABLE/COOL,-222,0/1290,25.75/25.75,25.75,27.38
2022-10-08 15:51:37,GET,STABLE/COOL,-223,0/1294,25.75/25.94,25.94,27.44
2022-10-08 15:51:40,GET,STABLE/COOL,-225,0/1297,25.75/25.84,25.75,27.44
2022-10-08 15:51:43,GET,STABLE/COOL,-226,0/1301,25.75/25.75,25.75,27.44
2022-10-08 15:51:49,GET,STABLE/COOL,-228,0/1306,25.75/25.75,25.75,27.38
2022-10-08 15:51:55,GET,STABLE/COOL,-230,0/1312,25.75/25.89,25.76,27.44
2022-10-08 15:51:58,GET,STABLE/COOL,-231,0/1316,25.75/25.88,25.81,27.38
2022-10-08 15:52:02,GET,STABLE/COOL,-233,0/1319,25.77/25.91,25.77,27.38
2022-10-08 15:52:05,GET,STABLE/COOL,-234,0/1322,25.76/25.88,25.76,27.44
2022-10-08 15:52:09,GET,STABLE/COOL,-236,0/1326,25.75/25.88,25.75,27.38
2022-10-08 15:52:12,GET,STABLE/COOL,-237,0/1329,25.75/25.88,25.75,27.44
2022-10-08 15:52:16,GET,STABLE/COOL,-238,0/1333,25.75/25.88,25.88,27.44
2022-10-08 15:52:19,GET,STABLE/COOL,-239,0/1336,25.75/25.81,25.75,27.38
2022-10-08 15:52:23,GET,STABLE/COOL,-241,0/1340,25.75/25.91,25.89,27.44
2022-10-08 15:52:26,GET,STABLE/COOL,-242,0/1343,25.76/25.95,25.94,27.44
2022-10-08 15:52:30,GET,STABLE/COOL,-244,0/1347,25.75/25.97,25.75,27.44
2022-10-08 15:52:33,GET,STABLE/COOL,-245,0/1350,25.75/25.94,25.82,27.44
2022-10-08 15:52:37,GET,STABLE/COOL,-247,0/1354,25.83/25.96,25.83,27.44
2022-10-08 15:52:41,GET,STABLE/COOL,-248,0/1358,25.76/25.91,25.91,27.44
2022-10-08 15:52:44,GET,STABLE/COOL,-250,0/1361,25.76/25.88,25.76,27.44
2022-10-08 15:52:49,GET,STABLE/COOL,-251,0/1366,25.83/25.94,25.83,27.44
2022-10-08 15:52:52,GET,STABLE/COOL,-253,0/1369,25.75/25.79,25.75,27.44
2022-10-08 15:52:56,GET,STABLE/COOL,-254,0/1373,25.77/25.89,25.77,27.38
2022-10-08 15:52:59,GET,STABLE/COOL,-255,0/1376,25.75/25.88,25.88,27.44
2022-10-08 15:53:03,GET,STABLE/COOL,-255,0/1380,25.75/25.91,25.75,27.44
2022-10-08 15:53:06,GET,STABLE/COOL,-255,0/1383,25.75/25.88,25.77,27.44
2022-10-08 15:53:10,GET,STABLE/COOL,-255,0/1387,25.75/25.94,25.8,27.38
2022-10-08 15:53:13,GET,STABLE/COOL,-255,0/1390,25.77/25.99,25.93,27.38
2022-10-08 15:53:17,GET,STABLE/COOL,-255,0/1394,25.76/25.88,25.81,27.44
2022-10-08 15:53:20,GET,STABLE/COOL,-255,0/1397,25.76/25.91,25.76,27.38
2022-10-08 15:53:24,GET,STABLE/COOL,-255,0/1401,25.78/25.97,25.86,27.44
2022-10-08 15:53:27,GET,STABLE/COOL,-255,0/1404,25.78/25.96,25.96,27.44
2022-10-08 15:53:30,GET,STABLE/COOL,-255,0/1408,25.77/25.9,25.77,27.44
2022-10-08 15:53:34,GET,STABLE/COOL,-255,0/1411,25.75/25.91,25.83,27.38
2022-10-08 15:53:37,GET,STABLE/COOL,-255,0/1415,25.79/25.91,25.9,27.44
2022-10-08 15:53:41,GET,STABLE/COOL,-255,0/1418,25.77/25.95,25.77,27.44
2022-10-08 15:53:44,GET,STABLE/COOL,-255,0/1422,25.76/25.91,25.91,27.44
2022-10-08 15:53:49,GET,STABLE/COOL,-255,0/1426,25.75/25.88,25.88,27.44
2022-10-08 15:53:52,GET,STABLE/COOL,-255,0/1430,25.75/25.81,25.75,27.44
2022-10-08 15:53:56,GET,STABLE/COOL,-255,0/1433,25.75/25.94,25.82,27.44
2022-10-08 15:53:59,GET,STABLE/COOL,-255,0/1436,25.78/25.98,25.89,27.44
2022-10-08 15:54:03,GET,STABLE/COOL,-255,0/1440,25.77/25.94,25.91,27.44
2022-10-08 15:54:07,GET,STABLE/COOL,-255,0/1443,25.85/25.98,25.93,27.44
2022-10-08 15:54:11,GET,STABLE/COOL,-255,0/1448,25.8/25.96,25.83,27.38
2022-10-08 15:54:13,SET '20',CYCLE/COOL,-255,0/0,60.0/-1,25.79,27.44
2022-10-08 15:54:16,GET,CYCLE/COOL,-255,0/3,60.0/-1,25.81,27.44
2022-10-08 15:54:20,GET,CYCLE/COOL,-255,0/7,60.0/-1,25.87,27.44
2022-10-08 15:54:23,SET 'OFF',IDLE/OFF,0,0/0,60.0/-1,25.87,27.44
2022-10-08 15:54:23,GET,IDLE/OFF,0,0/0,60.0/-1,25.87,27.44
2022-10-08 15:54:35,SET '20',CYCLE/COOL,-1,0/0,60.0/-1,25.75,27.44
2022-10-08 15:54:37,SET 'OFF',IDLE/OFF,0,0/0,60.0/-1,25.94,27.44
2022-10-14 11:52:23,SET '=OFFSET 0.00',IDLE/OFF,0,0/0,0.0/-1,22.0,24.5
2022-10-14 11:52:25,SET '+OFFSET -0.00',IDLE/OFF,0,0/0,60.0/-1,22.0,24.5
2022-10-14 11:52:25,SET '-OFFSET 0.00',IDLE/OFF,0,0/0,60.0/-1,22.0,24.5
2022-10-14 11:52:25,SET '25',CYCLE/IDLE,1,0/0,60.0/-1,22.0,24.5
2022-10-14 11:52:28,GET,CYCLE/HEAT,150,0/3,60.0/-1,19.12,24.5
2022-10-14 11:52:30,SET '20',CYCLE/HEAT,2,0/0,60.0/-1,16.0,-127.69
2022-10-14 11:52:33,GET,CYCLE/HEAT,59,0/3,60.0/-1,22.25,24.56
2022-10-14 11:52:37,GET,CYCLE/COOL,-71,0/7,60.0/-1,22.0,24.56
2022-10-14 11:52:41,GET,CYCLE/COOL,-74,0/11,60.0/-1,22.0,24.5
2022-10-14 11:52:44,GET,CYCLE/COOL,-78,0/14,60.0/-1,22.12,24.62
2022-10-14 11:52:47,SET 'OFF',IDLE/OFF,0,0/0,60.0/-1,22.0,24.56
2022-10-14 11:52:47,GET,IDLE/OFF,0,0/0,60.0/-1,22.0,24.56
2023-01-24 14:55:53,SET '=OFFSET 0.00',IDLE/OFF,0,0/0,0.0/-1,24.25,26.06
2023-01-24 14:55:53,SET '+OFFSET -0.00',IDLE/OFF,0,0/0,60.0/-1,24.25,26.06
2023-01-24 14:55:53,SET '-OFFSET 0.00',IDLE/OFF,0,0/0,60.0/-1,24.25,26.12
2023-01-24 14:55:54,SET '22',CYCLE/IDLE,1,0/0,60.0/-1,24.25,26.12
2023-01-24 14:55:57,GET,CYCLE/COOL,-67,0/3,60.0/-1,24.25,26.06
2023-01-24 14:56:00,GET,CYCLE/COOL,-67,0/6,60.0/-1,24.25,26.12
2023-01-24 14:56:03,GET,CYCLE/COOL,-75,0/10,60.0/-1,24.25,26.06
2023-01-24 14:56:06,GET,CYCLE/COOL,-74,0/13,60.0/-1,24.25,26.06
2023-01-24 14:56:10,GET,CYCLE/COOL,-78,0/16,60.0/-1,24.25,26.12
2023-01-24 14:56:13,GET,CYCLE/COOL,-86,0/20,60.0/-1,24.25,26.12
2023-01-24 14:56:17,GET,CYCLE/COOL,-90,0/23,60.0/-1,24.25,26.12
2023-01-24 14:56:20,GET,CYCLE/COOL,-93,0/26,60.0/-1,24.25,26.06
2023-01-24 14:56:23,GET,CYCLE/COOL,-93,0/30,60.0/-1,24.25,26.12
2023-01-24 14:56:26,GET,CYCLE/COOL,-100,0/33,60.0/-1,24.25,26.12
2023-01-24 14:56:30,GET,CYCLE/COOL,-104,0/36,60.0/-1,24.25,26.12
2023-01-24 14:56:33,GET,CYCLE/COOL,-108,0/39,60.0/-1,24.25,26.12
2023-01-24 14:56:34,SET '23',CYCLE/COOL,-108,0/0,60.0/-1,24.25,26.12
2023-01-24 14:56:34,SET '26',CYCLE/COOL,-49,0/0,60.0/-1,24.25,26.12
2023-01-24 14:56:34,SET '27',CYCLE/COOL,-49,0/0,60.0/-1,24.25,26.12
2023-01-24 14:56:35,SET '28',CYCLE/HEAT,150,0/0,60.0/-1,12.12,8.19
2023-01-24 14:56:38,GET,CYCLE/HEAT,150,0/3,60.0/-1,24.25,26.12
2023-01-24 14:56:41,SET '28',CYCLE/HEAT,6,0/0,60.0/-1,24.27,26.19
2023-01-24 14:56:42,SET '26',CYCLE/HEAT,5,0/0,60.0/-1,24.26,26.19
2023-01-24 14:56:42,SET '25',CYCLE/COOL,-2,0/0,60.0/-1,24.25,26.12
2023-01-24 14:56:43,SET '24',CYCLE/COOL,-17,0/0,60.0/-1,24.25,26.12
2023-01-24 14:56:46,GET,STABLE/COOL,-33,0/3,24.25/24.25,24.25,26.12
2023-01-24 14:56:50,GET,STABLE/COOL,-33,0/7,24.25/24.25,24.25,26.12
2023-01-24 14:56:53,GET,STABLE/COOL,-34,0/10,24.25/24.25,24.25,26.12
2023-01-24 14:56:56,GET,STABLE/COOL,-34,0/13,24.25/24.25,24.25,26.12
2023-01-24 14:57:00,GET,STABLE/COOL,-34,0/16,24.25/24.25,24.25,26.19
2023-01-24 14:57:03,GET,STABLE/COOL,-34,0/20,24.25/24.25,24.25,26.12
2023-01-24 14:57:06,GET,STABLE/COOL,-34,0/23,24.25/24.25,24.25,26.19
2023-01-24 14:57:09,GET,STABLE/COOL,-34,0/26,24.25/24.38,24.31,26.19
2023-01-24 14:57:13,GET,STABLE/COOL,-34,0/29,24.25/24.28,24.25,26.19
2023-01-24 14:57:16,GET,STABLE/COOL,-34,0/33,24.25/24.25,24.25,26.19
2023-01-24 14:57:19,GET,STABLE/COOL,-34,0/36,24.25/24.38,24.38,26.19
2023-01-24 14:57:22,GET,STABLE/COOL,-34,0/39,24.26/24.38,24.31,26.19
2023-01-24 14:57:25,GET,STABLE/COOL,-34,0/42,24.25/24.28,24.25,26.19
2023-01-24 14:57:29,GET,STABLE/COOL,-34,0/46,24.25/24.38,24.26,26.19
2023-01-24 14:57:32,GET,STABLE/COOL,-35,0/49,24.25/24.38,24.25,26.19
2023-01-24 14:57:35,GET,STABLE/COOL,-35,0/52,24.25/24.25,24.25,26.19
2023-01-24 14:57:39,GET,STABLE/COOL,-35,0/55,24.26/24.38,24.38,26.25
2023-01-24 14:57:42,GET,STABLE/COOL,-35,0/59,24.26/24.41,24.38,26.19
2023-01-24 14:57:45,GET,STABLE/COOL,-35,0/62,24.27/24.38,24.27,26.19
2023-01-24 14:57:49,GET,STABLE/COOL,-35,0/65,24.25/24.38,24.28,26.25
2023-01-24 14:57:52,GET,STABLE/COOL,-35,0/69,24.25/24.38,24.31,26.25
2023-01-24 14:57:55,GET,STABLE/COOL,-35,0/72,24.26/24.39,24.38,26.25
2023-01-24 14:57:58,GET,STABLE/COOL,-35,0/75,24.25/24.38,24.38,26.25
2023-01-24 14:58:02,GET,STABLE/COOL,-35,0/78,24.25/24.31,24.25,26.25
2023-01-24 14:58:05,GET,STABLE/COOL,-35,0/82,24.25/24.25,24.25,26.25
2023-01-24 14:58:08,GET,STABLE/COOL,-36,0/85,24.25/24.38,24.31,26.25
2023-01-24 14:58:12,GET,STABLE/COOL,-36,0/88,24.25/24.39,24.25,26.25
2023-01-24 14:58:15,GET,STABLE/COOL,-36,0/92,24.25/24.38,24.26,26.25
2023-01-24 14:58:16,SET 'OFF',IDLE/OFF,0,0/0,24.25/24.25,24.25,26.25
2023-03-08 17:53:50,SET '25',CYCLE/IDLE,1,0/0,60.0/-1,0.0,4.81
2023-03-08 17:53:51,SET '25',CYCLE/HEAT,150,0/0,60.0/-1,0.0,4.81
2023-03-08 17:53:54,SET 'OFF',IDLE/OFF,0,0/0,60.0/-1,19.25,20.69
2023-03-08 17:53:55,GET,IDLE/OFF,0,0/0,60.0/-1,19.25,20.69
2023-03-08 17:53:57,SET '25',CYCLE/HEAT,1,0/0,60.0/-1,0.0,0.0
2023-03-08 17:54:01,GET,CYCLE/HEAT,150,0/4,60.0/-1,19.5,20.75
2023-03-08 17:54:02,SET 'OFF',IDLE/OFF,0,0/0,60.0/-1,18.5,20.69
2023-03-08 17:54:04,SET '25',CYCLE/HEAT,1,0/0,60.0/-1,nan,4.0
2023-03-08 17:54:08,GET,CYCLE/HEAT,150,0/4,60.0/-1,19.5,20.75
2023-03-08 17:54:12,GET,CYCLE/HEAT,150,0/8,60.0/-1,nan,112.12
2023-03-08 17:54:15,SET 'OFF',IDLE/OFF,0,0/0,60.0/-1,nan,78.0
2023-03-08 17:54:16,GET,IDLE/OFF,0,0/0,60.0/-1,nan,104.12
2023-03-08 17:54:20,SET '25',CYCLE/HEAT,1,0/0,60.0/-1,nan,104.12
2023-03-08 17:54:24,GET,CYCLE/HEAT,150,0/4,60.0/-1,19.5,20.81
2023-03-08 17:54:28,GET,CYCLE/HEAT,150,0/8,60.0/-1,19.25,20.81
2023-03-08 17:54:33,GET,CYCLE/HEAT,150,0/13,60.0/-1,19.5,20.75
2023-03-08 17:54:37,GET,CYCLE/HEAT,150,0/17,60.0/-1,19.5,20.81
2023-03-08 17:54:41,GET,CYCLE/HEAT,150,0/21,60.0/-1,19.5,20.81
2023-03-08 17:54:45,GET,CYCLE/HEAT,150,0/25,60.0/-1,19.25,20.81
2023-03-08 17:54:49,GET,CYCLE/HEAT,150,0/29,60.0/-1,nan,112.12
2023-03-08 17:54:53,GET,CYCLE/HEAT,150,0/33,60.0/-1,nan,0.0
2023-03-08 17:54:57,GET,CYCLE/HEAT,150,0/37,60.0/-1,19.5,20.88
2023-03-08 17:55:01,GET,CYCLE/HEAT,150,0/41,60.0/-1,9.75,112.12
2023-03-08 17:55:05,GET,CYCLE/HEAT,150,0/45,60.0/-1,19.5,20.88
2023-03-08 17:55:09,GET,CYCLE/HEAT,150,0/49,60.0/-1,4.88,4.88
2023-03-08 17:55:13,GET,CYCLE/HEAT,150,0/53,60.0/-1,nan,112.12
2023-03-08 17:55:17,GET,CYCLE/HEAT,150,0/57,60.0/-1,19.5,20.94
2023-03-08 17:55:21,GET,CYCLE/HEAT,150,0/61,60.0/-1,nan,0.0
2023-03-08 17:55:25,GET,CYCLE/HEAT,150,0/64,60.0/-1,19.5,20.94
2023-03-08 17:55:29,GET,CYCLE/HEAT,150,0/68,60.0/-1,9.75,20.94
2023-03-08 17:55:33,GET,CYCLE/HEAT,150,0/72,60.0/-1,0.0,4.88
2023-03-08 17:55:37,GET,CYCLE/HEAT,150,0/76,60.0/-1,19.25,21.0
2023-03-08 17:55:40,SET 'OFF',IDLE/OFF,0,0/0,60.0/-1,19.5,21.0
2023-03-08 17:55:40,GET,IDLE/OFF,0,0/0,60.0/-1,19.5,21.0
2023-03-08 17:55:52,SET '25',CYCLE/HEAT,1,0/0,60.0/-1,nan,112.12
2023-03-08 17:55:55,SET 'OFF',IDLE/OFF,0,0/0,60.0/-1,19.5,21.0
2023-03-08 17:55:56,GET,IDLE/OFF,0,0/0,60.0/-1,19.5,21.0
2023-03-08 18:03:38,SET '=OFFSET 0.00',IDLE/OFF,0,0/0,60.0/-1,19.5,21.44
2023-03-08 18:03:39,SET '+OFFSET -0.00',IDLE/OFF,0,0/0,60.0/-1,19.5,21.38
2023-03-08 18:03:39,SET '-OFFSET 0.00',IDLE/OFF,0,0/0,60.0/-1,19.5,21.44
2023-03-08 18:03:40,SET '25',CYCLE/HEAT,1,0/0,60.0/-1,nan,112.12
2023-03-08 18:03:44,GET,CYCLE/HEAT,150,0/4,60.0/-1,19.5,21.44
2023-03-08 18:03:47,SET '24',CYCLE/HEAT,150,0/0,60.0/-1,19.5,21.44
2023-03-08 18:03:51,GET,CYCLE/HEAT,150,0/4,60.0/-1,19.5,21.44
2023-03-08 18:03:55,GET,CYCLE/HEAT,150,0/8,60.0/-1,19.5,21.44
2023-03-08 18:03:57,SET '13',CYCLE/HEAT,150,0/0,60.0/-1,nan,0.56
2023-03-08 18:03:58,SET '15',CYCLE/HEAT,150,0/0,60.0/-1,19.0,9.62
2023-03-08 18:03:59,SET '11',CYCLE/HEAT,15,0/0,60.0/-1,14.5,21.44
2023-03-08 18:04:02,SET '12',CYCLE/COOL,-255,0/0,60.0/-1,19.5,21.44
2023-03-08 18:04:06,GET,CYCLE/COOL,-255,0/4,60.0/-1,19.5,21.44
2023-03-08 18:04:10,SET 'OFF',IDLE/OFF,0,0/0,60.0/-1,19.5,21.5
2023-03-08 18:04:18,GET,IDLE/OFF,0,0/0,60.0/-1,19.5,21.44
2023-03-08 18:04:23,SET '12',CYCLE/COOL,-1,0/0,60.0/-1,nan,112.12
2023-03-08 18:04:27,GET,CYCLE/COOL,-255,0/4,60.0/-1,19.5,21.44
2023-03-08 18:04:29,SET '11',CYCLE/COOL,-255,0/0,60.0/-1,19.5,21.5
2023-03-08 18:04:30,SET '28',CYCLE/COOL,-255,0/0,60.0/-1,19.5,21.5
2023-03-08 18:04:34,SET 'OFF',IDLE/OFF,0,0/0,60.0/-1,14.62,21.44
2023-03-08 18:04:39,GET,IDLE/OFF,0,0/0,60.0/-1,nan,0.56
2023-03-08 18:04:44,SET '45',CYCLE/HEAT,1,0/0,60.0/-1,nan,0.56
2023-03-08 18:04:48,GET,CYCLE/HEAT,150,0/4,60.0/-1,19.5,21.44
2023-03-08 18:04:52,GET,CYCLE/HEAT,150,0/8,60.0/-1,19.5,21.44
2023-03-08 18:04:53,SET 'OFF',IDLE/OFF,0,0/0,60.0/-1,9.75,4.88
2023-03-08 18:04:58,SET '45',CYCLE/HEAT,1,0/0,60.0/-1,nan,78.0
2023-03-08 18:05:01,GET,CYCLE/HEAT,150,0/4,60.0/-1,19.5,21.5
2023-03-08 18:05:04,SET 'OFF',IDLE/OFF,0,0/0,60.0/-1,14.62,21.44
2023-03-08 18:14:18,SET '45',CYCLE/HEAT,1,0/0,60.0/-1,19.75,21.81
2023-03-08 18:14:21,GET,CYCLE/HEAT,150,0/4,60.0/-1,17.28,21.81
2023-03-08 18:14:23,SET 'OFF',IDLE/OFF,0,0/0,60.0/-1,19.44,21.75
2023-03-09 13:04:02,SET '=OFFSET 0.00',IDLE/OFF,0,0/0,0.0/-1,23.25,24.88
2023-03-09 13:04:03,SET '+OFFSET -0.00',IDLE/OFF,0,0/0,60.0/-1,23.25,24.94
2023-03-09 13:04:04,SET '-OFFSET 0.00',IDLE/OFF,0,0/0,60.0/-1,23.25,24.94
2023-03-09 13:04:05,SET '25',CYCLE/IDLE,1,0/0,60.0/-1,23.0,24.94
2023-03-09 13:04:09,GET,CYCLE/COOL,-1,0/4,60.0/-1,23.12,24.94
2023-03-09 13:04:12,GET,CYCLE/COOL,-1,0/8,60.0/-1,23.2,25.0
2023-03-09 13:04:17,GET,CYCLE/COOL,-1,0/13,60.0/-1,22.56,24.94
2023-03-09 13:04:21,GET,CYCLE/COOL,-1,0/16,60.0/-1,23.0,25.0
2023-03-09 13:04:26,GET,CYCLE/COOL,-1,0/22,60.0/-1,23.25,25.06
2023-03-09 13:04:31,GET,CYCLE/COOL,-1,0/26,60.0/-1,23.11,25.0
2023-03-09 13:04:35,GET,CYCLE/COOL,-1,0/31,60.0/-1,23.25,25.0
2023-03-09 13:04:39,GET,CYCLE/COOL,-1,0/35,60.0/-1,23.19,25.0
2023-03-09 13:04:43,GET,CYCLE/COOL,-1,0/38,60.0/-1,23.19,25.0
2023-03-09 13:04:47,GET,CYCLE/COOL,-1,0/42,60.0/-1,23.25,25.06
2023-03-09 13:04:51,GET,CYCLE/COOL,-1,0/46,60.0/-1,23.44,25.06
2023-03-09 13:04:54,GET,CYCLE/COOL,-1,0/50,60.0/-1,23.19,25.06
2023-03-09 13:04:59,GET,CYCLE/COOL,-1,0/54,60.0/-1,23.42,25.06
2023-03-09 13:05:00,SET 'OFF',IDLE/OFF,0,0/0,60.0/-1,23.4,25.06
2023-03-09 13:05:02,SET '40',CYCLE/COOL,-1,0/0,60.0/-1,23.5,25.0
2023-03-09 13:05:07,SET 'OFF',IDLE/OFF,0,0/0,60.0/-1,23.41,25.06
2023-03-09 13:06:29,SET '=OFFSET 0.00',IDLE/OFF,0,0/0,60.0/-1,23.5,25.19
2023-03-09 13:06:30,SET '+OFFSET -0.00',IDLE/OFF,0,0/0,60.0/-1,23.5,25.19
2023-03-09 13:06:31,SET '-OFFSET 0.00',IDLE/OFF,0,0/0,60.0/-1,23.25,25.19
2023-03-09 13:06:32,SET '25',CYCLE/HEAT,1,0/0,60.0/-1,nan,-15.81
2023-03-09 13:06:35,GET,CYCLE/HEAT,75,0/4,60.0/-1,23.5,25.25
2023-03-09 13:06:38,SET '27',CYCLE/COOL,-3,0/0,60.0/-1,23.5,25.25
2023-03-09 13:06:39,SET '29',CYCLE/HEAT,5,0/0,60.0/-1,23.5,25.25
2023-03-09 13:06:40,SET '31',CYCLE/HEAT,150,0/0,60.0/-1,23.5,25.19
2023-03-09 13:06:44,SET '32',CYCLE/HEAT,150,0/0,60.0/-1,23.5,25.25
2023-03-09 13:06:46,SET '33',CYCLE/HEAT,150,0/0,60.0/-1,23.5,25.25
2023-03-09 13:06:48,SET '34',CYCLE/HEAT,150,0/0,60.0/-1,23.5,25.25
2023-03-09 13:06:49,SET '38',CYCLE/HEAT,150,0/0,60.0/-1,23.5,25.25
2023-03-09 13:06:52,GET,CYCLE/HEAT,150,0/4,60.0/-1,23.5,25.31
2023-03-09 13:06:53,SET '41',CYCLE/HEAT,150,0/0,60.0/-1,23.56,25.25
2023-03-09 13:06:55,SET '40',CYCLE/HEAT,150,0/0,60.0/-1,23.5,25.25
2023-03-09 13:06:59,GET,CYCLE/HEAT,150,0/4,60.0/-1,23.51,25.25
2023-03-09 13:07:03,GET,CYCLE/HEAT,150,0/8,60.0/-1,23.5,25.31
2023-03-09 13:07:07,GET,CYCLE/HEAT,150,0/12,60.0/-1,23.5,25.25
2023-03-09 13:07:10,GET,CYCLE/HEAT,150,0/16,60.0/-1,23.5,25.25
2023-03-09 13:07:14,GET,CYCLE/HEAT,150,0/19,60.0/-1,11.75,5.88
2023-03-09 13:07:18,GET,CYCLE/HEAT,150,0/23,60.0/-1,23.42,25.31
2023-03-09 13:07:22,GET,CYCLE/HEAT,150,0/27,60.0/-1,23.5,25.31
2023-03-09 13:07:26,GET,CYCLE/HEAT,150,0/31,60.0/-1,23.62,25.31
2023-03-09 13:07:30,GET,CYCLE/HEAT,150,0/35,60.0/-1,23.72,25.31
2023-03-09 13:07:34,GET,CYCLE/HEAT,150,0/39,60.0/-1,23.58,25.31
2023-03-09 13:07:38,GET,CYCLE/HEAT,150,0/43,60.0/-1,23.5,25.31
2023-03-09 13:07:42,GET,CYCLE/HEAT,150,0/47,60.0/-1,23.5,25.38
2023-03-09 13:07:46,GET,CYCLE/HEAT,150,0/51,60.0/-1,11.81,5.94
2023-03-09 13:07:51,GET,CYCLE/HEAT,150,0/56,60.0/-1,23.5,25.38
2023-03-09 13:07:54,GET,CYCLE/HEAT,150,0/59,60.0/-1,23.58,25.38
2023-03-09 13:07:58,GET,CYCLE/HEAT,150,0/63,60.0/-1,23.75,25.38
2023-03-09 13:08:02,GET,CYCLE/HEAT,150,0/67,60.0/-1,23.75,25.38
2023-03-09 13:08:06,GET,CYCLE/HEAT,150,0/71,60.0/-1,23.75,25.38
2023-03-09 13:08:10,GET,CYCLE/HEAT,150,0/75,60.0/-1,23.5,25.38
2023-03-09 13:08:14,GET,CYCLE/HEAT,150,0/79,60.0/-1,23.5,25.38
2023-03-09 13:08:18,GET,CYCLE/HEAT,150,0/83,60.0/-1,nan,-15.81
2023-03-09 13:08:22,GET,CYCLE/HEAT,150,0/87,60.0/-1,23.5,25.38
2023-03-09 13:08:26,GET,CYCLE/HEAT,150,0/91,60.0/-1,23.5,25.38
2023-03-09 13:08:30,GET,CYCLE/HEAT,150,0/95,60.0/-1,23.51,25.44
2023-03-09 13:08:33,GET,CYCLE/HEAT,150,0/98,60.0/-1,23.62,25.38
2023-03-09 13:08:37,GET,CYCLE/HEAT,150,0/102,60.0/-1,23.56,25.38
2023-03-09 13:08:42,GET,CYCLE/HEAT,150,0/107,60.0/-1,23.62,25.44
2023-03-09 13:08:46,GET,CYCLE/HEAT,150,0/111,60.0/-1,23.62,25.44
2023-03-09 13:08:50,GET,CYCLE/HEAT,150,0/115,60.0/-1,23.62,25.44
2023-03-09 13:08:54,GET,CYCLE/HEAT,150,0/119,60.0/-1,23.75,25.5
2023-03-09 13:08:58,GET,CYCLE/HEAT,150,0/123,60.0/-1,23.75,25.5
2023-03-09 13:09:02,GET,CYCLE/HEAT,150,0/127,60.0/-1,23.62,25.5
2023-03-09 13:09:05,GET,CYCLE/HEAT,150,0/130,60.0/-1,23.75,25.44
2023-03-09 13:09:08,GET,CYCLE/HEAT,150,0/133,60.0/-1,23.72,25.44
2023-03-09 13:09:12,GET,CYCLE/HEAT,150,0/137,60.0/-1,23.75,25.5
2023-03-09 13:09:15,GET,CYCLE/HEAT,150,0/140,60.0/-1,23.75,25.5
2023-03-09 13:09:19,GET,CYCLE/HEAT,150,0/144,60.0/-1,23.75,25.5
2023-03-09 13:09:22,GET,CYCLE/HEAT,150,0/147,60.0/-1,23.75,25.5
2023-03-09 13:09:26,GET,CYCLE/HEAT,150,0/151,60.0/-1,23.75,25.56
2023-03-09 13:09:30,GET,CYCLE/HEAT,150,0/155,60.0/-1,23.75,25.56
2023-03-09 13:09:34,GET,CYCLE/HEAT,150,0/159,60.0/-1,23.75,25.56
2023-03-09 13:09:38,GET,CYCLE/HEAT,150,0/163,60.0/-1,23.62,25.56
2023-03-09 13:09:43,GET,CYCLE/HEAT,150,0/168,60.0/-1,23.56,25.56
2023-03-09 13:09:46,GET,CYCLE/HEAT,150,0/171,60.0/-1,23.75,25.56
2023-03-09 13:09:51,GET,CYCLE/HEAT,150,0/176,60.0/-1,19.88,-127.75
2023-03-09 13:09:54,GET,CYCLE/HEAT,150,0/179,60.0/-1,23.75,25.56
2023-03-09 13:09:58,GET,CYCLE/HEAT,150,0/183,60.0/-1,23.74,25.62
2023-03-09 13:10:02,GET,CYCLE/HEAT,150,0/187,60.0/-1,23.75,25.62
2023-03-09 13:10:06,GET,CYCLE/HEAT,150,0/191,60.0/-1,23.75,25.62
2023-03-09 13:10:09,GET,CYCLE/HEAT,150,0/195,60.0/-1,23.5,25.62
2023-03-09 13:10:13,GET,CYCLE/HEAT,150,0/198,60.0/-1,23.75,25.62
2023-03-09 13:10:17,GET,CYCLE/HEAT,150,0/202,60.0/-1,23.75,25.62
2023-03-09 13:10:22,GET,CYCLE/HEAT,150,0/207,60.0/-1,23.75,25.62
2023-03-09 13:10:26,GET,CYCLE/HEAT,150,0/211,60.0/-1,23.75,25.69
2023-03-09 13:10:30,GET,CYCLE/HEAT,150,0/215,60.0/-1,23.75,25.69
2023-03-09 13:10:34,GET,CYCLE/HEAT,150,0/219,60.0/-1,23.75,25.69
2023-03-09 13:10:38,GET,CYCLE/HEAT,150,0/223,60.0/-1,23.75,25.69
2023-03-09 13:10:42,GET,CYCLE/HEAT,150,0/227,60.0/-1,24.0,25.75
2023-03-09 13:10:46,GET,CYCLE/HEAT,150,0/231,60.0/-1,23.77,25.69
2023-03-09 13:10:50,GET,CYCLE/HEAT,150,0/235,60.0/-1,23.75,25.69
2023-03-09 13:10:54,GET,CYCLE/HEAT,150,0/239,60.0/-1,23.75,25.75
2023-03-09 13:10:58,GET,CYCLE/HEAT,150,0/243,60.0/-1,23.88,25.75
2023-03-09 13:11:01,GET,CYCLE/HEAT,150,0/246,60.0/-1,23.75,25.75
2023-03-09 13:11:05,GET,CYCLE/HEAT,150,0/250,60.0/-1,23.66,25.75
2023-03-09 13:11:09,GET,CYCLE/HEAT,150,0/254,60.0/-1,23.75,25.75
2023-03-09 13:11:13,GET,CYCLE/HEAT,150,0/258,60.0/-1,23.77,25.75
2023-03-09 13:11:17,GET,CYCLE/HEAT,150,0/262,60.0/-1,23.98,25.81
2023-03-09 13:11:21,GET,CYCLE/HEAT,150,0/266,60.0/-1,23.88,25.81
2023-03-09 13:11:25,GET,CYCLE/HEAT,150,0/270,60.0/-1,24.0,25.81
2023-03-09 13:11:29,GET,CYCLE/HEAT,150,0/274,60.0/-1,23.93,25.81
2023-03-09 13:11:33,GET,CYCLE/HEAT,150,0/278,60.0/-1,23.81,25.88
2023-03-09 13:11:37,GET,CYCLE/HEAT,150,0/282,60.0/-1,23.88,25.88
2023-03-09 13:11:41,GET,CYCLE/HEAT,150,0/286,60.0/-1,23.84,25.88
2023-03-09 13:11:45,GET,CYCLE/HEAT,150,0/290,60.0/-1,23.99,25.88
2023-03-09 13:11:48,GET,CYCLE/HEAT,150,0/293,60.0/-1,23.81,25.88
2023-03-09 13:11:52,GET,CYCLE/HEAT,150,0/297,60.0/-1,23.87,25.88
2023-03-09 13:11:56,GET,CYCLE/HEAT,150,0/301,60.0/-1,23.87,25.88
2023-03-09 13:12:00,GET,CYCLE/HEAT,150,0/305,60.0/-1,23.88,25.88
2023-03-09 13:12:04,GET,CYCLE/HEAT,150,0/309,60.0/-1,23.88,25.94
2023-03-09 13:12:08,GET,CYCLE/HEAT,150,0/313,60.0/-1,23.99,25.94
2023-03-09 13:12:12,GET,CYCLE/HEAT,150,0/317,60.0/-1,23.87,25.88
2023-03-09 13:12:17,GET,CYCLE/HEAT,150,0/322,60.0/-1,24.0,25.94
2023-03-09 13:12:21,GET,CYCLE/HEAT,150,0/326,60.0/-1,24.0,25.94
2023-03-09 13:12:25,GET,CYCLE/HEAT,150,0/330,60.0/-1,23.98,26.0
2023-03-09 13:12:29,GET,CYCLE/HEAT,150,0/334,60.0/-1,23.75,26.0
2023-03-09 13:12:33,GET,CYCLE/HEAT,150,0/338,60.0/-1,24.0,26.0
2023-03-09 13:12:37,GET,CYCLE/HEAT,150,0/342,60.0/-1,24.0,26.0
2023-03-09 13:12:41,GET,CYCLE/HEAT,150,0/346,60.0/-1,24.0,26.0
2023-03-09 13:12:45,GET,CYCLE/HEAT,150,0/351,60.0/-1,24.0,26.0
2023-03-09 13:12:49,GET,CYCLE/HEAT,150,0/354,60.0/-1,24.0,26.0
2023-03-09 13:12:53,GET,CYCLE/HEAT,150,0/358,60.0/-1,23.88,26.0
2023-03-09 13:12:56,GET,CYCLE/HEAT,150,0/361,60.0/-1,24.0,26.06
2023-03-09 13:13:00,GET,CYCLE/HEAT,150,0/365,60.0/-1,24.0,26.06
2023-03-09 13:13:03,GET,CYCLE/HEAT,150,0/368,60.0/-1,24.0,26.0
2023-03-09 13:13:07,GET,CYCLE/HEAT,150,0/372,60.0/-1,24.0,26.06
2023-03-09 13:13:12,GET,CYCLE/HEAT,150,0/377,60.0/-1,24.0,26.06
2023-03-09 13:13:16,GET,CYCLE/HEAT,150,0/381,60.0/-1,24.0,26.06
2023-03-09 13:13:19,GET,CYCLE/HEAT,150,0/385,60.0/-1,24.0,26.12
2023-03-09 13:13:23,GET,CYCLE/HEAT,150,0/388,60.0/-1,24.0,0.19
2023-03-09 13:13:27,GET,CYCLE/HEAT,150,0/392,60.0/-1,24.0,0.19
2023-03-09 13:13:32,GET,CYCLE/HEAT,150,0/397,60.0/-1,24.0,26.06
2023-03-09 13:13:36,GET,CYCLE/HEAT,150,0/401,60.0/-1,24.0,26.12
2023-03-09 13:13:39,GET,CYCLE/HEAT,150,0/404,60.0/-1,24.12,26.19
2023-03-09 13:13:45,GET,CYCLE/HEAT,150,0/410,60.0/-1,24.0,26.12
2023-03-09 13:13:48,GET,CYCLE/HEAT,150,0/413,60.0/-1,24.25,26.19
2023-03-09 13:13:52,GET,CYCLE/HEAT,150,0/417,60.0/-1,24.12,26.19
2023-03-09 13:13:55,GET,CYCLE/HEAT,150,0/420,60.0/-1,24.0,26.19
2023-03-09 13:13:59,GET,CYCLE/HEAT,150,0/424,60.0/-1,24.0,26.19
2023-03-09 13:14:02,GET,CYCLE/HEAT,150,0/427,60.0/-1,24.0,26.25
2023-03-09 13:14:07,GET,CYCLE/HEAT,150,0/432,60.0/-1,24.12,26.25
2023-03-09 13:14:11,GET,CYCLE/HEAT,150,0/436,60.0/-1,24.02,26.19
2023-03-09 13:14:15,GET,CYCLE/HEAT,150,0/440,60.0/-1,24.12,26.25
2023-03-09 13:14:19,GET,CYCLE/HEAT,150,0/444,60.0/-1,24.19,26.25
2023-03-09 13:21:22,GET,IDLE/OFF,0,0/0,60.0/-1,24.75,26.81
2023-03-09 13:21:40,SET '=OFFSET 0.00',IDLE/OFF,0,0/0,60.0/-1,24.75,26.81
2023-03-09 13:21:40,SET '+OFFSET -0.00',IDLE/OFF,0,0/0,60.0/-1,24.75,26.88
2023-03-09 13:21:42,SET '-OFFSET 0.00',IDLE/OFF,0,0/0,60.0/-1,24.75,26.88
2023-03-09 13:21:42,SET '25',CYCLE/HEAT,1,0/0,60.0/-1,24.25,26.81
2023-03-09 13:21:43,SET '21',CYCLE/HEAT,1,0/0,60.0/-1,24.75,26.88
2023-03-09 13:21:44,SET '18',CYCLE/COOL,-91,0/0,60.0/-1,24.75,26.88
2023-03-09 13:21:47,SET '16',CYCLE/COOL,-255,0/0,60.0/-1,24.75,26.81
2023-03-09 13:21:51,GET,CYCLE/COOL,-255,0/4,60.0/-1,24.74,26.88
2023-03-09 13:21:54,GET,CYCLE/COOL,-255,0/7,60.0/-1,24.75,26.88
2023-03-09 13:21:58,GET,CYCLE/COOL,-255,0/11,60.0/-1,24.74,26.88
2023-03-09 13:22:01,GET,CYCLE/COOL,-255,0/14,60.0/-1,24.75,26.88
2023-03-09 13:22:05,SET '17',CYCLE/COOL,-255,0/0,60.0/-1,24.75,26.88
2023-03-09 13:22:05,SET '21',CYCLE/COOL,-255,0/0,60.0/-1,24.75,26.88
2023-03-09 13:22:06,SET '25',CYCLE/COOL,-91,0/0,60.0/-1,24.75,26.88
2023-03-09 13:22:10,SET '31',CYCLE/COOL,-29,0/0,60.0/-1,24.75,26.88
2023-03-09 13:22:12,SET '30',CYCLE/HEAT,150,0/0,60.0/-1,24.75,26.88
2023-03-09 13:22:16,GET,CYCLE/HEAT,150,0/3,60.0/-1,24.75,26.94
2023-03-09 13:22:20,SET '42',CYCLE/HEAT,150,0/0,60.0/-1,24.75,26.88
2023-03-09 13:22:23,GET,CYCLE/HEAT,150,0/3,60.0/-1,24.75,26.81
2023-03-09 13:22:27,GET,CYCLE/HEAT,150,0/7,60.0/-1,24.75,26.88
2023-03-09 13:22:30,SET '18',CYCLE/HEAT,150,0/0,60.0/-1,24.75,26.88
2023-03-09 13:22:34,SET '15',CYCLE/COOL,-255,0/0,60.0/-1,24.75,26.88
2023-03-09 13:22:37,GET,CYCLE/COOL,-255,0/3,60.0/-1,24.75,26.88
2023-03-09 13:22:41,GET,CYCLE/COOL,-255,0/7,60.0/-1,24.43,26.88
2023-03-09 13:22:45,SET '30',CYCLE/COOL,-255,0/0,60.0/-1,24.75,26.88
2023-03-09 13:22:49,GET,CYCLE/HEAT,150,0/4,60.0/-1,24.75,26.88
2023-03-09 13:22:52,GET,CYCLE/HEAT,150,0/7,60.0/-1,24.75,26.88
2023-03-09 13:22:56,SET '25',CYCLE/HEAT,150,0/0,60.0/-1,24.75,26.88
2023-03-09 13:22:59,GET,STABLE/HEAT,6,0/3,24.75/24.75,24.75,26.88
2023-03-09 13:23:03,SET '26',CYCLE/HEAT,6,0/0,60.0/-1,24.75,26.94
2023-03-09 13:23:06,GET,CYCLE/HEAT,3,0/3,60.0/-1,24.75,26.94
2023-03-09 13:23:09,SET '27',CYCLE/HEAT,3,0/0,60.0/-1,24.73,26.94
2023-03-09 13:23:12,SET '26',CYCLE/COOL,-1,0/0,60.0/-1,24.75,26.94
2023-03-09 13:23:15,GET,CYCLE/HEAT,3,0/3,60.0/-1,24.75,26.88
2023-03-09 13:23:19,GET,CYCLE/HEAT,3,0/7,60.0/-1,24.75,26.94
2023-03-09 13:23:22,GET,CYCLE/HEAT,4,0/11,60.0/-1,24.75,26.94
2023-03-09 13:23:26,GET,CYCLE/HEAT,4,0/14,60.0/-1,24.75,26.94
2023-03-09 13:23:29,GET,CYCLE/HEAT,5,0/17,60.0/-1,24.75,26.94
2023-03-09 13:23:33,GET,CYCLE/HEAT,5,0/21,60.0/-1,24.75,26.94
2023-03-09 13:23:36,GET,CYCLE/HEAT,5,0/24,60.0/-1,24.75,26.94
2023-03-09 13:23:40,GET,CYCLE/HEAT,6,0/28,60.0/-1,24.75,26.94
2023-03-09 13:23:43,GET,CYCLE/HEAT,6,0/31,60.0/-1,24.75,26.94
2023-03-09 13:23:48,GET,CYCLE/HEAT,7,0/36,60.0/-1,24.75,26.94
2023-03-09 13:23:51,GET,CYCLE/HEAT,7,0/39,60.0/-1,24.75,26.94
2023-03-09 13:23:54,GET,CYCLE/HEAT,7,0/42,60.0/-1,24.75,26.94
2023-03-09 13:23:58,GET,CYCLE/HEAT,8,0/46,60.0/-1,24.75,26.94
2023-03-09 13:24:02,GET,CYCLE/HEAT,8,0/50,60.0/-1,24.75,26.94
2023-03-09 13:24:06,GET,CYCLE/HEAT,9,0/54,60.0/-1,24.75,26.94
2023-03-09 13:24:09,GET,CYCLE/HEAT,9,0/58,60.0/-1,24.86,26.94
2023-03-09 13:24:13,GET,CYCLE/HEAT,9,0/61,60.0/-1,24.88,27.0
2023-03-09 13:24:16,GET,CYCLE/HEAT,10,0/64,60.0/-1,24.75,27.0
2023-03-09 13:24:20,GET,CYCLE/HEAT,10,0/68,60.0/-1,24.5,27.0
2023-03-09 13:24:23,GET,CYCLE/HEAT,10,0/72,60.0/-1,24.88,27.0
2023-03-09 13:24:27,GET,CYCLE/HEAT,150,0/75,60.0/-1,18.62,26.94
2023-03-09 13:24:31,GET,CYCLE/HEAT,11,0/79,60.0/-1,24.88,27.0
2023-03-09 13:24:35,GET,CYCLE/HEAT,12,0/83,60.0/-1,24.9,27.0
2023-03-09 13:24:39,GET,CYCLE/HEAT,12,0/87,60.0/-1,24.98,27.0
2023-03-09 13:24:42,GET,CYCLE/HEAT,12,0/90,60.0/-1,24.95,27.0
2023-03-09 13:24:47,GET,CYCLE/HEAT,13,0/95,60.0/-1,24.81,27.0
2023-03-09 13:24:50,GET,CYCLE/HEAT,13,0/98,60.0/-1,24.79,27.0
2023-03-09 13:24:54,GET,CYCLE/HEAT,13,0/102,60.0/-1,25.0,27.06
2023-03-09 13:24:57,GET,CYCLE/HEAT,14,0/105,60.0/-1,25.0,27.0
2023-03-09 13:25:01,GET,CYCLE/HEAT,14,0/109,60.0/-1,24.92,27.06
2023-03-09 13:25:04,GET,CYCLE/HEAT,15,0/113,60.0/-1,24.9,27.06
2023-03-09 13:25:09,GET,CYCLE/HEAT,15,0/117,60.0/-1,24.95,27.06
2023-03-09 13:25:21,SET '=OFFSET 0.00',CYCLE/HEAT,16,0/129,60.0/-1,24.99,27.06
2023-03-09 13:25:22,SET '+OFFSET -0.00',CYCLE/HEAT,16,0/130,60.0/-1,25.0,27.06
2023-03-09 13:25:22,SET '-OFFSET 0.00',CYCLE/HEAT,16,0/131,60.0/-1,24.87,27.0
2023-03-09 13:25:23,SET '25',CYCLE/HEAT,16,0/0,60.0/-1,24.87,27.0
2023-03-09 13:25:26,GET,STABLE/COOL,-29,0/4,24.97/25.0,25.0,27.06
2023-03-09 13:25:27,SET '29',CYCLE/COOL,-29,0/0,60.0/-1,25.0,27.06
2023-03-09 13:25:28,SET '33',CYCLE/HEAT,6,0/0,60.0/-1,25.0,27.06
2023-03-09 13:25:30,SET '32',CYCLE/HEAT,150,0/0,60.0/-1,25.0,27.06
2023-03-09 13:25:34,SET '17',CYCLE/HEAT,150,0/0,60.0/-1,25.0,27.12
2023-03-09 13:25:37,GET,CYCLE/COOL,-255,0/3,60.0/-1,24.88,27.06
2023-03-09 13:25:39,SET '18',CYCLE/COOL,-255,0/0,60.0/-1,24.95,27.12
2023-03-09 13:25:40,SET '22',CYCLE/COOL,-255,0/0,60.0/-1,24.99,27.12
2023-03-09 13:25:41,SET '25',CYCLE/COOL,-80,0/0,60.0/-1,25.0,27.12
2023-03-09 13:25:42,SET '32',CYCLE/COOL,-33,0/0,60.0/-1,25.0,27.06
2023-03-09 13:25:42,SET '37',CYCLE/HEAT,150,0/0,60.0/-1,25.0,27.06
2023-03-09 13:25:42,SET '43',CYCLE/HEAT,150,0/0,60.0/-1,25.0,27.06
2023-03-09 13:25:44,SET '42',CYCLE/HEAT,150,0/0,60.0/-1,25.0,27.12
2023-03-09 13:25:48,SET '32',CYCLE/HEAT,150,0/0,60.0/-1,25.0,27.12
2023-03-09 13:25:52,GET,CYCLE/HEAT,150,0/4,60.0/-1,25.0,27.12
2023-03-09 13:25:56,GET,CYCLE/HEAT,150,0/8,60.0/-1,25.0,27.19
2023-03-09 13:26:00,GET,CYCLE/HEAT,150,0/12,60.0/-1,24.88,27.12
2023-03-09 13:26:04,GET,CYCLE/HEAT,150,0/16,60.0/-1,25.0,27.12
2023-03-09 13:26:08,GET,CYCLE/HEAT,150,0/20,60.0/-1,25.0,27.12
2023-03-09 13:26:12,GET,CYCLE/HEAT,150,0/24,60.0/-1,24.99,27.12
2023-03-09 13:26:16,GET,CYCLE/HEAT,150,0/28,60.0/-1,25.0,27.12
2023-03-09 13:26:20,GET,CYCLE/HEAT,150,0/32,60.0/-1,25.0,27.12
2023-03-09 13:26:24,GET,CYCLE/HEAT,150,0/36,60.0/-1,25.0,27.19
2023-03-09 13:26:28,GET,CYCLE/HEAT,150,0/40,60.0/-1,24.84,27.12
2023-03-09 13:26:32,GET,CYCLE/HEAT,150,0/44,60.0/-1,24.62,27.12
2023-03-09 13:26:36,GET,CYCLE/HEAT,150,0/48,60.0/-1,24.81,27.19
2023-03-09 13:26:40,GET,CYCLE/HEAT,150,0/52,60.0/-1,25.0,27.19
2023-03-09 13:26:44,GET,CYCLE/HEAT,150,0/56,60.0/-1,25.0,27.19
2023-03-09 13:26:48,GET,CYCLE/HEAT,150,0/60,60.0/-1,25.0,27.19
2023-03-09 13:26:51,GET,CYCLE/HEAT,150,0/63,60.0/-1,25.0,27.19
2023-03-09 13:26:55,GET,CYCLE/HEAT,150,0/67,60.0/-1,25.0,27.19
2023-03-09 13:26:59,GET,CYCLE/HEAT,150,0/71,60.0/-1,25.0,27.25
2023-03-09 13:27:03,GET,CYCLE/HEAT,150,0/75,60.0/-1,25.0,27.25
2023-03-09 13:27:07,GET,CYCLE/HEAT,150,0/79,60.0/-1,25.0,27.19
2023-03-09 13:27:11,GET,CYCLE/HEAT,150,0/83,60.0/-1,25.0,27.19
2023-03-09 13:27:15,GET,CYCLE/HEAT,150,0/87,60.0/-1,25.0,27.25
2023-03-09 13:27:19,GET,CYCLE/HEAT,150,0/91,60.0/-1,25.0,27.25
2023-03-09 13:27:23,GET,CYCLE/HEAT,150,0/95,60.0/-1,25.0,27.25
2023-03-09 13:27:27,GET,CYCLE/HEAT,150,0/99,60.0/-1,25.0,27.25
2023-03-09 13:27:30,GET,CYCLE/HEAT,150,0/102,60.0/-1,25.0,27.19
2023-03-09 13:27:35,GET,CYCLE/HEAT,150,0/107,60.0/-1,25.0,27.31
2023-03-09 13:27:38,GET,CYCLE/HEAT,150,0/110,60.0/-1,25.0,27.25
2023-03-09 13:27:42,GET,CYCLE/HEAT,150,0/114,60.0/-1,25.0,27.25
2023-03-09 13:27:46,GET,CYCLE/HEAT,150,0/118,60.0/-1,25.0,27.25
2023-03-09 13:27:50,GET,CYCLE/HEAT,150,0/122,60.0/-1,25.0,27.25
2023-03-09 13:27:54,GET,CYCLE/HEAT,150,0/126,60.0/-1,25.0,27.25
2023-03-09 13:27:58,GET,CYCLE/HEAT,150,0/130,60.0/-1,25.02,27.25
2023-03-09 13:28:02,GET,CYCLE/HEAT,150,0/134,60.0/-1,25.0,27.31
2023-03-09 13:28:06,GET,CYCLE/HEAT,150,0/138,60.0/-1,25.25,27.31
2023-03-09 13:28:10,GET,CYCLE/HEAT,150,0/142,60.0/-1,25.12,27.31
2023-03-09 13:28:14,GET,CYCLE/HEAT,150,0/146,60.0/-1,25.25,27.38
2023-03-09 13:28:18,GET,CYCLE/HEAT,150,0/150,60.0/-1,25.0,12.62
2023-03-09 13:28:22,GET,CYCLE/HEAT,150,0/154,60.0/-1,25.0,27.38
2023-03-09 13:28:26,GET,CYCLE/HEAT,150,0/158,60.0/-1,25.08,27.44
2023-03-09 13:28:30,GET,CYCLE/HEAT,150,0/162,60.0/-1,24.98,27.38
2023-03-09 13:28:34,GET,CYCLE/HEAT,150,0/166,60.0/-1,25.25,27.38
2023-03-09 13:28:38,GET,CYCLE/HEAT,150,0/170,60.0/-1,25.14,27.38
2023-03-09 13:28:42,GET,CYCLE/HEAT,150,0/174,60.0/-1,12.56,6.31
2023-03-09 13:28:46,GET,CYCLE/HEAT,150,0/178,60.0/-1,25.02,27.31
2023-03-09 13:28:49,GET,CYCLE/HEAT,150,0/181,60.0/-1,25.18,27.38
2023-03-09 13:28:53,GET,CYCLE/HEAT,150,0/185,60.0/-1,25.2,27.38
2023-03-09 13:28:58,GET,CYCLE/HEAT,150,0/190,60.0/-1,25.25,27.38
2023-03-09 13:29:01,GET,CYCLE/HEAT,150,0/193,60.0/-1,25.25,27.38
2023-03-09 13:29:18,SET '=OFFSET 0.00',CYCLE/HEAT,150,0/210,60.0/-1,25.12,27.5
2023-03-09 13:29:19,SET '+OFFSET -0.00',CYCLE/HEAT,150,0/211,60.0/-1,25.22,27.44
2023-03-09 13:29:20,SET '-OFFSET 0.00',CYCLE/HEAT,150,0/212,60.0/-1,25.24,27.44
2023-03-09 13:29:21,SET '25',CYCLE/HEAT,150,0/0,60.0/-1,25.25,27.5
2023-03-09 13:29:25,GET,STABLE/COOL,-37,0/5,25.25/25.25,25.25,27.44
2023-03-09 13:29:29,SET '42',CYCLE/COOL,-37,0/0,60.0/-1,25.25,27.44
2023-03-09 13:29:34,GET,CYCLE/HEAT,150,0/5,60.0/-1,25.25,27.44
2023-03-09 13:29:38,SET '15',CYCLE/HEAT,150,0/0,60.0/-1,25.25,27.5
2023-03-09 13:29:42,GET,CYCLE/COOL,-255,0/4,60.0/-1,25.25,27.44
2023-03-09 13:29:46,SET '16',CYCLE/COOL,-255,0/0,60.0/-1,25.09,27.44
2023-03-09 13:29:49,GET,CYCLE/COOL,-255,0/4,60.0/-1,25.12,27.44
2023-03-09 13:29:53,GET,CYCLE/COOL,-255,0/7,60.0/-1,25.25,27.5
2023-03-09 13:29:57,SET '17',CYCLE/COOL,-255,0/0,60.0/-1,25.25,27.5
2023-03-09 13:30:02,GET,CYCLE/COOL,-255,0/5,60.0/-1,25.25,27.5
2023-03-09 13:30:03,SET '20',CYCLE/COOL,-255,0/0,60.0/-1,25.25,27.5
2023-03-09 13:30:06,SET '22',CYCLE/COOL,-255,0/0,60.0/-1,25.25,27.5
2023-03-09 13:30:10,GET,CYCLE/COOL,-89,0/4,60.0/-1,25.25,27.56
2023-03-09 13:30:13,SET '23',CYCLE/COOL,-93,0/0,60.0/-1,25.25,27.56
2023-03-09 13:30:17,SET '25',CYCLE/COOL,-71,0/0,60.0/-1,25.25,27.5
2023-03-09 13:30:18,SET '30',CYCLE/COOL,-37,0/0,60.0/-1,25.25,27.5
2023-03-09 13:30:21,SET '35',CYCLE/HEAT,8,0/0,60.0/-1,25.25,27.56
2023-03-09 13:30:24,SET '40',CYCLE/HEAT,150,0/0,60.0/-1,25.25,27.56
2023-03-09 13:30:28,SET '45',CYCLE/HEAT,150,0/0,60.0/-1,25.25,27.56
2023-03-09 13:30:29,SET '40',CYCLE/HEAT,150,0/0,60.0/-1,25.25,27.56
2023-03-09 13:30:30,SET '25',CYCLE/HEAT,150,0/0,60.0/-1,25.25,27.56
2023-03-09 13:30:35,SET '20',CYCLE/COOL,-37,0/0,60.0/-1,25.28,27.56
2023-03-09 13:30:38,SET '7',CYCLE/COOL,-255,0/0,60.0/-1,25.25,27.56
2023-03-09 13:30:42,SET '10',CYCLE/COOL,-255,0/0,60.0/-1,25.25,27.56
2023-03-09 13:30:44,SET '10',CYCLE/COOL,-255,0/0,60.0/-1,25.25,27.56
2023-03-09 13:30:48,GET,CYCLE/COOL,-255,0/4,60.0/-1,25.25,27.62
2023-03-09 13:30:52,GET,CYCLE/COOL,-255,0/8,60.0/-1,25.28,27.62
2023-03-09 13:30:56,GET,CYCLE/COOL,-255,0/12,60.0/-1,25.25,27.62
2023-03-09 13:30:59,GET,CYCLE/COOL,-255,0/16,60.0/-1,25.25,27.56
2023-03-09 13:31:04,GET,CYCLE/COOL,-255,0/20,60.0/-1,25.25,27.62
2023-03-09 13:31:07,GET,CYCLE/COOL,-255,0/24,60.0/-1,25.25,27.62
2023-03-09 13:31:11,GET,CYCLE/COOL,-255,0/27,60.0/-1,25.25,27.62
2023-03-09 13:31:15,GET,CYCLE/COOL,-255,0/31,60.0/-1,25.25,27.69
2023-03-09 13:31:19,GET,CYCLE/COOL,-255,0/35,60.0/-1,25.28,27.69
2023-03-09 13:31:23,GET,CYCLE/COOL,-255,0/39,60.0/-1,25.25,27.62
2023-03-09 13:31:26,GET,CYCLE/COOL,-255,0/42,60.0/-1,25.41,27.69
2023-03-09 13:31:31,GET,CYCLE/COOL,-255,0/47,60.0/-1,25.25,27.69
2023-03-09 13:31:34,GET,CYCLE/COOL,-255,0/50,60.0/-1,25.25,27.69
2023-03-09 13:31:38,GET,CYCLE/COOL,-255,0/54,60.0/-1,25.25,27.69
2023-03-09 13:31:42,GET,CYCLE/COOL,-255,0/58,60.0/-1,25.25,27.69
2023-03-09 13:31:46,GET,CYCLE/COOL,-255,0/62,60.0/-1,25.25,27.69
2023-03-09 13:31:50,GET,CYCLE/COOL,-255,0/66,60.0/-1,25.12,27.69
2023-03-09 13:31:54,GET,CYCLE/COOL,-255,0/70,60.0/-1,25.08,27.69
2023-03-09 13:31:57,GET,CYCLE/COOL,-255,0/74,60.0/-1,25.25,27.69
2023-03-09 13:32:01,GET,CYCLE/COOL,-255,0/77,60.0/-1,25.27,27.69
2023-03-09 13:32:05,GET,CYCLE/COOL,-255,0/82,60.0/-1,25.25,27.69
2023-03-09 13:33:08,SET '=OFFSET 0.00',IDLE/OFF,0,0/0,60.0/-1,25.5,27.81
2023-03-09 13:33:09,SET '+OFFSET -0.00',IDLE/OFF,0,0/0,60.0/-1,25.25,27.81
2023-03-09 13:33:10,SET '-OFFSET 0.00',IDLE/OFF,0,0/0,60.0/-1,25.25,27.81
2023-03-09 13:33:11,SET '25',CYCLE/COOL,-1,0/0,60.0/-1,25.5,27.81
2023-03-09 13:33:15,GET,STABLE/COOL,-41,0/4,24.66/25.5,25.14,27.81
2023-03-09 13:33:19,GET,STABLE/COOL,-41,0/7,25.2/25.48,25.48,27.81
2023-03-09 13:33:22,SET '25',CYCLE/COOL,-41,0/0,60.0/-1,25.39,27.81
2023-03-09 13:33:24,SET '20',CYCLE/COOL,-41,0/0,60.0/-1,25.29,27.81
2023-03-09 13:33:28,SET '15',CYCLE/COOL,-117,0/0,60.0/-1,24.97,27.81
2023-03-09 13:33:32,GET,CYCLE/COOL,-255,0/4,60.0/-1,25.37,27.81
2023-03-09 13:33:36,GET,CYCLE/COOL,-255,0/8,60.0/-1,25.33,27.81
2023-03-09 13:33:39,SET '42',CYCLE/COOL,-255,0/0,60.0/-1,25.38,27.81
2023-03-09 13:33:43,GET,CYCLE/HEAT,150,0/4,60.0/-1,25.34,27.81
2023-03-09 13:33:47,GET,CYCLE/HEAT,150,0/8,60.0/-1,25.21,27.81
2023-03-09 13:33:51,GET,CYCLE/HEAT,150,0/12,60.0/-1,25.14,27.81
2023-03-09 13:33:55,SET '20',CYCLE/HEAT,150,0/0,60.0/-1,25.39,27.88
2023-03-09 13:33:59,GET,CYCLE/COOL,-255,0/4,60.0/-1,25.39,27.88
2023-03-09 13:34:03,GET,CYCLE/COOL,-255,0/8,60.0/-1,25.39,27.81
2023-03-09 13:34:07,SET '14',CYCLE/COOL,-255,0/0,60.0/-1,25.31,27.81
2023-03-09 13:34:11,GET,CYCLE/COOL,-255,0/4,60.0/-1,25.31,27.88
2023-03-09 13:34:13,SET '20',CYCLE/COOL,-255,0/0,60.0/-1,25.35,27.81
2023-03-09 13:34:17,GET,CYCLE/COOL,-255,0/4,60.0/-1,25.29,27.88
2023-03-09 13:34:18,SET '15',CYCLE/COOL,-255,0/0,60.0/-1,25.39,27.88
2023-03-09 13:34:22,GET,CYCLE/COOL,-255,0/4,60.0/-1,25.45,27.88
2023-03-09 13:34:23,SET '30',CYCLE/COOL,-255,0/0,60.0/-1,25.47,27.88
2023-03-09 13:34:26,GET,CYCLE/HEAT,7,0/4,60.0/-1,25.37,27.88
2023-03-09 13:34:27,SET '45',CYCLE/HEAT,8,0/0,60.0/-1,25.4,27.88
2023-03-09 13:34:30,SET '40',CYCLE/HEAT,150,0/0,60.0/-1,25.46,27.88
2023-03-09 13:34:34,SET '35',CYCLE/HEAT,150,0/0,60.0/-1,25.37,27.88
2023-03-09 13:34:36,SET '30',CYCLE/HEAT,150,0/0,60.0/-1,25.48,27.88
2023-03-09 13:34:40,SET '25',CYCLE/HEAT,7,0/0,60.0/-1,25.41,27.94
2023-03-09 13:34:44,GET,STABLE/COOL,-45,0/4,25.48/25.5,25.5,27.94
2023-03-09 13:34:48,GET,STABLE/COOL,-45,0/8,25.5/25.5,25.5,27.94
2023-03-09 13:34:52,SET '24',CYCLE/COOL,-45,0/0,60.0/-1,25.5,27.88
2023-03-09 13:36:08,SET '=OFFSET 0.00',IDLE/OFF,0,0/0,60.0/-1,25.5,28.06
2023-03-09 13:36:09,SET '+OFFSET -0.00',IDLE/OFF,0,0/0,60.0/-1,25.25,28.06
2023-03-09 13:36:10,SET '-OFFSET 0.00',IDLE/OFF,0,0/0,60.0/-1,25.5,28.06
2023-03-09 13:36:11,SET '25',CYCLE/COOL,-1,0/0,60.0/-1,25.5,28.0
2023-03-09 13:36:15,GET,STABLE/COOL,-45,0/4,25.5/25.5,25.5,28.06
2023-03-09 13:36:19,SET '25',CYCLE/COOL,-45,0/0,60.0/-1,25.5,28.06
2023-03-09 13:36:22,SET '23',CYCLE/COOL,-45,0/0,60.0/-1,25.5,28.06
2023-03-09 13:36:24,SET '24',CYCLE/COOL,-77,0/0,60.0/-1,25.5,28.06
2023-03-09 13:36:28,GET,CYCLE/COOL,-63,0/4,60.0/-1,25.5,28.0
2023-03-09 13:36:33,GET,CYCLE/COOL,-66,0/8,60.0/-1,25.5,28.0
2023-03-09 13:36:37,GET,CYCLE/COOL,-69,0/13,60.0/-1,25.5,28.06
2023-03-09 13:36:40,GET,CYCLE/COOL,-72,0/16,60.0/-1,25.49,28.06
2023-03-09 13:36:44,GET,CYCLE/COOL,-75,0/20,60.0/-1,25.5,28.06
2023-03-09 13:36:48,GET,CYCLE/COOL,-77,0/24,60.0/-1,25.5,28.06
2023-03-09 13:36:52,GET,CYCLE/COOL,-80,0/28,60.0/-1,25.5,28.12
2023-03-09 13:36:57,GET,CYCLE/COOL,-88,0/33,60.0/-1,25.5,28.12
2023-03-09 13:37:00,GET,CYCLE/COOL,-91,0/36,60.0/-1,25.5,28.12
2023-03-09 13:37:04,GET,CYCLE/COOL,-94,0/40,60.0/-1,25.44,28.12
2023-03-09 13:37:08,GET,CYCLE/COOL,-96,0/44,60.0/-1,25.5,28.12
2023-03-09 13:37:12,GET,CYCLE/COOL,-99,0/48,60.0/-1,25.49,28.06
2023-03-09 13:37:16,GET,CYCLE/COOL,-98,0/52,60.0/-1,25.5,28.12
2023-03-09 13:37:20,GET,CYCLE/COOL,-105,0/56,60.0/-1,25.5,28.12
2023-03-09 13:37:24,GET,CYCLE/COOL,-108,0/60,60.0/-1,25.5,28.12
2023-03-09 13:37:28,GET,CYCLE/COOL,-111,0/64,60.0/-1,25.5,28.12
2023-03-09 13:37:32,GET,CYCLE/COOL,-114,0/68,60.0/-1,25.5,28.19
2023-03-09 13:37:36,GET,CYCLE/COOL,-117,0/72,60.0/-1,25.5,28.12
2023-03-09 13:37:40,GET,CYCLE/COOL,-120,0/76,60.0/-1,25.5,28.12
2023-03-09 13:37:44,GET,CYCLE/COOL,-123,0/80,60.0/-1,25.5,28.12
2023-03-09 13:37:47,GET,CYCLE/COOL,-126,0/83,60.0/-1,25.5,28.19
2023-03-09 13:37:51,GET,CYCLE/COOL,-128,0/87,60.0/-1,25.5,28.12
2023-03-09 13:37:55,GET,CYCLE/COOL,-131,0/91,60.0/-1,25.5,28.19
2023-03-09 13:37:59,GET,CYCLE/COOL,-134,0/95,60.0/-1,25.49,28.19
2023-03-09 13:38:03,GET,CYCLE/COOL,-137,0/99,60.0/-1,25.5,28.19
2023-03-09 13:38:07,GET,CYCLE/COOL,-140,0/103,60.0/-1,25.5,28.19
2023-03-09 13:38:11,GET,CYCLE/COOL,-143,0/107,60.0/-1,25.5,28.19
2023-03-09 13:38:15,GET,CYCLE/COOL,-146,0/111,60.0/-1,25.48,28.19
2023-03-09 13:38:19,GET,CYCLE/COOL,-149,0/115,60.0/-1,25.5,28.19
2023-03-09 13:38:23,GET,CYCLE/COOL,-152,0/119,60.0/-1,25.5,28.19
2023-03-09 13:38:27,GET,CYCLE/COOL,-155,0/123,60.0/-1,25.44,28.19
2023-03-09 13:38:31,GET,CYCLE/COOL,-158,0/127,60.0/-1,25.5,28.19
2023-03-09 13:38:35,GET,CYCLE/COOL,-160,0/131,60.0/-1,25.43,28.19
2023-03-09 13:38:39,GET,CYCLE/COOL,-163,0/135,60.0/-1,25.43,28.19
2023-03-09 13:38:43,GET,CYCLE/COOL,-167,0/139,60.0/-1,25.5,28.19
2023-03-09 13:38:47,GET,CYCLE/COOL,-170,0/143,60.0/-1,25.5,28.19
2023-03-09 13:38:51,GET,CYCLE/COOL,-173,0/147,60.0/-1,25.5,28.19
2023-03-09 13:38:55,GET,CYCLE/COOL,-175,0/151,60.0/-1,25.37,28.19
2023-03-09 13:39:00,GET,CYCLE/COOL,-179,0/155,60.0/-1,25.44,28.25
2023-03-09 13:39:04,GET,CYCLE/COOL,-182,0/160,60.0/-1,25.5,28.19
2023-03-09 13:39:08,GET,CYCLE/COOL,-185,0/164,60.0/-1,25.5,28.19
2023-03-09 13:39:12,GET,CYCLE/COOL,-187,0/167,60.0/-1,25.5,28.19
2023-03-09 13:39:15,GET,CYCLE/COOL,-190,0/171,60.0/-1,25.5,28.25
2023-03-09 13:39:21,GET,CYCLE/COOL,-195,0/177,60.0/-1,25.5,28.19
2023-03-09 13:39:25,GET,CYCLE/COOL,-198,0/181,60.0/-1,25.5,28.25
2023-03-09 13:39:29,GET,CYCLE/COOL,-200,0/184,60.0/-1,25.5,28.25
2023-03-09 13:39:32,GET,CYCLE/COOL,-203,0/188,60.0/-1,25.5,28.25
2023-03-09 13:39:36,GET,CYCLE/COOL,-206,0/192,60.0/-1,25.5,28.25
2023-03-09 13:39:40,GET,CYCLE/COOL,-209,0/196,60.0/-1,25.5,28.19
2023-03-09 13:39:44,GET,CYCLE/COOL,-212,0/200,60.0/-1,25.5,28.25
2023-03-09 13:39:48,GET,CYCLE/COOL,-215,0/204,60.0/-1,25.5,28.25
2023-03-09 13:39:52,GET,CYCLE/COOL,-218,0/208,60.0/-1,25.5,28.25
2023-03-09 13:39:57,GET,CYCLE/COOL,-222,0/213,60.0/-1,25.5,28.25
2023-03-09 13:40:01,GET,CYCLE/COOL,-225,0/217,60.0/-1,25.5,28.25
2023-03-09 13:40:05,GET,CYCLE/COOL,-228,0/221,60.0/-1,25.5,28.25
2023-03-09 13:40:09,GET,CYCLE/COOL,-230,0/224,60.0/-1,25.5,28.31
2023-03-09 13:40:12,GET,CYCLE/COOL,-233,0/228,60.0/-1,25.5,28.25
2023-03-09 13:40:16,GET,CYCLE/COOL,-236,0/232,60.0/-1,25.5,28.25
2023-03-09 13:40:20,GET,CYCLE/COOL,-239,0/236,60.0/-1,25.49,28.25
2023-03-09 13:40:24,GET,CYCLE/COOL,-242,0/240,60.0/-1,25.5,28.25
2023-03-09 13:40:28,GET,CYCLE/COOL,-245,0/244,60.0/-1,25.5,28.25
2023-03-09 13:40:32,GET,CYCLE/COOL,-248,0/248,60.0/-1,25.5,28.31
2023-03-09 13:40:37,GET,CYCLE/COOL,-252,0/253,60.0/-1,25.5,28.31
2023-03-09 13:40:41,GET,CYCLE/COOL,-255,0/257,60.0/-1,25.5,28.31
2023-03-09 13:40:45,GET,CYCLE/COOL,-255,0/261,60.0/-1,25.5,28.31
2023-03-09 13:40:50,SET 'OFF',IDLE/OFF,0,0/0,60.0/-1,25.5,28.25
2023-03-09 13:41:07,GET,IDLE/OFF,0,0/0,60.0/-1,25.25,28.31
2023-03-09 13:41:13,SET '24',CYCLE/COOL,-1,0/0,60.0/-1,25.25,28.31
2023-03-09 13:41:17,GET,CYCLE/COOL,-66,0/4,60.0/-1,25.44,28.31
2023-03-09 13:41:19,SET 'OFF',IDLE/OFF,0,0/0,60.0/-1,25.5,28.31
2023-03-09 13:41:44,SET '=OFFSET 0.00',IDLE/OFF,0,0/0,60.0/-1,25.5,28.31
2023-03-09 13:41:45,SET '+OFFSET -0.00',IDLE/OFF,0,0/0,60.0/-1,25.5,28.31
2023-03-09 13:41:45,SET '-OFFSET 0.00',IDLE/OFF,0,0/0,60.0/-1,25.5,28.31
2023-03-09 13:41:46,SET '25',CYCLE/COOL,-1,0/0,60.0/-1,25.25,28.31
2023-03-09 13:41:50,GET,STABLE/COOL,-48,0/4,25.29/25.44,25.27,28.31
2023-03-09 13:41:52,SET '25',CYCLE/COOL,-48,0/0,60.0/-1,25.36,28.31
2023-03-09 13:41:56,SET '20',CYCLE/COOL,-48,0/0,60.0/-1,25.5,28.31
2023-03-09 13:42:00,GET,CYCLE/COOL,-255,0/4,60.0/-1,25.5,28.31
2023-03-09 13:42:04,GET,CYCLE/COOL,-255,0/8,60.0/-1,25.37,28.31
2023-03-09 13:42:08,GET,CYCLE/COOL,-255,0/11,60.0/-1,25.5,28.31
2023-03-09 13:42:12,GET,CYCLE/COOL,-255,0/15,60.0/-1,25.5,28.31
2023-03-09 13:42:16,GET,CYCLE/COOL,-255,0/20,60.0/-1,25.5,28.31
2023-03-09 13:42:20,GET,CYCLE/COOL,-255,0/24,60.0/-1,25.38,28.31
2023-03-09 13:42:24,GET,CYCLE/COOL,-255,0/27,60.0/-1,25.41,28.31
2023-03-09 13:42:27,GET,CYCLE/COOL,-255,0/31,60.0/-1,25.49,28.31
2023-03-09 13:42:31,GET,CYCLE/COOL,-255,0/35,60.0/-1,25.44,28.31
2023-03-09 13:42:35,GET,CYCLE/COOL,-255,0/39,60.0/-1,25.3,28.38
2023-03-09 13:42:39,GET,CYCLE/COOL,-255,0/43,60.0/-1,25.48,28.31
2023-03-09 13:42:43,GET,CYCLE/COOL,-255,0/47,60.0/-1,25.36,28.31
2023-03-09 13:42:47,GET,CYCLE/COOL,-255,0/51,60.0/-1,25.43,28.31
2023-03-09 13:42:51,GET,CYCLE/COOL,-255,0/55,60.0/-1,25.46,28.31
2023-03-09 13:42:55,GET,CYCLE/COOL,-255,0/59,60.0/-1,25.37,28.31
2023-03-09 13:43:00,GET,CYCLE/COOL,-255,0/63,60.0/-1,25.3,28.31
2023-03-09 13:43:04,GET,CYCLE/COOL,-255,0/68,60.0/-1,25.48,28.31
2023-03-09 13:43:08,GET,CYCLE/COOL,-255,0/71,60.0/-1,25.4,28.38
2023-03-09 13:43:12,GET,CYCLE/COOL,-255,0/75,60.0/-1,25.36,28.31
2023-03-09 13:43:16,GET,CYCLE/COOL,-255,0/79,60.0/-1,25.37,28.31
2023-03-09 13:43:20,GET,CYCLE/HEAT,24,0/83,60.0/-1,22.19,28.38
2023-03-09 13:43:23,GET,CYCLE/COOL,-255,0/87,60.0/-1,25.36,28.38
2023-03-09 13:43:27,GET,CYCLE/COOL,-255,0/91,60.0/-1,25.29,28.31
2023-03-09 13:43:31,GET,CYCLE/COOL,-255,0/95,60.0/-1,25.3,28.38
2023-03-09 13:43:35,GET,CYCLE/COOL,-255,0/99,60.0/-1,25.33,28.31
2023-03-09 13:43:39,GET,CYCLE/COOL,-255,0/103,60.0/-1,25.48,28.38
2023-03-09 13:43:43,GET,CYCLE/COOL,-255,0/107,60.0/-1,25.44,28.38
2023-03-09 13:43:48,GET,CYCLE/COOL,-255,0/112,60.0/-1,25.48,28.31
2023-03-09 13:43:52,GET,CYCLE/COOL,-255,0/115,60.0/-1,25.5,28.38
2023-03-09 13:43:55,GET,CYCLE/COOL,-255,0/119,60.0/-1,25.4,28.38
2023-03-09 13:43:59,GET,CYCLE/COOL,-255,0/123,60.0/-1,25.35,28.38
2023-03-09 13:44:03,GET,CYCLE/COOL,-255,0/127,60.0/-1,25.34,28.38
2023-03-09 13:44:07,GET,CYCLE/COOL,-255,0/131,60.0/-1,25.46,28.38
2023-03-09 13:44:11,GET,CYCLE/COOL,-255,0/135,60.0/-1,25.44,28.38
2023-03-09 13:44:15,GET,CYCLE/COOL,-255,0/139,60.0/-1,25.5,28.38
2023-03-09 13:44:19,GET,CYCLE/COOL,-255,0/143,60.0/-1,25.47,28.38
2023-03-09 13:44:23,GET,CYCLE/COOL,-255,0/146,60.0/-1,25.44,28.38
2023-03-09 13:44:27,GET,CYCLE/COOL,-255,0/150,60.0/-1,25.5,28.38
2023-03-09 13:44:30,GET,CYCLE/COOL,-255,0/154,60.0/-1,25.37,28.38
2023-03-09 13:50:06,SET '=OFFSET 0.00',IDLE/OFF,0,0/0,60.0/-1,25.5,28.25
2023-03-09 13:50:07,SET '+OFFSET -0.00',IDLE/OFF,0,0/0,60.0/-1,25.5,28.31
2023-03-09 13:50:07,SET '-OFFSET 0.00',IDLE/OFF,0,0/0,60.0/-1,25.5,28.31
2023-03-09 13:50:08,SET '25',CYCLE/COOL,-1,0/0,60.0/-1,25.25,28.25
2023-03-09 13:50:12,GET,STABLE/COOL,-48,0/4,25.25/25.46,25.46,28.25
2023-03-09 13:50:16,SET '20',CYCLE/COOL,-49,0/0,60.0/-1,25.46,28.25
2023-03-09 13:50:19,GET,CYCLE/COOL,-255,0/4,60.0/-1,25.37,28.31
2023-03-09 13:50:23,GET,CYCLE/COOL,-255,0/7,60.0/-1,25.48,28.31
2023-03-09 13:50:27,GET,CYCLE/COOL,-255,0/11,60.0/-1,25.32,28.25
2023-03-09 13:50:30,GET,CYCLE/COOL,-255,0/15,60.0/-1,25.48,28.25
2023-03-09 13:50:34,GET,CYCLE/COOL,-255,0/19,60.0/-1,25.4,28.25
2023-03-09 13:50:38,GET,CYCLE/COOL,-255,0/22,60.0/-1,25.26,28.25
2023-03-09 13:50:42,GET,CYCLE/COOL,-255,0/26,60.0/-1,25.38,28.25
2023-03-09 13:50:46,GET,CYCLE/COOL,-255,0/30,60.0/-1,25.35,28.25
2023-03-09 13:50:50,GET,CYCLE/COOL,-255,0/34,60.0/-1,25.25,28.25
2023-03-09 13:50:54,GET,CYCLE/COOL,-255,0/38,60.0/-1,25.44,28.25
2023-03-09 13:50:57,GET,CYCLE/COOL,-255,0/42,60.0/-1,25.43,28.25
2023-03-09 13:51:02,GET,CYCLE/COOL,-255,0/46,60.0/-1,25.5,28.25
2023-03-09 13:51:06,GET,CYCLE/COOL,-255,0/50,60.0/-1,25.46,28.25
2023-03-09 13:51:09,GET,CYCLE/COOL,-255,0/54,60.0/-1,25.5,28.25
2023-03-09 13:51:13,GET,CYCLE/COOL,-255,0/57,60.0/-1,25.45,28.25
2023-03-09 13:51:16,GET,CYCLE/COOL,-255,0/61,60.0/-1,25.42,28.25
2023-03-09 13:51:20,GET,CYCLE/COOL,-255,0/64,60.0/-1,25.37,28.25
2023-03-09 13:51:25,GET,CYCLE/COOL,-255,0/69,60.0/-1,25.49,28.19
2023-03-09 13:51:28,GET,CYCLE/COOL,-255,0/73,60.0/-1,25.4,28.25
2023-03-09 13:51:32,GET,CYCLE/COOL,-255,0/76,60.0/-1,25.46,28.25
2023-03-09 13:51:36,GET,CYCLE/COOL,-255,0/80,60.0/-1,25.37,28.19
2023-03-09 13:51:40,GET,CYCLE/COOL,-255,0/85,60.0/-1,25.28,28.19
2023-03-09 13:51:44,GET,CYCLE/COOL,-255,0/88,60.0/-1,25.37,28.19
2023-03-09 13:51:48,GET,CYCLE/COOL,-255,0/92,60.0/-1,25.5,28.25
2023-03-09 13:51:51,GET,CYCLE/COOL,-255,0/96,60.0/-1,25.48,28.25
2023-03-09 13:51:55,GET,CYCLE/COOL,-255,0/99,60.0/-1,25.5,28.25
2023-03-09 13:51:59,GET,CYCLE/COOL,-255,0/103,60.0/-1,25.34,28.19
2023-03-09 13:52:02,GET,CYCLE/COOL,-255,0/107,60.0/-1,25.5,28.25
2023-03-09 13:52:06,GET,CYCLE/COOL,-255,0/111,60.0/-1,25.5,28.25
2023-03-09 13:52:10,GET,CYCLE/COOL,-255,0/115,60.0/-1,25.37,28.19
2023-03-09 13:52:14,GET,CYCLE/COOL,-255,0/118,60.0/-1,25.45,28.25
2023-03-09 13:52:18,GET,CYCLE/COOL,-255,0/122,60.0/-1,25.37,28.25
2023-03-09 13:52:21,GET,CYCLE/COOL,-255,0/126,60.0/-1,25.34,28.19
2023-03-09 13:52:25,GET,CYCLE/COOL,-255,0/129,60.0/-1,25.5,28.25
2023-03-09 13:52:29,GET,CYCLE/COOL,-255,0/133,60.0/-1,25.37,28.19
2023-03-09 13:52:33,GET,CYCLE/COOL,-255,0/137,60.0/-1,25.48,28.25
2023-03-09 13:52:36,GET,CYCLE/COOL,-255,0/141,60.0/-1,25.5,28.25
2023-03-09 13:52:40,GET,CYCLE/COOL,-255,0/144,60.0/-1,25.47,28.19
2023-03-09 13:52:44,GET,CYCLE/COOL,-255,0/148,60.0/-1,25.5,28.25
2023-03-09 13:52:48,GET,CYCLE/COOL,-255,0/152,60.0/-1,25.5,28.19
2023-03-09 13:52:53,GET,CYCLE/COOL,-255,0/158,60.0/-1,25.5,28.19
2023-03-09 13:52:57,GET,CYCLE/COOL,-255,0/161,60.0/-1,25.5,28.19
2023-03-09 13:53:02,GET,CYCLE/COOL,-255,0/166,60.0/-1,25.37,28.19
2023-03-09 13:53:06,GET,CYCLE/COOL,-255,0/170,60.0/-1,25.37,28.19
2023-03-09 13:53:10,GET,CYCLE/COOL,-255,0/175,60.0/-1,25.5,28.25
2023-03-09 13:53:15,GET,CYCLE/COOL,-255,0/179,60.0/-1,25.5,28.25
2023-03-09 13:53:19,GET,CYCLE/COOL,-255,0/183,60.0/-1,25.5,28.25
2023-03-09 13:53:22,GET,CYCLE/COOL,-255,0/187,60.0/-1,25.5,28.25
2023-03-09 13:53:26,GET,CYCLE/COOL,-255,0/190,60.0/-1,25.5,28.25
2023-03-09 13:53:30,GET,CYCLE/COOL,-255,0/194,60.0/-1,25.5,28.25
2023-03-09 13:53:34,GET,CYCLE/COOL,-255,0/198,60.0/-1,25.5,28.25
2023-03-09 13:53:37,GET,CYCLE/COOL,-255,0/202,60.0/-1,25.5,28.31
2023-03-09 13:53:41,GET,CYCLE/COOL,-255,0/206,60.0/-1,25.5,28.19
2023-03-09 13:53:46,GET,CYCLE/COOL,-255,0/210,60.0/-1,25.5,28.25
2023-03-09 13:53:50,GET,CYCLE/COOL,-255,0/214,60.0/-1,25.5,28.25
2023-03-09 13:53:54,GET,CYCLE/COOL,-255,0/218,60.0/-1,25.5,28.19
2023-03-09 13:53:58,GET,CYCLE/COOL,-255,0/223,60.0/-1,25.44,28.25
2023-03-09 13:54:02,GET,CYCLE/COOL,-255,0/226,60.0/-1,25.5,28.25
2023-03-09 13:54:06,GET,CYCLE/COOL,-255,0/230,60.0/-1,25.5,28.25
2023-03-09 13:54:12,GET,CYCLE/COOL,-255,0/236,60.0/-1,25.47,28.25
2023-03-09 13:54:19,GET,CYCLE/COOL,-255,0/244,60.0/-1,25.5,28.25
2023-03-09 13:54:23,GET,CYCLE/COOL,-255,0/248,60.0/-1,25.5,28.19
2023-03-09 13:54:27,GET,CYCLE/COOL,-255,0/252,60.0/-1,25.5,28.31
2023-03-09 13:54:32,GET,CYCLE/COOL,-255,0/256,60.0/-1,25.5,28.25
2023-03-09 13:54:36,GET,CYCLE/COOL,-255,0/261,60.0/-1,25.5,28.31
2023-03-09 13:54:41,GET,CYCLE/COOL,-255,0/266,60.0/-1,25.5,28.25
2023-03-09 13:54:45,GET,CYCLE/COOL,-255,0/270,60.0/-1,25.5,28.25
2023-03-09 13:54:49,GET,CYCLE/COOL,-255,0/274,60.0/-1,25.5,28.25
2023-03-09 13:54:53,GET,CYCLE/COOL,-255,0/278,60.0/-1,25.5,28.25
2023-03-09 13:54:57,GET,CYCLE/COOL,-255,0/282,60.0/-1,25.5,28.25
2023-03-09 13:55:01,GET,CYCLE/COOL,-255,0/285,60.0/-1,25.5,28.31
2023-03-09 13:55:04,GET,CYCLE/COOL,-255,0/289,60.0/-1,25.5,28.25
2023-03-09 13:55:08,GET,CYCLE/COOL,-255,0/292,60.0/-1,25.5,28.25
2023-03-09 13:55:12,GET,CYCLE/COOL,-255,0/296,60.0/-1,25.5,28.25
2023-03-09 13:55:15,GET,CYCLE/COOL,-255,0/300,60.0/-1,25.5,28.31
2023-03-09 13:55:19,GET,CYCLE/COOL,-255,0/303,60.0/-1,25.5,28.38
2023-03-09 13:55:22,GET,CYCLE/COOL,-255,0/306,60.0/-1,25.44,28.31
2023-03-09 13:55:25,GET,CYCLE/COOL,-255,0/310,60.0/-1,25.5,28.25
2023-03-09 13:55:29,GET,CYCLE/COOL,-255,0/314,60.0/-1,25.5,28.25
2023-03-09 13:55:33,GET,CYCLE/COOL,-255,0/317,60.0/-1,25.5,28.31
2023-03-09 13:55:37,GET,CYCLE/COOL,-255,0/321,60.0/-1,25.5,28.31
2023-03-09 13:55:40,GET,CYCLE/COOL,-255,0/324,60.0/-1,25.38,28.31
2023-03-09 13:55:43,GET,CYCLE/COOL,-255,0/328,60.0/-1,25.5,28.31
2023-03-09 13:55:47,GET,CYCLE/COOL,-255,0/331,60.0/-1,25.5,28.25
2023-03-09 13:55:50,GET,CYCLE/COOL,-255,0/335,60.0/-1,25.5,28.31
2023-03-09 13:55:54,GET,CYCLE/COOL,-255,0/338,60.0/-1,25.5,28.25
2023-03-09 13:55:57,GET,CYCLE/COOL,-255,0/341,60.0/-1,25.5,28.31
2023-03-09 13:56:01,GET,CYCLE/COOL,-255,0/345,60.0/-1,25.5,28.31
2023-03-09 13:56:04,GET,CYCLE/COOL,-255,0/348,60.0/-1,25.5,28.31
2023-03-09 13:56:07,GET,CYCLE/COOL,-255,0/352,60.0/-1,25.5,28.31
2023-03-09 13:56:11,GET,CYCLE/COOL,-255,0/355,60.0/-1,25.5,28.31
2023-03-09 13:56:14,GET,CYCLE/COOL,-255,0/359,60.0/-1,25.5,28.31
2023-03-09 13:56:18,GET,CYCLE/COOL,-255,0/362,60.0/-1,25.5,28.31
2023-03-09 13:56:21,GET,CYCLE/COOL,-255,0/366,60.0/-1,25.5,28.31
2023-03-09 13:56:25,GET,CYCLE/COOL,-255,0/369,60.0/-1,25.5,28.31
2023-03-09 13:56:28,GET,CYCLE/COOL,-255,0/372,60.0/-1,25.5,28.31
2023-03-09 13:56:31,GET,CYCLE/COOL,-255,0/376,60.0/-1,25.5,28.31
2023-03-09 13:56:35,GET,CYCLE/COOL,-255,0/379,60.0/-1,25.5,28.31
2023-03-09 13:56:38,GET,CYCLE/COOL,-255,0/383,60.0/-1,25.5,28.31
2023-03-09 13:56:42,GET,CYCLE/COOL,-255,0/387,60.0/-1,25.5,28.31
2023-03-09 13:56:46,GET,CYCLE/COOL,-255,0/391,60.0/-1,25.5,28.38
2023-03-09 13:56:49,GET,CYCLE/COOL,-255,0/394,60.0/-1,25.5,28.38
2023-03-09 13:56:53,GET,CYCLE/COOL,-255,0/397,60.0/-1,25.47,28.31
2023-03-09 13:56:56,GET,CYCLE/COOL,-255,0/401,60.0/-1,25.41,28.31
2023-03-09 13:57:00,GET,CYCLE/COOL,-255,0/404,60.0/-1,25.49,28.38
2023-03-09 13:57:03,GET,CYCLE/COOL,-255,0/407,60.0/-1,25.44,28.38
2023-03-09 13:57:06,GET,CYCLE/COOL,-255,0/411,60.0/-1,25.5,28.38
2023-03-09 13:57:10,GET,CYCLE/COOL,-255,0/414,60.0/-1,25.5,28.38
2023-03-09 13:57:13,GET,CYCLE/COOL,-255,0/417,60.0/-1,25.5,28.31
2023-03-09 13:57:16,GET,CYCLE/COOL,-255,0/421,60.0/-1,25.5,28.38
2023-03-09 13:57:20,GET,CYCLE/COOL,-255,0/424,60.0/-1,25.5,28.31
2023-03-09 13:57:23,GET,CYCLE/COOL,-255,0/427,60.0/-1,25.51,28.44
2023-03-09 13:57:26,GET,CYCLE/COOL,-255,0/431,60.0/-1,25.5,28.38
2023-03-09 13:57:30,GET,CYCLE/COOL,-255,0/435,60.0/-1,25.5,28.31
2023-03-09 13:57:34,GET,CYCLE/COOL,-255,0/439,60.0/-1,25.5,28.38
2023-03-09 13:57:37,GET,CYCLE/COOL,-255,0/442,60.0/-1,25.5,28.38
2023-03-09 13:57:41,GET,CYCLE/COOL,-255,0/445,60.0/-1,25.5,28.38
2023-03-09 13:57:44,GET,CYCLE/COOL,-255,0/448,60.0/-1,25.5,28.38
2023-03-09 13:57:47,GET,CYCLE/COOL,-255,0/452,60.0/-1,25.5,28.38
2023-03-09 13:57:51,GET,CYCLE/COOL,-255,0/455,60.0/-1,25.5,28.38
2023-03-09 13:57:55,GET,CYCLE/COOL,-255,0/459,60.0/-1,25.5,28.44
2023-03-09 13:57:59,GET,CYCLE/COOL,-255,0/463,60.0/-1,25.5,28.38
2023-03-09 13:58:03,GET,CYCLE/COOL,-255,0/467,60.0/-1,25.5,28.38
2023-03-09 13:58:07,GET,CYCLE/COOL,-255,0/471,60.0/-1,25.5,28.38
2023-03-09 13:58:10,GET,CYCLE/COOL,-255,0/475,60.0/-1,25.5,28.38
2023-03-09 13:58:14,GET,CYCLE/COOL,-255,0/478,60.0/-1,25.5,28.44
2023-03-09 13:58:17,GET,CYCLE/COOL,-255,0/481,60.0/-1,25.5,28.38
2023-03-09 13:58:21,GET,CYCLE/COOL,-255,0/485,60.0/-1,25.5,28.38
2023-03-09 13:58:25,GET,CYCLE/COOL,-255,0/489,60.0/-1,25.5,28.44
2023-03-09 13:58:28,GET,CYCLE/COOL,-255,0/492,60.0/-1,25.56,28.44
2023-03-09 13:58:31,GET,CYCLE/COOL,-255,0/496,60.0/-1,25.5,28.44
2023-03-09 13:58:36,GET,CYCLE/COOL,-255,0/500,60.0/-1,25.5,28.38
2023-03-09 13:58:39,GET,CYCLE/COOL,-255,0/503,60.0/-1,25.5,28.44
2023-03-09 13:58:42,GET,CYCLE/COOL,-255,0/507,60.0/-1,25.5,28.44
2023-03-09 13:58:46,GET,CYCLE/COOL,-255,0/510,60.0/-1,25.5,28.44
2023-03-09 13:58:49,GET,CYCLE/COOL,-255,0/514,60.0/-1,25.51,28.44
2023-03-09 13:58:53,GET,CYCLE/COOL,-255,0/517,60.0/-1,25.5,28.44
2023-03-09 13:58:56,GET,CYCLE/COOL,-255,0/521,60.0/-1,25.5,28.44
2023-03-09 13:59:00,GET,CYCLE/COOL,-255,0/524,60.0/-1,25.5,28.44
2023-03-09 13:59:03,GET,CYCLE/COOL,-255,0/527,60.0/-1,25.5,28.44
2023-03-09 13:59:06,GET,CYCLE/COOL,-255,0/531,60.0/-1,25.5,28.44
2023-03-09 14:29:08,SET '=OFFSET 0.00',IDLE/OFF,0,0/0,60.0/-1,26.0,28.0
2023-03-09 14:29:09,SET '+OFFSET -0.00',IDLE/OFF,0,0/0,60.0/-1,26.0,28.0
2023-03-09 14:29:10,SET '-OFFSET 0.00',IDLE/OFF,0,0/0,60.0/-1,25.75,28.06
2023-03-09 14:29:11,SET '25',CYCLE/COOL,-1,0/0,60.0/-1,25.75,28.0
2023-03-09 14:29:15,GET,STABLE/COOL,-45,2/4,25.11/25.73,25.56,28.06
2023-03-09 14:29:35,GET,STABLE/COOL,-55,2/25,25.42/26.12,26.0,28.0
2023-03-09 14:29:40,GET,STABLE/COOL,-57,2/29,26.0/26.0,26.0,28.0
2023-03-09 14:29:42,SET 'OFF',IDLE/OFF,0,2/0,25.75/26.0,25.88,28.0
2023-03-09 15:09:28,SET '=OFFSET 0.00',IDLE/OFF,0,2/0,60.0/-1,26.0,27.19
2023-03-09 15:09:28,SET '+OFFSET -0.00',IDLE/OFF,0,2/0,60.0/-1,26.0,27.19
2023-03-09 15:09:29,SET '-OFFSET 0.00',IDLE/OFF,0,2/0,60.0/-1,26.0,27.19
2023-03-09 15:09:30,SET '25',CYCLE/COOL,-1,0/0,60.0/-1,26.0,27.19
2023-03-09 15:09:34,GET,CYCLE/COOL,-36,0/5,60.0/-1,26.0,27.19
2023-03-09 15:09:35,SET '23',CYCLE/COOL,-36,0/0,60.0/-1,26.0,27.19
2023-03-09 15:09:39,SET '22',CYCLE/COOL,-68,0/0,60.0/-1,26.0,27.19
2023-03-09 15:09:42,GET,CYCLE/COOL,-85,0/3,60.0/-1,25.91,27.19
2023-03-09 15:09:46,GET,CYCLE/COOL,-92,0/7,60.0/-1,25.59,27.19
2023-03-09 15:09:53,GET,CYCLE/COOL,-103,0/15,60.0/-1,26.0,27.19
2023-03-09 15:09:57,GET,CYCLE/COOL,-110,0/18,60.0/-1,25.87,27.19
2023-03-09 15:10:06,GET,CYCLE/COOL,-126,0/27,60.0/-1,26.0,27.19
2023-03-09 15:10:10,GET,CYCLE/COOL,-134,0/32,60.0/-1,25.94,27.19
2023-03-09 15:10:18,GET,CYCLE/COOL,-145,0/40,60.0/-1,26.0,27.19
2023-03-09 15:10:23,SET 'OFF',IDLE/OFF,0,0/0,60.0/-1,26.0,27.25
2023-03-09 15:14:18,GET,IDLE/OFF,0,0/0,60.0/-1,26.0,27.06
2023-03-09 15:14:24,SET '22',CYCLE/COOL,-1,0/0,60.0/-1,25.75,27.06
2023-03-09 15:14:28,GET,CYCLE/COOL,-82,0/4,60.0/-1,26.0,27.06
2023-03-09 15:14:29,SET 'OFF',IDLE/OFF,0,0/0,60.0/-1,26.0,27.06
2023-03-09 15:16:07,SET '22',CYCLE/COOL,-1,0/0,60.0/-1,26.0,27.0
2023-03-09 15:16:08,SET '21',CYCLE/COOL,-78,0/0,60.0/-1,26.0,27.0
2023-03-09 15:16:13,SET '18',CYCLE/COOL,-255,0/0,60.0/-1,26.0,27.0
2023-03-09 15:16:17,GET,CYCLE/COOL,-255,0/4,60.0/-1,26.0,27.0
2023-03-09 15:16:33,GET,CYCLE/COOL,-255,0/21,60.0/-1,26.0,27.0
2023-03-09 15:16:37,GET,CYCLE/COOL,-255,0/25,60.0/-1,26.0,27.06
2023-03-09 15:16:41,GET,CYCLE/COOL,-255,0/28,60.0/-1,26.0,27.0
