<?xml version="1.0" ?><run_info machine="DESKTOP-JBJNQ2U" device="10414290" name="MM230816W3_V63D5_3" ruling="good" signature="03415f98681aabb70383355f879682faf82d1dfeaea0231f62e9338056c61a14"><metrics signature="a445b34e0cfc6349147f3a7dfb15bbcb3ee77618f3e220265b4afd2812e96fcd"><metric name="calibrated" value="2023-10-11T14:30:15"/><metric name="start" value="2023-10-11T14:30:25"/><metric name="stop" value="2023-10-11T14:30:48"/><metric name="duration" value="22.4865" units="seconds"/><metric name="samples" value="6020"/></metrics><audits signature="44514f0820bffc14d4e91d05bbd84b17b6af62f430ea97a4273cb1bd5c17caf9"><audit profile="f50c8ccd45259b05" action="CAPTURE" recorded="2023-10-11T14:31:09.752280" machine="DESKTOP-JBJNQ2U" username="Zehra Parlak" initials="ZP" role="ADMIN" signature="2f17549f4494b6d6f3a772d41f936d434cac17564135874f16ece4d17bb5b296"/><audit profile="f50c8ccd45259b05" action="ANALYZE" recorded="2023-10-11T15:30:31.127274" machine="DESKTOP-JBJNQ2U" username="Zehra Parlak" initials="ZP" role="ADMIN" signature="db542193f00ccd6d1e0f65c33398b6c5bfe3495df24167ddb6018c30393b01ec"/></audits><params recorded="2023-10-11T14:31:09.752280" signature="23164ce2a85778e2517b255db9b2f8c868415000fec6ff1e4cf79c4c92b81dea"><param name="bioformulation" value="True"/><param name="batch_number" value="MM230816_W3" found="True"/><param name="surfactant" value="0.0" units="mg/mL" input="manual"/><param name="concentration" value="1" units="%w" input="manual"/><param name="surface_tension" value="68.0" units="mN/m" input="manual"/><param name="contact_angle" value="55.0" units="degrees" input="auto"/><param name="density" value="1.0" units="g/cm^3" input="manual"/></params><points recorded="2023-10-11T15:30:31.127274" signature="dc5b6f52e7f150394ec1d634c4c516c9fceee07bab2eef50d23bb4751223bdf7"><point name="0" value="2444"/><point name="1" value="2461"/><point name="2" value="2465"/><point name="3" value="2655"/><point name="4" value="3891"/><point name="5" value="5465"/></points><batch_params recorded="2023-10-11T15:30:31.651409" signature="5dbc306ad6801af578100bfb9d777f811f455ae85d0a26e047d56b2ddd65558d"><batch_param name="BATCH" value="MM230816_W3" found="True"/><batch_param name="CA_offset" value="-2"/><batch_param name="freq_delta_15MHz" value="400"/><batch_param name="freq_factor_15MHz" value="0.0756"/><batch_param name="diss_factor1_15MHz" value="0.1951e6"/><batch_param name="diss_factor2_15MHz" value="0"/><batch_param name="freq_delta_5MHz" value="51000000"/><batch_param name="freq_factor_5MHz" value="0.0147"/><batch_param name="diss_factor1_5MHz" value="0.2222e6"/><batch_param name="diss_factor2_5MHz" value="1.67"/><batch_param name="distances" value="[1.34, 1.72, 2.15, 2.75, 3.4, 5.15, 10.8, 15.7]"/></batch_params></run_info>