<?xml version="1.0" ?><run_info machine="DESKTOP-JBJNQ2U" device="10414290" name="MM230816W4_V64D1_1" ruling="good" signature="121453dd3169061d01211f5d6c46e083f5df2319c3db9e80aa7cec1457cbc924"><metrics signature="2cab04c546b5e95f9dc2cd5ad2cd8f9b66f8c9e7b219a8062bb8ab389885776f"><metric name="calibrated" value="2023-10-12T11:04:50"/><metric name="start" value="2023-10-12T11:04:56"/><metric name="stop" value="2023-10-12T11:05:11"/><metric name="duration" value="15.1751" units="seconds"/><metric name="samples" value="4054"/></metrics><audits signature="5c52010fe4053e33d32c2e3ef3485fa5b5a2446b1cd2104f5fdd3b8cc464e9a0"><audit profile="f50c8ccd45259b05" action="CAPTURE" recorded="2023-10-12T11:05:30.821898" machine="DESKTOP-JBJNQ2U" username="Zehra Parlak" initials="ZP" role="ADMIN" signature="8cfedbc578cc47e26eda6daab0368aa78e1b193d051a1b9121a1bec325f1541a"/><audit profile="f50c8ccd45259b05" action="ANALYZE" recorded="2023-10-12T11:07:02.446759" machine="DESKTOP-JBJNQ2U" username="Zehra Parlak" initials="ZP" role="ADMIN" signature="a9aace6b6a9cee94117fd2acfff8859226c62dd3026405e73563ede338c66afc"/><audit profile="f50c8ccd45259b05" action="ANALYZE" recorded="2023-10-12T11:07:02.446759" machine="DESKTOP-JBJNQ2U" username="Zehra Parlak" initials="ZP" role="ADMIN" signature="a9aace6b6a9cee94117fd2acfff8859226c62dd3026405e73563ede338c66afc"/><audit profile="f50c8ccd45259b05" action="ANALYZE" recorded="2023-10-12T12:34:21.017548" machine="DESKTOP-JBJNQ2U" username="Zehra Parlak" initials="ZP" role="ADMIN" signature="8d8e9cc94649957f1af01908c90369459f0a982a0183f1e52a6c1020a15c132c"/></audits><params recorded="2023-10-12T11:05:30.821898" signature="b4dbe990e67d8becc62f998031d8b281808cb6be77d6e0b3055de15a23657a50"><param name="bioformulation" value="True"/><param name="batch_number" value="MM230816_W4" found="True"/><param name="surfactant" value="0.0" units="mg/mL" input="manual"/><param name="concentration" value="1" units="%w" input="manual"/><param name="surface_tension" value="68.0" units="mN/m" input="manual"/><param name="contact_angle" value="55.0" units="degrees" input="auto"/><param name="density" value="1.0" units="g/cm^3" input="manual"/></params><points recorded="2023-10-12T11:07:02.446759" signature="5fe95dcfecbcaa1682cc5c1194db00bf39b293ae033eb2ff9a0e3c2fff53466e"><point name="0" value="1417"/><point name="1" value="1436"/><point name="2" value="1438"/><point name="3" value="1632"/><point name="4" value="2398"/><point name="5" value="3514"/></points><batch_params recorded="2023-10-12T11:07:02.887965" signature="389ed1c443301048a1224b8f3059dc5b1172519445a9c48763e38c70c32e3c34"><batch_param name="BATCH" value="MM230816_W4" found="True"/><batch_param name="CA_offset" value="-6"/><batch_param name="freq_delta_15MHz" value="400"/><batch_param name="freq_factor_15MHz" value="0.0132"/><batch_param name="diss_factor1_15MHz" value="0.2011e6"/><batch_param name="diss_factor2_15MHz" value="0"/><batch_param name="freq_delta_5MHz" value="51000000"/><batch_param name="freq_factor_5MHz" value="0.0147"/><batch_param name="diss_factor1_5MHz" value="0.2222e6"/><batch_param name="diss_factor2_5MHz" value="1.67"/><batch_param name="distances" value="[1.35, 1.75, 2.22, 2.75, 3.38, 5.15, 10.9, 16.3]"/></batch_params><points recorded="2023-10-12T11:07:02.446759" signature="2939306fa2c65cf11d9a224d9c009e5579ecb652c1eb9b26deda2f21758b7fd3"><point name="0" value="1417"/><point name="1" value="1433"/><point name="2" value="1438"/><point name="3" value="1632"/><point name="4" value="2398"/><point name="5" value="3514"/></points><points recorded="2023-10-12T12:34:21.017548" signature="5b92d364dd746de152678e75b2950a1a345299197a2a0092a934a295b4c7bb92"><point name="0" value="1417"/><point name="1" value="1434"/><point name="2" value="1438"/><point name="3" value="1629"/><point name="4" value="2398"/><point name="5" value="3514"/></points></run_info>